2025-04-27 22:40:22,984 - __main__ - INFO - NLTK initialized successfully
2025-04-27 22:40:22,994 - __main__ - INFO - Loading knowledge base from knowledge_base.json
2025-04-27 22:40:22,997 - __main__ - INFO - Starting PDF Summarization Chatbot
2025-04-27 22:40:23,081 - werkzeug - WARNING -  * Debugger is active!
2025-04-27 22:40:23,085 - werkzeug - INFO -  * Debugger PIN: 321-018-428
2025-04-27 22:41:35,163 - __main__ - INFO - NLTK initialized successfully
2025-04-27 22:41:35,165 - __main__ - INFO - Loading knowledge base from knowledge_base.json
2025-04-27 22:41:35,168 - __main__ - INFO - Starting PDF Summarization Chatbot
2025-04-27 22:41:35,193 - werkzeug - INFO - [31m[1mWARNING: This is a development server. Do not use it in a production deployment. Use a production WSGI server instead.[0m
 * Running on http://127.0.0.1:5000
2025-04-27 22:41:35,194 - werkzeug - INFO - [33mPress CTRL+C to quit[0m
2025-04-27 22:41:35,203 - werkzeug - INFO -  * Restarting with watchdog (windowsapi)
2025-04-27 22:41:38,137 - __main__ - INFO - NLTK initialized successfully
2025-04-27 22:41:38,139 - __main__ - INFO - Loading knowledge base from knowledge_base.json
2025-04-27 22:41:38,140 - __main__ - INFO - Starting PDF Summarization Chatbot
2025-04-27 22:41:38,149 - werkzeug - WARNING -  * Debugger is active!
2025-04-27 22:41:38,153 - werkzeug - INFO -  * Debugger PIN: 321-018-428
2025-04-27 22:41:48,553 - werkzeug - INFO - 127.0.0.1 - - [27/Apr/2025 22:41:48] "GET / HTTP/1.1" 200 -
2025-04-27 22:41:57,278 - werkzeug - INFO - 127.0.0.1 - - [27/Apr/2025 22:41:57] "GET / HTTP/1.1" 200 -
2025-04-27 22:41:59,712 - werkzeug - INFO - 127.0.0.1 - - [27/Apr/2025 22:41:59] "GET / HTTP/1.1" 200 -
2025-04-27 22:42:00,595 - werkzeug - INFO - 127.0.0.1 - - [27/Apr/2025 22:42:00] "GET / HTTP/1.1" 200 -
2025-04-27 22:42:11,474 - werkzeug - INFO - 127.0.0.1 - - [27/Apr/2025 22:42:11] "GET / HTTP/1.1" 200 -
2025-04-27 22:46:45,848 - __main__ - INFO - NLTK initialized successfully
2025-04-27 22:46:45,850 - __main__ - INFO - Loading knowledge base from knowledge_base.json
2025-04-27 22:46:45,851 - __main__ - INFO - Starting PDF Summarization Chatbot
2025-04-27 22:46:45,872 - werkzeug - INFO - [31m[1mWARNING: This is a development server. Do not use it in a production deployment. Use a production WSGI server instead.[0m
 * Running on http://127.0.0.1:5000
2025-04-27 22:46:45,872 - werkzeug - INFO - [33mPress CTRL+C to quit[0m
2025-04-27 22:46:45,881 - werkzeug - INFO -  * Restarting with watchdog (windowsapi)
2025-04-27 22:46:48,818 - __main__ - INFO - NLTK initialized successfully
2025-04-27 22:46:48,820 - __main__ - INFO - Loading knowledge base from knowledge_base.json
2025-04-27 22:46:48,822 - __main__ - INFO - Starting PDF Summarization Chatbot
2025-04-27 22:46:48,831 - werkzeug - WARNING -  * Debugger is active!
2025-04-27 22:46:48,835 - werkzeug - INFO -  * Debugger PIN: 321-018-428
2025-04-27 22:46:52,514 - werkzeug - INFO - 127.0.0.1 - - [27/Apr/2025 22:46:52] "GET / HTTP/1.1" 200 -
2025-04-27 22:47:14,728 - __main__ - INFO - Received file upload request
2025-04-27 22:47:14,730 - __main__ - INFO - Processing file: market stores report on Juaben Serwaa Store (3).pdf
2025-04-27 22:47:14,754 - __main__ - INFO - Beginning PDF extraction
2025-04-27 22:47:14,758 - __main__ - INFO - PDF has 5 pages
2025-04-27 22:47:14,758 - __main__ - DEBUG - Processing page 1/5
2025-04-27 22:47:14,780 - __main__ - DEBUG - Processing page 2/5
2025-04-27 22:47:14,804 - __main__ - DEBUG - Processing page 3/5
2025-04-27 22:47:14,822 - __main__ - DEBUG - Processing page 4/5
2025-04-27 22:47:14,844 - __main__ - DEBUG - Processing page 5/5
2025-04-27 22:47:14,864 - __main__ - INFO - Successfully extracted 10113 characters from PDF
2025-04-27 22:47:14,865 - __main__ - INFO - Requested summary length: 27 sentences
2025-04-27 22:47:14,865 - __main__ - INFO - Attempting primary summarization method
2025-04-27 22:47:14,865 - __main__ - INFO - Generating summary with target length of 27 sentences
2025-04-27 22:47:14,869 - __main__ - WARNING - NLTK sentence tokenization failed: 
**********************************************************************
  Resource [93mpunkt_tab[0m not found.
  Please use the NLTK Downloader to obtain the resource:

  [31m>>> import nltk
  >>> nltk.download('punkt_tab')
  [0m
  For more information see: https://www.nltk.org/data.html

  Attempted to load [93mtokenizers/punkt_tab/english/[0m

  Searched in:
    - 'C:\\Users\\Dickson/nltk_data'
    - 'C:\\Program Files\\WindowsApps\\PythonSoftwareFoundation.Python.3.13_3.13.1008.0_x64__qbz5n2kfra8p0\\nltk_data'
    - 'C:\\Program Files\\WindowsApps\\PythonSoftwareFoundation.Python.3.13_3.13.1008.0_x64__qbz5n2kfra8p0\\share\\nltk_data'
    - 'C:\\Program Files\\WindowsApps\\PythonSoftwareFoundation.Python.3.13_3.13.1008.0_x64__qbz5n2kfra8p0\\lib\\nltk_data'
    - 'C:\\Users\\Dickson\\AppData\\Roaming\\nltk_data'
    - 'C:\\nltk_data'
    - 'D:\\nltk_data'
    - 'E:\\nltk_data'
**********************************************************************

2025-04-27 22:47:14,870 - __main__ - INFO - Regex tokenization found 42 sentences
2025-04-27 22:47:14,870 - __main__ - INFO - Text split into 42 sentences
2025-04-27 22:47:14,872 - __main__ - ERROR - Error calculating term frequency: 
**********************************************************************
  Resource [93mpunkt_tab[0m not found.
  Please use the NLTK Downloader to obtain the resource:

  [31m>>> import nltk
  >>> nltk.download('punkt_tab')
  [0m
  For more information see: https://www.nltk.org/data.html

  Attempted to load [93mtokenizers/punkt_tab/english/[0m

  Searched in:
    - 'C:\\Users\\Dickson/nltk_data'
    - 'C:\\Program Files\\WindowsApps\\PythonSoftwareFoundation.Python.3.13_3.13.1008.0_x64__qbz5n2kfra8p0\\nltk_data'
    - 'C:\\Program Files\\WindowsApps\\PythonSoftwareFoundation.Python.3.13_3.13.1008.0_x64__qbz5n2kfra8p0\\share\\nltk_data'
    - 'C:\\Program Files\\WindowsApps\\PythonSoftwareFoundation.Python.3.13_3.13.1008.0_x64__qbz5n2kfra8p0\\lib\\nltk_data'
    - 'C:\\Users\\Dickson\\AppData\\Roaming\\nltk_data'
    - 'C:\\nltk_data'
    - 'D:\\nltk_data'
    - 'E:\\nltk_data'
**********************************************************************

2025-04-27 22:47:14,874 - __main__ - DEBUG - Calculated frequencies for 475 unique words
2025-04-27 22:47:14,877 - __main__ - ERROR - Error calculating TF-IDF scores: 
**********************************************************************
  Resource [93mpunkt_tab[0m not found.
  Please use the NLTK Downloader to obtain the resource:

  [31m>>> import nltk
  >>> nltk.download('punkt_tab')
  [0m
  For more information see: https://www.nltk.org/data.html

  Attempted to load [93mtokenizers/punkt_tab/english/[0m

  Searched in:
    - 'C:\\Users\\Dickson/nltk_data'
    - 'C:\\Program Files\\WindowsApps\\PythonSoftwareFoundation.Python.3.13_3.13.1008.0_x64__qbz5n2kfra8p0\\nltk_data'
    - 'C:\\Program Files\\WindowsApps\\PythonSoftwareFoundation.Python.3.13_3.13.1008.0_x64__qbz5n2kfra8p0\\share\\nltk_data'
    - 'C:\\Program Files\\WindowsApps\\PythonSoftwareFoundation.Python.3.13_3.13.1008.0_x64__qbz5n2kfra8p0\\lib\\nltk_data'
    - 'C:\\Users\\Dickson\\AppData\\Roaming\\nltk_data'
    - 'C:\\nltk_data'
    - 'D:\\nltk_data'
    - 'E:\\nltk_data'
**********************************************************************

2025-04-27 22:47:14,878 - __main__ - INFO - Generated summary of 4970 characters from 9529 input characters
2025-04-27 22:47:14,878 - __main__ - INFO - Primary summarization succeeded
2025-04-27 22:47:14,880 - __main__ - DEBUG - Removed temporary file: uploads\market_stores_report_on_Juaben_Serwaa_Store_3.pdf
2025-04-27 22:47:14,881 - werkzeug - INFO - 127.0.0.1 - - [27/Apr/2025 22:47:14] "POST /upload HTTP/1.1" 200 -
2025-04-27 22:49:35,934 - __main__ - INFO - Received file upload request
2025-04-27 22:49:35,936 - __main__ - INFO - Processing file: market stores report on Juaben Serwaa Store (3).pdf
2025-04-27 22:49:35,952 - __main__ - INFO - Beginning PDF extraction
2025-04-27 22:49:35,955 - __main__ - INFO - PDF has 5 pages
2025-04-27 22:49:35,955 - __main__ - DEBUG - Processing page 1/5
2025-04-27 22:49:35,977 - __main__ - DEBUG - Processing page 2/5
2025-04-27 22:49:36,003 - __main__ - DEBUG - Processing page 3/5
2025-04-27 22:49:36,022 - __main__ - DEBUG - Processing page 4/5
2025-04-27 22:49:36,043 - __main__ - DEBUG - Processing page 5/5
2025-04-27 22:49:36,065 - __main__ - INFO - Successfully extracted 10113 characters from PDF
2025-04-27 22:49:36,065 - __main__ - INFO - Requested summary length: 30 sentences
2025-04-27 22:49:36,066 - __main__ - INFO - Attempting primary summarization method
2025-04-27 22:49:36,066 - __main__ - INFO - Generating summary with target length of 30 sentences
2025-04-27 22:49:36,070 - __main__ - WARNING - NLTK sentence tokenization failed: 
**********************************************************************
  Resource [93mpunkt_tab[0m not found.
  Please use the NLTK Downloader to obtain the resource:

  [31m>>> import nltk
  >>> nltk.download('punkt_tab')
  [0m
  For more information see: https://www.nltk.org/data.html

  Attempted to load [93mtokenizers/punkt_tab/english/[0m

  Searched in:
    - 'C:\\Users\\Dickson/nltk_data'
    - 'C:\\Program Files\\WindowsApps\\PythonSoftwareFoundation.Python.3.13_3.13.1008.0_x64__qbz5n2kfra8p0\\nltk_data'
    - 'C:\\Program Files\\WindowsApps\\PythonSoftwareFoundation.Python.3.13_3.13.1008.0_x64__qbz5n2kfra8p0\\share\\nltk_data'
    - 'C:\\Program Files\\WindowsApps\\PythonSoftwareFoundation.Python.3.13_3.13.1008.0_x64__qbz5n2kfra8p0\\lib\\nltk_data'
    - 'C:\\Users\\Dickson\\AppData\\Roaming\\nltk_data'
    - 'C:\\nltk_data'
    - 'D:\\nltk_data'
    - 'E:\\nltk_data'
**********************************************************************

2025-04-27 22:49:36,070 - __main__ - INFO - Regex tokenization found 42 sentences
2025-04-27 22:49:36,071 - __main__ - INFO - Text split into 42 sentences
2025-04-27 22:49:36,074 - __main__ - ERROR - Error calculating term frequency: 
**********************************************************************
  Resource [93mpunkt_tab[0m not found.
  Please use the NLTK Downloader to obtain the resource:

  [31m>>> import nltk
  >>> nltk.download('punkt_tab')
  [0m
  For more information see: https://www.nltk.org/data.html

  Attempted to load [93mtokenizers/punkt_tab/english/[0m

  Searched in:
    - 'C:\\Users\\Dickson/nltk_data'
    - 'C:\\Program Files\\WindowsApps\\PythonSoftwareFoundation.Python.3.13_3.13.1008.0_x64__qbz5n2kfra8p0\\nltk_data'
    - 'C:\\Program Files\\WindowsApps\\PythonSoftwareFoundation.Python.3.13_3.13.1008.0_x64__qbz5n2kfra8p0\\share\\nltk_data'
    - 'C:\\Program Files\\WindowsApps\\PythonSoftwareFoundation.Python.3.13_3.13.1008.0_x64__qbz5n2kfra8p0\\lib\\nltk_data'
    - 'C:\\Users\\Dickson\\AppData\\Roaming\\nltk_data'
    - 'C:\\nltk_data'
    - 'D:\\nltk_data'
    - 'E:\\nltk_data'
**********************************************************************

2025-04-27 22:49:36,075 - __main__ - DEBUG - Calculated frequencies for 475 unique words
2025-04-27 22:49:36,078 - __main__ - ERROR - Error calculating TF-IDF scores: 
**********************************************************************
  Resource [93mpunkt_tab[0m not found.
  Please use the NLTK Downloader to obtain the resource:

  [31m>>> import nltk
  >>> nltk.download('punkt_tab')
  [0m
  For more information see: https://www.nltk.org/data.html

  Attempted to load [93mtokenizers/punkt_tab/english/[0m

  Searched in:
    - 'C:\\Users\\Dickson/nltk_data'
    - 'C:\\Program Files\\WindowsApps\\PythonSoftwareFoundation.Python.3.13_3.13.1008.0_x64__qbz5n2kfra8p0\\nltk_data'
    - 'C:\\Program Files\\WindowsApps\\PythonSoftwareFoundation.Python.3.13_3.13.1008.0_x64__qbz5n2kfra8p0\\share\\nltk_data'
    - 'C:\\Program Files\\WindowsApps\\PythonSoftwareFoundation.Python.3.13_3.13.1008.0_x64__qbz5n2kfra8p0\\lib\\nltk_data'
    - 'C:\\Users\\Dickson\\AppData\\Roaming\\nltk_data'
    - 'C:\\nltk_data'
    - 'D:\\nltk_data'
    - 'E:\\nltk_data'
**********************************************************************

2025-04-27 22:49:36,079 - __main__ - INFO - Generated summary of 6234 characters from 9529 input characters
2025-04-27 22:49:36,079 - __main__ - INFO - Primary summarization succeeded
2025-04-27 22:49:36,080 - __main__ - DEBUG - Removed temporary file: uploads\market_stores_report_on_Juaben_Serwaa_Store_3.pdf
2025-04-27 22:49:36,081 - werkzeug - INFO - 127.0.0.1 - - [27/Apr/2025 22:49:36] "POST /upload HTTP/1.1" 200 -
2025-04-27 22:50:19,900 - __main__ - INFO - Received file upload request
2025-04-27 22:50:19,944 - __main__ - INFO - Processing file: [Robert_S._Witte,_John_S._Witte]_Statistics(z-lib.org).pdf
2025-04-27 22:50:20,055 - __main__ - INFO - Beginning PDF extraction
2025-04-27 22:50:20,125 - __main__ - INFO - PDF has 501 pages
2025-04-27 22:50:20,125 - __main__ - DEBUG - Processing page 1/501
2025-04-27 22:50:20,127 - __main__ - WARNING - No text extracted from page 1
2025-04-27 22:50:20,127 - __main__ - DEBUG - Processing page 2/501
2025-04-27 22:50:20,148 - __main__ - DEBUG - Processing page 3/501
2025-04-27 22:50:20,174 - __main__ - DEBUG - Processing page 4/501
2025-04-27 22:50:20,200 - __main__ - DEBUG - Processing page 5/501
2025-04-27 22:50:20,218 - __main__ - DEBUG - Processing page 6/501
2025-04-27 22:50:20,239 - __main__ - DEBUG - Processing page 7/501
2025-04-27 22:50:20,266 - __main__ - DEBUG - Processing page 8/501
2025-04-27 22:50:20,288 - __main__ - DEBUG - Processing page 9/501
2025-04-27 22:50:20,312 - __main__ - DEBUG - Processing page 10/501
2025-04-27 22:50:20,338 - __main__ - DEBUG - Processing page 11/501
2025-04-27 22:50:20,361 - __main__ - DEBUG - Processing page 12/501
2025-04-27 22:50:20,393 - __main__ - DEBUG - Processing page 13/501
2025-04-27 22:50:20,418 - __main__ - DEBUG - Processing page 14/501
2025-04-27 22:50:20,442 - __main__ - DEBUG - Processing page 15/501
2025-04-27 22:50:20,468 - __main__ - DEBUG - Processing page 16/501
2025-04-27 22:50:20,490 - __main__ - DEBUG - Processing page 17/501
2025-04-27 22:50:20,509 - __main__ - DEBUG - Processing page 18/501
2025-04-27 22:50:20,526 - __main__ - DEBUG - Processing page 19/501
2025-04-27 22:50:20,548 - __main__ - DEBUG - Processing page 20/501
2025-04-27 22:50:20,575 - __main__ - DEBUG - Processing page 21/501
2025-04-27 22:50:20,603 - __main__ - DEBUG - Processing page 22/501
2025-04-27 22:50:20,632 - __main__ - DEBUG - Processing page 23/501
2025-04-27 22:50:20,656 - __main__ - DEBUG - Processing page 24/501
2025-04-27 22:50:20,687 - __main__ - DEBUG - Processing page 25/501
2025-04-27 22:50:20,737 - __main__ - DEBUG - Processing page 26/501
2025-04-27 22:50:20,764 - __main__ - DEBUG - Processing page 27/501
2025-04-27 22:50:20,787 - __main__ - DEBUG - Processing page 28/501
2025-04-27 22:50:20,811 - __main__ - DEBUG - Processing page 29/501
2025-04-27 22:50:20,839 - __main__ - DEBUG - Processing page 30/501
2025-04-27 22:50:20,865 - __main__ - DEBUG - Processing page 31/501
2025-04-27 22:50:20,891 - __main__ - DEBUG - Processing page 32/501
2025-04-27 22:50:20,919 - __main__ - DEBUG - Processing page 33/501
2025-04-27 22:50:20,948 - __main__ - DEBUG - Processing page 34/501
2025-04-27 22:50:20,973 - __main__ - DEBUG - Processing page 35/501
2025-04-27 22:50:20,999 - __main__ - DEBUG - Processing page 36/501
2025-04-27 22:50:21,025 - __main__ - DEBUG - Processing page 37/501
2025-04-27 22:50:21,050 - __main__ - DEBUG - Processing page 38/501
2025-04-27 22:50:21,067 - __main__ - DEBUG - Processing page 39/501
2025-04-27 22:50:21,091 - __main__ - DEBUG - Processing page 40/501
2025-04-27 22:50:21,165 - __main__ - DEBUG - Processing page 41/501
2025-04-27 22:50:21,199 - __main__ - DEBUG - Processing page 42/501
2025-04-27 22:50:21,231 - __main__ - DEBUG - Processing page 43/501
2025-04-27 22:50:21,260 - __main__ - DEBUG - Processing page 44/501
2025-04-27 22:50:21,294 - __main__ - DEBUG - Processing page 45/501
2025-04-27 22:50:21,335 - __main__ - DEBUG - Processing page 46/501
2025-04-27 22:50:21,361 - __main__ - DEBUG - Processing page 47/501
2025-04-27 22:50:21,388 - __main__ - DEBUG - Processing page 48/501
2025-04-27 22:50:21,421 - __main__ - DEBUG - Processing page 49/501
2025-04-27 22:50:21,450 - __main__ - DEBUG - Processing page 50/501
2025-04-27 22:50:21,477 - __main__ - DEBUG - Processing page 51/501
2025-04-27 22:50:21,504 - __main__ - DEBUG - Processing page 52/501
2025-04-27 22:50:21,531 - __main__ - DEBUG - Processing page 53/501
2025-04-27 22:50:21,571 - __main__ - DEBUG - Processing page 54/501
2025-04-27 22:50:21,600 - __main__ - DEBUG - Processing page 55/501
2025-04-27 22:50:21,624 - __main__ - DEBUG - Processing page 56/501
2025-04-27 22:50:21,651 - __main__ - DEBUG - Processing page 57/501
2025-04-27 22:50:21,679 - __main__ - DEBUG - Processing page 58/501
2025-04-27 22:50:21,704 - __main__ - DEBUG - Processing page 59/501
2025-04-27 22:50:21,739 - __main__ - DEBUG - Processing page 60/501
2025-04-27 22:50:21,763 - __main__ - DEBUG - Processing page 61/501
2025-04-27 22:50:21,788 - __main__ - DEBUG - Processing page 62/501
2025-04-27 22:50:21,817 - __main__ - DEBUG - Processing page 63/501
2025-04-27 22:50:21,847 - __main__ - DEBUG - Processing page 64/501
2025-04-27 22:50:21,874 - __main__ - DEBUG - Processing page 65/501
2025-04-27 22:50:21,896 - __main__ - DEBUG - Processing page 66/501
2025-04-27 22:50:21,926 - __main__ - DEBUG - Processing page 67/501
2025-04-27 22:50:21,956 - __main__ - DEBUG - Processing page 68/501
2025-04-27 22:50:21,986 - __main__ - DEBUG - Processing page 69/501
2025-04-27 22:50:22,016 - __main__ - DEBUG - Processing page 70/501
2025-04-27 22:50:22,044 - __main__ - DEBUG - Processing page 71/501
2025-04-27 22:50:22,071 - __main__ - DEBUG - Processing page 72/501
2025-04-27 22:50:22,094 - __main__ - DEBUG - Processing page 73/501
2025-04-27 22:50:22,119 - __main__ - DEBUG - Processing page 74/501
2025-04-27 22:50:22,144 - __main__ - DEBUG - Processing page 75/501
2025-04-27 22:50:22,168 - __main__ - DEBUG - Processing page 76/501
2025-04-27 22:50:22,192 - __main__ - DEBUG - Processing page 77/501
2025-04-27 22:50:22,213 - __main__ - DEBUG - Processing page 78/501
2025-04-27 22:50:22,234 - __main__ - DEBUG - Processing page 79/501
2025-04-27 22:50:22,264 - __main__ - DEBUG - Processing page 80/501
2025-04-27 22:50:22,295 - __main__ - DEBUG - Processing page 81/501
2025-04-27 22:50:22,322 - __main__ - DEBUG - Processing page 82/501
2025-04-27 22:50:22,345 - __main__ - DEBUG - Processing page 83/501
2025-04-27 22:50:22,376 - __main__ - DEBUG - Processing page 84/501
2025-04-27 22:50:22,406 - __main__ - DEBUG - Processing page 85/501
2025-04-27 22:50:22,434 - __main__ - DEBUG - Processing page 86/501
2025-04-27 22:50:22,464 - __main__ - DEBUG - Processing page 87/501
2025-04-27 22:50:22,499 - __main__ - DEBUG - Processing page 88/501
2025-04-27 22:50:22,538 - __main__ - DEBUG - Processing page 89/501
2025-04-27 22:50:22,617 - __main__ - DEBUG - Processing page 90/501
2025-04-27 22:50:22,651 - __main__ - DEBUG - Processing page 91/501
2025-04-27 22:50:22,690 - __main__ - DEBUG - Processing page 92/501
2025-04-27 22:50:22,728 - __main__ - DEBUG - Processing page 93/501
2025-04-27 22:50:22,758 - __main__ - DEBUG - Processing page 94/501
2025-04-27 22:50:22,789 - __main__ - DEBUG - Processing page 95/501
2025-04-27 22:50:22,817 - __main__ - DEBUG - Processing page 96/501
2025-04-27 22:50:22,842 - __main__ - DEBUG - Processing page 97/501
2025-04-27 22:50:22,872 - __main__ - DEBUG - Processing page 98/501
2025-04-27 22:50:22,898 - __main__ - DEBUG - Processing page 99/501
2025-04-27 22:50:22,920 - __main__ - DEBUG - Processing page 100/501
2025-04-27 22:50:22,941 - __main__ - DEBUG - Processing page 101/501
2025-04-27 22:50:22,968 - __main__ - DEBUG - Processing page 102/501
2025-04-27 22:50:22,999 - __main__ - DEBUG - Processing page 103/501
2025-04-27 22:50:23,094 - __main__ - DEBUG - Processing page 104/501
2025-04-27 22:50:23,194 - __main__ - DEBUG - Processing page 105/501
2025-04-27 22:50:23,244 - __main__ - DEBUG - Processing page 106/501
2025-04-27 22:50:23,274 - __main__ - DEBUG - Processing page 107/501
2025-04-27 22:50:23,314 - __main__ - DEBUG - Processing page 108/501
2025-04-27 22:50:23,349 - __main__ - DEBUG - Processing page 109/501
2025-04-27 22:50:23,385 - __main__ - DEBUG - Processing page 110/501
2025-04-27 22:50:23,438 - __main__ - DEBUG - Processing page 111/501
2025-04-27 22:50:23,486 - __main__ - DEBUG - Processing page 112/501
2025-04-27 22:50:23,524 - __main__ - DEBUG - Processing page 113/501
2025-04-27 22:50:23,568 - __main__ - DEBUG - Processing page 114/501
2025-04-27 22:50:23,600 - __main__ - DEBUG - Processing page 115/501
2025-04-27 22:50:23,633 - __main__ - DEBUG - Processing page 116/501
2025-04-27 22:50:23,659 - __main__ - DEBUG - Processing page 117/501
2025-04-27 22:50:23,700 - __main__ - DEBUG - Processing page 118/501
2025-04-27 22:50:23,736 - __main__ - DEBUG - Processing page 119/501
2025-04-27 22:50:23,770 - __main__ - DEBUG - Processing page 120/501
2025-04-27 22:50:23,800 - __main__ - DEBUG - Processing page 121/501
2025-04-27 22:50:23,834 - __main__ - DEBUG - Processing page 122/501
2025-04-27 22:50:23,861 - __main__ - DEBUG - Processing page 123/501
2025-04-27 22:50:23,887 - __main__ - DEBUG - Processing page 124/501
2025-04-27 22:50:23,911 - __main__ - DEBUG - Processing page 125/501
2025-04-27 22:50:23,934 - __main__ - DEBUG - Processing page 126/501
2025-04-27 22:50:23,962 - __main__ - DEBUG - Processing page 127/501
2025-04-27 22:50:23,993 - __main__ - DEBUG - Processing page 128/501
2025-04-27 22:50:24,031 - __main__ - DEBUG - Processing page 129/501
2025-04-27 22:50:24,138 - __main__ - DEBUG - Processing page 130/501
2025-04-27 22:50:24,242 - __main__ - DEBUG - Processing page 131/501
2025-04-27 22:50:24,273 - __main__ - DEBUG - Processing page 132/501
2025-04-27 22:50:24,303 - __main__ - DEBUG - Processing page 133/501
2025-04-27 22:50:24,341 - __main__ - DEBUG - Processing page 134/501
2025-04-27 22:50:24,372 - __main__ - DEBUG - Processing page 135/501
2025-04-27 22:50:24,414 - __main__ - DEBUG - Processing page 136/501
2025-04-27 22:50:24,452 - __main__ - DEBUG - Processing page 137/501
2025-04-27 22:50:24,483 - __main__ - DEBUG - Processing page 138/501
2025-04-27 22:50:24,518 - __main__ - DEBUG - Processing page 139/501
2025-04-27 22:50:24,569 - __main__ - DEBUG - Processing page 140/501
2025-04-27 22:50:24,613 - __main__ - DEBUG - Processing page 141/501
2025-04-27 22:50:24,641 - __main__ - DEBUG - Processing page 142/501
2025-04-27 22:50:24,671 - __main__ - DEBUG - Processing page 143/501
2025-04-27 22:50:24,700 - __main__ - DEBUG - Processing page 144/501
2025-04-27 22:50:24,723 - __main__ - DEBUG - Processing page 145/501
2025-04-27 22:50:24,754 - __main__ - DEBUG - Processing page 146/501
2025-04-27 22:50:24,784 - __main__ - DEBUG - Processing page 147/501
2025-04-27 22:50:24,818 - __main__ - DEBUG - Processing page 148/501
2025-04-27 22:50:24,847 - __main__ - DEBUG - Processing page 149/501
2025-04-27 22:50:24,882 - __main__ - DEBUG - Processing page 150/501
2025-04-27 22:50:24,916 - __main__ - DEBUG - Processing page 151/501
2025-04-27 22:50:24,954 - __main__ - DEBUG - Processing page 152/501
2025-04-27 22:50:24,992 - __main__ - DEBUG - Processing page 153/501
2025-04-27 22:50:25,022 - __main__ - DEBUG - Processing page 154/501
2025-04-27 22:50:25,083 - __main__ - DEBUG - Processing page 155/501
2025-04-27 22:50:25,118 - __main__ - DEBUG - Processing page 156/501
2025-04-27 22:50:25,153 - __main__ - DEBUG - Processing page 157/501
2025-04-27 22:50:25,188 - __main__ - DEBUG - Processing page 158/501
2025-04-27 22:50:25,217 - __main__ - DEBUG - Processing page 159/501
2025-04-27 22:50:25,249 - __main__ - DEBUG - Processing page 160/501
2025-04-27 22:50:25,279 - __main__ - DEBUG - Processing page 161/501
2025-04-27 22:50:25,309 - __main__ - DEBUG - Processing page 162/501
2025-04-27 22:50:25,342 - __main__ - DEBUG - Processing page 163/501
2025-04-27 22:50:25,386 - __main__ - DEBUG - Processing page 164/501
2025-04-27 22:50:25,409 - __main__ - DEBUG - Processing page 165/501
2025-04-27 22:50:25,452 - __main__ - DEBUG - Processing page 166/501
2025-04-27 22:50:25,479 - __main__ - DEBUG - Processing page 167/501
2025-04-27 22:50:25,508 - __main__ - DEBUG - Processing page 168/501
2025-04-27 22:50:25,534 - __main__ - DEBUG - Processing page 169/501
2025-04-27 22:50:25,563 - __main__ - DEBUG - Processing page 170/501
2025-04-27 22:50:25,590 - __main__ - DEBUG - Processing page 171/501
2025-04-27 22:50:25,617 - __main__ - DEBUG - Processing page 172/501
2025-04-27 22:50:25,644 - __main__ - DEBUG - Processing page 173/501
2025-04-27 22:50:25,675 - __main__ - DEBUG - Processing page 174/501
2025-04-27 22:50:25,704 - __main__ - DEBUG - Processing page 175/501
2025-04-27 22:50:25,781 - __main__ - DEBUG - Processing page 176/501
2025-04-27 22:50:25,809 - __main__ - DEBUG - Processing page 177/501
2025-04-27 22:50:25,838 - __main__ - DEBUG - Processing page 178/501
2025-04-27 22:50:25,864 - __main__ - DEBUG - Processing page 179/501
2025-04-27 22:50:25,888 - __main__ - DEBUG - Processing page 180/501
2025-04-27 22:50:25,918 - __main__ - DEBUG - Processing page 181/501
2025-04-27 22:50:25,941 - __main__ - DEBUG - Processing page 182/501
2025-04-27 22:50:25,966 - __main__ - DEBUG - Processing page 183/501
2025-04-27 22:50:25,994 - __main__ - DEBUG - Processing page 184/501
2025-04-27 22:50:26,024 - __main__ - DEBUG - Processing page 185/501
2025-04-27 22:50:26,044 - __main__ - DEBUG - Processing page 186/501
2025-04-27 22:50:26,064 - __main__ - DEBUG - Processing page 187/501
2025-04-27 22:50:26,087 - __main__ - DEBUG - Processing page 188/501
2025-04-27 22:50:26,109 - __main__ - DEBUG - Processing page 189/501
2025-04-27 22:50:26,137 - __main__ - DEBUG - Processing page 190/501
2025-04-27 22:50:26,170 - __main__ - DEBUG - Processing page 191/501
2025-04-27 22:50:26,199 - __main__ - DEBUG - Processing page 192/501
2025-04-27 22:50:26,229 - __main__ - DEBUG - Processing page 193/501
2025-04-27 22:50:26,259 - __main__ - DEBUG - Processing page 194/501
2025-04-27 22:50:26,286 - __main__ - DEBUG - Processing page 195/501
2025-04-27 22:50:26,309 - __main__ - DEBUG - Processing page 196/501
2025-04-27 22:50:26,332 - __main__ - DEBUG - Processing page 197/501
2025-04-27 22:50:26,361 - __main__ - DEBUG - Processing page 198/501
2025-04-27 22:50:26,384 - __main__ - DEBUG - Processing page 199/501
2025-04-27 22:50:26,403 - __main__ - DEBUG - Processing page 200/501
2025-04-27 22:50:26,428 - __main__ - DEBUG - Processing page 201/501
2025-04-27 22:50:26,460 - __main__ - DEBUG - Processing page 202/501
2025-04-27 22:50:26,486 - __main__ - DEBUG - Processing page 203/501
2025-04-27 22:50:26,513 - __main__ - DEBUG - Processing page 204/501
2025-04-27 22:50:26,549 - __main__ - DEBUG - Processing page 205/501
2025-04-27 22:50:26,577 - __main__ - DEBUG - Processing page 206/501
2025-04-27 22:50:26,609 - __main__ - DEBUG - Processing page 207/501
2025-04-27 22:50:26,642 - __main__ - DEBUG - Processing page 208/501
2025-04-27 22:50:26,674 - __main__ - DEBUG - Processing page 209/501
2025-04-27 22:50:26,696 - __main__ - DEBUG - Processing page 210/501
2025-04-27 22:50:26,727 - __main__ - DEBUG - Processing page 211/501
2025-04-27 22:50:26,756 - __main__ - DEBUG - Processing page 212/501
2025-04-27 22:50:26,777 - __main__ - DEBUG - Processing page 213/501
2025-04-27 22:50:26,799 - __main__ - DEBUG - Processing page 214/501
2025-04-27 22:50:26,825 - __main__ - DEBUG - Processing page 215/501
2025-04-27 22:50:26,853 - __main__ - DEBUG - Processing page 216/501
2025-04-27 22:50:26,876 - __main__ - DEBUG - Processing page 217/501
2025-04-27 22:50:26,904 - __main__ - DEBUG - Processing page 218/501
2025-04-27 22:50:26,958 - __main__ - DEBUG - Processing page 219/501
2025-04-27 22:50:26,994 - __main__ - DEBUG - Processing page 220/501
2025-04-27 22:50:27,024 - __main__ - DEBUG - Processing page 221/501
2025-04-27 22:50:27,054 - __main__ - DEBUG - Processing page 222/501
2025-04-27 22:50:27,080 - __main__ - DEBUG - Processing page 223/501
2025-04-27 22:50:27,118 - __main__ - DEBUG - Processing page 224/501
2025-04-27 22:50:27,147 - __main__ - DEBUG - Processing page 225/501
2025-04-27 22:50:27,174 - __main__ - DEBUG - Processing page 226/501
2025-04-27 22:50:27,249 - __main__ - DEBUG - Processing page 227/501
2025-04-27 22:50:27,274 - __main__ - DEBUG - Processing page 228/501
2025-04-27 22:50:27,300 - __main__ - DEBUG - Processing page 229/501
2025-04-27 22:50:27,328 - __main__ - DEBUG - Processing page 230/501
2025-04-27 22:50:27,356 - __main__ - DEBUG - Processing page 231/501
2025-04-27 22:50:27,382 - __main__ - DEBUG - Processing page 232/501
2025-04-27 22:50:27,409 - __main__ - DEBUG - Processing page 233/501
2025-04-27 22:50:27,433 - __main__ - DEBUG - Processing page 234/501
2025-04-27 22:50:27,460 - __main__ - DEBUG - Processing page 235/501
2025-04-27 22:50:27,487 - __main__ - DEBUG - Processing page 236/501
2025-04-27 22:50:27,512 - __main__ - DEBUG - Processing page 237/501
2025-04-27 22:50:27,536 - __main__ - DEBUG - Processing page 238/501
2025-04-27 22:50:27,556 - __main__ - DEBUG - Processing page 239/501
2025-04-27 22:50:27,575 - __main__ - DEBUG - Processing page 240/501
2025-04-27 22:50:27,602 - __main__ - DEBUG - Processing page 241/501
2025-04-27 22:50:27,663 - __main__ - DEBUG - Processing page 242/501
2025-04-27 22:50:27,696 - __main__ - DEBUG - Processing page 243/501
2025-04-27 22:50:27,724 - __main__ - DEBUG - Processing page 244/501
2025-04-27 22:50:27,753 - __main__ - DEBUG - Processing page 245/501
2025-04-27 22:50:27,775 - __main__ - DEBUG - Processing page 246/501
2025-04-27 22:50:27,799 - __main__ - DEBUG - Processing page 247/501
2025-04-27 22:50:27,824 - __main__ - DEBUG - Processing page 248/501
2025-04-27 22:50:27,850 - __main__ - DEBUG - Processing page 249/501
2025-04-27 22:50:27,875 - __main__ - DEBUG - Processing page 250/501
2025-04-27 22:50:27,895 - __main__ - DEBUG - Processing page 251/501
2025-04-27 22:50:27,919 - __main__ - DEBUG - Processing page 252/501
2025-04-27 22:50:27,946 - __main__ - DEBUG - Processing page 253/501
2025-04-27 22:50:27,979 - __main__ - DEBUG - Processing page 254/501
2025-04-27 22:50:28,009 - __main__ - DEBUG - Processing page 255/501
2025-04-27 22:50:28,077 - __main__ - DEBUG - Processing page 256/501
2025-04-27 22:50:28,107 - __main__ - DEBUG - Processing page 257/501
2025-04-27 22:50:28,161 - __main__ - DEBUG - Processing page 258/501
2025-04-27 22:50:28,206 - __main__ - DEBUG - Processing page 259/501
2025-04-27 22:50:28,236 - __main__ - DEBUG - Processing page 260/501
2025-04-27 22:50:28,265 - __main__ - DEBUG - Processing page 261/501
2025-04-27 22:50:28,291 - __main__ - DEBUG - Processing page 262/501
2025-04-27 22:50:28,320 - __main__ - DEBUG - Processing page 263/501
2025-04-27 22:50:28,343 - __main__ - DEBUG - Processing page 264/501
2025-04-27 22:50:28,371 - __main__ - DEBUG - Processing page 265/501
2025-04-27 22:50:28,398 - __main__ - DEBUG - Processing page 266/501
2025-04-27 22:50:28,426 - __main__ - DEBUG - Processing page 267/501
2025-04-27 22:50:28,464 - __main__ - DEBUG - Processing page 268/501
2025-04-27 22:50:28,513 - __main__ - DEBUG - Processing page 269/501
2025-04-27 22:50:28,559 - __main__ - DEBUG - Processing page 270/501
2025-04-27 22:50:28,593 - __main__ - DEBUG - Processing page 271/501
2025-04-27 22:50:28,633 - __main__ - DEBUG - Processing page 272/501
2025-04-27 22:50:28,726 - __main__ - DEBUG - Processing page 273/501
2025-04-27 22:50:28,759 - __main__ - DEBUG - Processing page 274/501
2025-04-27 22:50:28,788 - __main__ - DEBUG - Processing page 275/501
2025-04-27 22:50:28,816 - __main__ - DEBUG - Processing page 276/501
2025-04-27 22:50:28,844 - __main__ - DEBUG - Processing page 277/501
2025-04-27 22:50:28,875 - __main__ - DEBUG - Processing page 278/501
2025-04-27 22:50:28,911 - __main__ - DEBUG - Processing page 279/501
2025-04-27 22:50:28,935 - __main__ - DEBUG - Processing page 280/501
2025-04-27 22:50:28,965 - __main__ - DEBUG - Processing page 281/501
2025-04-27 22:50:28,996 - __main__ - DEBUG - Processing page 282/501
2025-04-27 22:50:29,024 - __main__ - DEBUG - Processing page 283/501
2025-04-27 22:50:29,053 - __main__ - DEBUG - Processing page 284/501
2025-04-27 22:50:29,079 - __main__ - DEBUG - Processing page 285/501
2025-04-27 22:50:29,120 - __main__ - DEBUG - Processing page 286/501
2025-04-27 22:50:29,159 - __main__ - DEBUG - Processing page 287/501
2025-04-27 22:50:29,191 - __main__ - DEBUG - Processing page 288/501
2025-04-27 22:50:29,219 - __main__ - DEBUG - Processing page 289/501
2025-04-27 22:50:29,249 - __main__ - DEBUG - Processing page 290/501
2025-04-27 22:50:29,271 - __main__ - DEBUG - Processing page 291/501
2025-04-27 22:50:29,292 - __main__ - DEBUG - Processing page 292/501
2025-04-27 22:50:29,321 - __main__ - DEBUG - Processing page 293/501
2025-04-27 22:50:29,350 - __main__ - DEBUG - Processing page 294/501
2025-04-27 22:50:29,373 - __main__ - DEBUG - Processing page 295/501
2025-04-27 22:50:29,410 - __main__ - DEBUG - Processing page 296/501
2025-04-27 22:50:29,442 - __main__ - DEBUG - Processing page 297/501
2025-04-27 22:50:29,469 - __main__ - DEBUG - Processing page 298/501
2025-04-27 22:50:29,508 - __main__ - DEBUG - Processing page 299/501
2025-04-27 22:50:29,538 - __main__ - DEBUG - Processing page 300/501
2025-04-27 22:50:29,567 - __main__ - DEBUG - Processing page 301/501
2025-04-27 22:50:29,593 - __main__ - DEBUG - Processing page 302/501
2025-04-27 22:50:29,636 - __main__ - DEBUG - Processing page 303/501
2025-04-27 22:50:29,668 - __main__ - DEBUG - Processing page 304/501
2025-04-27 22:50:29,695 - __main__ - DEBUG - Processing page 305/501
2025-04-27 22:50:29,727 - __main__ - DEBUG - Processing page 306/501
2025-04-27 22:50:29,788 - __main__ - DEBUG - Processing page 307/501
2025-04-27 22:50:29,824 - __main__ - DEBUG - Processing page 308/501
2025-04-27 22:50:29,853 - __main__ - DEBUG - Processing page 309/501
2025-04-27 22:50:29,878 - __main__ - DEBUG - Processing page 310/501
2025-04-27 22:50:29,900 - __main__ - DEBUG - Processing page 311/501
2025-04-27 22:50:29,932 - __main__ - DEBUG - Processing page 312/501
2025-04-27 22:50:29,956 - __main__ - DEBUG - Processing page 313/501
2025-04-27 22:50:29,987 - __main__ - DEBUG - Processing page 314/501
2025-04-27 22:50:30,015 - __main__ - DEBUG - Processing page 315/501
2025-04-27 22:50:30,039 - __main__ - DEBUG - Processing page 316/501
2025-04-27 22:50:30,114 - __main__ - DEBUG - Processing page 317/501
2025-04-27 22:50:30,139 - __main__ - DEBUG - Processing page 318/501
2025-04-27 22:50:30,170 - __main__ - DEBUG - Processing page 319/501
2025-04-27 22:50:30,203 - __main__ - DEBUG - Processing page 320/501
2025-04-27 22:50:30,245 - __main__ - DEBUG - Processing page 321/501
2025-04-27 22:50:30,276 - __main__ - DEBUG - Processing page 322/501
2025-04-27 22:50:30,305 - __main__ - DEBUG - Processing page 323/501
2025-04-27 22:50:30,337 - __main__ - DEBUG - Processing page 324/501
2025-04-27 22:50:30,367 - __main__ - DEBUG - Processing page 325/501
2025-04-27 22:50:30,396 - __main__ - DEBUG - Processing page 326/501
2025-04-27 22:50:30,425 - __main__ - DEBUG - Processing page 327/501
2025-04-27 22:50:30,459 - __main__ - DEBUG - Processing page 328/501
2025-04-27 22:50:30,494 - __main__ - DEBUG - Processing page 329/501
2025-04-27 22:50:30,522 - __main__ - DEBUG - Processing page 330/501
2025-04-27 22:50:30,550 - __main__ - DEBUG - Processing page 331/501
2025-04-27 22:50:30,585 - __main__ - DEBUG - Processing page 332/501
2025-04-27 22:50:30,615 - __main__ - DEBUG - Processing page 333/501
2025-04-27 22:50:30,644 - __main__ - DEBUG - Processing page 334/501
2025-04-27 22:50:30,672 - __main__ - DEBUG - Processing page 335/501
2025-04-27 22:50:30,701 - __main__ - DEBUG - Processing page 336/501
2025-04-27 22:50:30,730 - __main__ - DEBUG - Processing page 337/501
2025-04-27 22:50:30,757 - __main__ - DEBUG - Processing page 338/501
2025-04-27 22:50:30,788 - __main__ - DEBUG - Processing page 339/501
2025-04-27 22:50:30,812 - __main__ - DEBUG - Processing page 340/501
2025-04-27 22:50:30,831 - __main__ - DEBUG - Processing page 341/501
2025-04-27 22:50:30,860 - __main__ - DEBUG - Processing page 342/501
2025-04-27 22:50:30,888 - __main__ - DEBUG - Processing page 343/501
2025-04-27 22:50:30,916 - __main__ - DEBUG - Processing page 344/501
2025-04-27 22:50:30,943 - __main__ - DEBUG - Processing page 345/501
2025-04-27 22:50:30,981 - __main__ - DEBUG - Processing page 346/501
2025-04-27 22:50:31,028 - __main__ - DEBUG - Processing page 347/501
2025-04-27 22:50:31,058 - __main__ - DEBUG - Processing page 348/501
2025-04-27 22:50:31,086 - __main__ - DEBUG - Processing page 349/501
2025-04-27 22:50:31,121 - __main__ - DEBUG - Processing page 350/501
2025-04-27 22:50:31,149 - __main__ - DEBUG - Processing page 351/501
2025-04-27 22:50:31,188 - __main__ - DEBUG - Processing page 352/501
2025-04-27 22:50:31,219 - __main__ - DEBUG - Processing page 353/501
2025-04-27 22:50:31,252 - __main__ - DEBUG - Processing page 354/501
2025-04-27 22:50:31,280 - __main__ - DEBUG - Processing page 355/501
2025-04-27 22:50:31,309 - __main__ - DEBUG - Processing page 356/501
2025-04-27 22:50:31,338 - __main__ - DEBUG - Processing page 357/501
2025-04-27 22:50:31,404 - __main__ - DEBUG - Processing page 358/501
2025-04-27 22:50:31,430 - __main__ - DEBUG - Processing page 359/501
2025-04-27 22:50:31,461 - __main__ - DEBUG - Processing page 360/501
2025-04-27 22:50:31,486 - __main__ - DEBUG - Processing page 361/501
2025-04-27 22:50:31,513 - __main__ - DEBUG - Processing page 362/501
2025-04-27 22:50:31,536 - __main__ - DEBUG - Processing page 363/501
2025-04-27 22:50:31,564 - __main__ - DEBUG - Processing page 364/501
2025-04-27 22:50:31,599 - __main__ - DEBUG - Processing page 365/501
2025-04-27 22:50:31,629 - __main__ - DEBUG - Processing page 366/501
2025-04-27 22:50:31,667 - __main__ - DEBUG - Processing page 367/501
2025-04-27 22:50:31,704 - __main__ - DEBUG - Processing page 368/501
2025-04-27 22:50:31,749 - __main__ - DEBUG - Processing page 369/501
2025-04-27 22:50:31,779 - __main__ - DEBUG - Processing page 370/501
2025-04-27 22:50:31,833 - __main__ - DEBUG - Processing page 371/501
2025-04-27 22:50:31,867 - __main__ - DEBUG - Processing page 372/501
2025-04-27 22:50:31,903 - __main__ - DEBUG - Processing page 373/501
2025-04-27 22:50:31,935 - __main__ - DEBUG - Processing page 374/501
2025-04-27 22:50:31,968 - __main__ - DEBUG - Processing page 375/501
2025-04-27 22:50:31,998 - __main__ - DEBUG - Processing page 376/501
2025-04-27 22:50:32,031 - __main__ - DEBUG - Processing page 377/501
2025-04-27 22:50:32,070 - __main__ - DEBUG - Processing page 378/501
2025-04-27 22:50:32,096 - __main__ - DEBUG - Processing page 379/501
2025-04-27 22:50:32,123 - __main__ - DEBUG - Processing page 380/501
2025-04-27 22:50:32,151 - __main__ - DEBUG - Processing page 381/501
2025-04-27 22:50:32,179 - __main__ - DEBUG - Processing page 382/501
2025-04-27 22:50:32,210 - __main__ - DEBUG - Processing page 383/501
2025-04-27 22:50:32,231 - __main__ - DEBUG - Processing page 384/501
2025-04-27 22:50:32,256 - __main__ - DEBUG - Processing page 385/501
2025-04-27 22:50:32,282 - __main__ - DEBUG - Processing page 386/501
2025-04-27 22:50:32,308 - __main__ - DEBUG - Processing page 387/501
2025-04-27 22:50:32,341 - __main__ - DEBUG - Processing page 388/501
2025-04-27 22:50:32,370 - __main__ - DEBUG - Processing page 389/501
2025-04-27 22:50:32,397 - __main__ - DEBUG - Processing page 390/501
2025-04-27 22:50:32,423 - __main__ - DEBUG - Processing page 391/501
2025-04-27 22:50:32,448 - __main__ - DEBUG - Processing page 392/501
2025-04-27 22:50:32,476 - __main__ - DEBUG - Processing page 393/501
2025-04-27 22:50:32,513 - __main__ - DEBUG - Processing page 394/501
2025-04-27 22:50:32,543 - __main__ - DEBUG - Processing page 395/501
2025-04-27 22:50:32,579 - __main__ - DEBUG - Processing page 396/501
2025-04-27 22:50:32,622 - __main__ - DEBUG - Processing page 397/501
2025-04-27 22:50:32,703 - __main__ - DEBUG - Processing page 398/501
2025-04-27 22:50:32,732 - __main__ - DEBUG - Processing page 399/501
2025-04-27 22:50:32,758 - __main__ - DEBUG - Processing page 400/501
2025-04-27 22:50:32,793 - __main__ - DEBUG - Processing page 401/501
2025-04-27 22:50:32,821 - __main__ - DEBUG - Processing page 402/501
2025-04-27 22:50:32,850 - __main__ - DEBUG - Processing page 403/501
2025-04-27 22:50:32,875 - __main__ - DEBUG - Processing page 404/501
2025-04-27 22:50:32,894 - __main__ - DEBUG - Processing page 405/501
2025-04-27 22:50:32,921 - __main__ - DEBUG - Processing page 406/501
2025-04-27 22:50:32,948 - __main__ - DEBUG - Processing page 407/501
2025-04-27 22:50:32,981 - __main__ - DEBUG - Processing page 408/501
2025-04-27 22:50:33,009 - __main__ - DEBUG - Processing page 409/501
2025-04-27 22:50:33,035 - __main__ - DEBUG - Processing page 410/501
2025-04-27 22:50:33,061 - __main__ - DEBUG - Processing page 411/501
2025-04-27 22:50:33,095 - __main__ - DEBUG - Processing page 412/501
2025-04-27 22:50:33,122 - __main__ - DEBUG - Processing page 413/501
2025-04-27 22:50:33,148 - __main__ - DEBUG - Processing page 414/501
2025-04-27 22:50:33,174 - __main__ - DEBUG - Processing page 415/501
2025-04-27 22:50:33,207 - __main__ - DEBUG - Processing page 416/501
2025-04-27 22:50:33,236 - __main__ - DEBUG - Processing page 417/501
2025-04-27 22:50:33,262 - __main__ - DEBUG - Processing page 418/501
2025-04-27 22:50:33,288 - __main__ - DEBUG - Processing page 419/501
2025-04-27 22:50:33,314 - __main__ - DEBUG - Processing page 420/501
2025-04-27 22:50:33,340 - __main__ - DEBUG - Processing page 421/501
2025-04-27 22:50:33,360 - __main__ - DEBUG - Processing page 422/501
2025-04-27 22:50:33,384 - __main__ - DEBUG - Processing page 423/501
2025-04-27 22:50:33,411 - __main__ - DEBUG - Processing page 424/501
2025-04-27 22:50:33,435 - __main__ - DEBUG - Processing page 425/501
2025-04-27 22:50:33,458 - __main__ - DEBUG - Processing page 426/501
2025-04-27 22:50:33,483 - __main__ - DEBUG - Processing page 427/501
2025-04-27 22:50:33,507 - __main__ - DEBUG - Processing page 428/501
2025-04-27 22:50:33,527 - __main__ - DEBUG - Processing page 429/501
2025-04-27 22:50:33,549 - __main__ - DEBUG - Processing page 430/501
2025-04-27 22:50:33,587 - __main__ - DEBUG - Processing page 431/501
2025-04-27 22:50:33,617 - __main__ - DEBUG - Processing page 432/501
2025-04-27 22:50:33,649 - __main__ - DEBUG - Processing page 433/501
2025-04-27 22:50:33,676 - __main__ - DEBUG - Processing page 434/501
2025-04-27 22:50:33,713 - __main__ - DEBUG - Processing page 435/501
2025-04-27 22:50:33,748 - __main__ - DEBUG - Processing page 436/501
2025-04-27 22:50:33,778 - __main__ - DEBUG - Processing page 437/501
2025-04-27 22:50:33,798 - __main__ - DEBUG - Processing page 438/501
2025-04-27 22:50:33,828 - __main__ - DEBUG - Processing page 439/501
2025-04-27 22:50:33,857 - __main__ - DEBUG - Processing page 440/501
2025-04-27 22:50:33,890 - __main__ - DEBUG - Processing page 441/501
2025-04-27 22:50:33,963 - __main__ - DEBUG - Processing page 442/501
2025-04-27 22:50:33,994 - __main__ - DEBUG - Processing page 443/501
2025-04-27 22:50:34,025 - __main__ - DEBUG - Processing page 444/501
2025-04-27 22:50:34,063 - __main__ - DEBUG - Processing page 445/501
2025-04-27 22:50:34,099 - __main__ - DEBUG - Processing page 446/501
2025-04-27 22:50:34,137 - __main__ - DEBUG - Processing page 447/501
2025-04-27 22:50:34,164 - __main__ - DEBUG - Processing page 448/501
2025-04-27 22:50:34,200 - __main__ - DEBUG - Processing page 449/501
2025-04-27 22:50:34,233 - __main__ - DEBUG - Processing page 450/501
2025-04-27 22:50:34,270 - __main__ - DEBUG - Processing page 451/501
2025-04-27 22:50:34,305 - __main__ - DEBUG - Processing page 452/501
2025-04-27 22:50:34,336 - __main__ - DEBUG - Processing page 453/501
2025-04-27 22:50:34,369 - __main__ - DEBUG - Processing page 454/501
2025-04-27 22:50:34,405 - __main__ - DEBUG - Processing page 455/501
2025-04-27 22:50:34,446 - __main__ - DEBUG - Processing page 456/501
2025-04-27 22:50:34,485 - __main__ - DEBUG - Processing page 457/501
2025-04-27 22:50:34,519 - __main__ - DEBUG - Processing page 458/501
2025-04-27 22:50:34,553 - __main__ - DEBUG - Processing page 459/501
2025-04-27 22:50:34,586 - __main__ - DEBUG - Processing page 460/501
2025-04-27 22:50:34,623 - __main__ - DEBUG - Processing page 461/501
2025-04-27 22:50:34,656 - __main__ - DEBUG - Processing page 462/501
2025-04-27 22:50:34,693 - __main__ - DEBUG - Processing page 463/501
2025-04-27 22:50:34,735 - __main__ - DEBUG - Processing page 464/501
2025-04-27 22:50:34,775 - __main__ - DEBUG - Processing page 465/501
2025-04-27 22:50:34,815 - __main__ - DEBUG - Processing page 466/501
2025-04-27 22:50:34,856 - __main__ - DEBUG - Processing page 467/501
2025-04-27 22:50:34,892 - __main__ - DEBUG - Processing page 468/501
2025-04-27 22:50:34,928 - __main__ - DEBUG - Processing page 469/501
2025-04-27 22:50:34,969 - __main__ - DEBUG - Processing page 470/501
2025-04-27 22:50:35,009 - __main__ - DEBUG - Processing page 471/501
2025-04-27 22:50:35,044 - __main__ - DEBUG - Processing page 472/501
2025-04-27 22:50:35,123 - __main__ - DEBUG - Processing page 473/501
2025-04-27 22:50:35,152 - __main__ - DEBUG - Processing page 474/501
2025-04-27 22:50:35,179 - __main__ - DEBUG - Processing page 475/501
2025-04-27 22:50:35,205 - __main__ - DEBUG - Processing page 476/501
2025-04-27 22:50:35,237 - __main__ - DEBUG - Processing page 477/501
2025-04-27 22:50:35,268 - __main__ - DEBUG - Processing page 478/501
2025-04-27 22:50:35,295 - __main__ - DEBUG - Processing page 479/501
2025-04-27 22:50:35,319 - __main__ - DEBUG - Processing page 480/501
2025-04-27 22:50:35,340 - __main__ - DEBUG - Processing page 481/501
2025-04-27 22:50:35,362 - __main__ - DEBUG - Processing page 482/501
2025-04-27 22:50:35,395 - __main__ - DEBUG - Processing page 483/501
2025-04-27 22:50:35,432 - __main__ - DEBUG - Processing page 484/501
2025-04-27 22:50:35,832 - __main__ - DEBUG - Processing page 485/501
2025-04-27 22:50:36,238 - __main__ - DEBUG - Processing page 486/501
2025-04-27 22:50:36,454 - __main__ - DEBUG - Processing page 487/501
2025-04-27 22:50:36,998 - __main__ - DEBUG - Processing page 488/501
2025-04-27 22:50:37,947 - __main__ - DEBUG - Processing page 489/501
2025-04-27 22:50:37,968 - __main__ - DEBUG - Processing page 490/501
2025-04-27 22:50:38,013 - __main__ - DEBUG - Processing page 491/501
2025-04-27 22:50:38,066 - __main__ - DEBUG - Processing page 492/501
2025-04-27 22:50:38,109 - __main__ - DEBUG - Processing page 493/501
2025-04-27 22:50:38,148 - __main__ - DEBUG - Processing page 494/501
2025-04-27 22:50:38,175 - __main__ - DEBUG - Processing page 495/501
2025-04-27 22:50:38,203 - __main__ - DEBUG - Processing page 496/501
2025-04-27 22:50:38,233 - __main__ - DEBUG - Processing page 497/501
2025-04-27 22:50:38,261 - __main__ - DEBUG - Processing page 498/501
2025-04-27 22:50:38,289 - __main__ - DEBUG - Processing page 499/501
2025-04-27 22:50:38,346 - __main__ - DEBUG - Processing page 500/501
2025-04-27 22:50:38,373 - __main__ - DEBUG - Processing page 501/501
2025-04-27 22:50:38,386 - __main__ - INFO - Successfully extracted 1143668 characters from PDF
2025-04-27 22:50:38,386 - __main__ - INFO - Requested summary length: 30 sentences
2025-04-27 22:50:38,387 - __main__ - INFO - Attempting primary summarization method
2025-04-27 22:50:38,387 - __main__ - INFO - Generating summary with target length of 30 sentences
2025-04-27 22:50:38,486 - __main__ - WARNING - NLTK sentence tokenization failed: 
**********************************************************************
  Resource [93mpunkt_tab[0m not found.
  Please use the NLTK Downloader to obtain the resource:

  [31m>>> import nltk
  >>> nltk.download('punkt_tab')
  [0m
  For more information see: https://www.nltk.org/data.html

  Attempted to load [93mtokenizers/punkt_tab/english/[0m

  Searched in:
    - 'C:\\Users\\Dickson/nltk_data'
    - 'C:\\Program Files\\WindowsApps\\PythonSoftwareFoundation.Python.3.13_3.13.1008.0_x64__qbz5n2kfra8p0\\nltk_data'
    - 'C:\\Program Files\\WindowsApps\\PythonSoftwareFoundation.Python.3.13_3.13.1008.0_x64__qbz5n2kfra8p0\\share\\nltk_data'
    - 'C:\\Program Files\\WindowsApps\\PythonSoftwareFoundation.Python.3.13_3.13.1008.0_x64__qbz5n2kfra8p0\\lib\\nltk_data'
    - 'C:\\Users\\Dickson\\AppData\\Roaming\\nltk_data'
    - 'C:\\nltk_data'
    - 'D:\\nltk_data'
    - 'E:\\nltk_data'
**********************************************************************

2025-04-27 22:50:38,511 - __main__ - INFO - Regex tokenization found 5219 sentences
2025-04-27 22:50:38,511 - __main__ - INFO - Text split into 5219 sentences
2025-04-27 22:50:38,537 - __main__ - ERROR - Error calculating term frequency: 
**********************************************************************
  Resource [93mpunkt_tab[0m not found.
  Please use the NLTK Downloader to obtain the resource:

  [31m>>> import nltk
  >>> nltk.download('punkt_tab')
  [0m
  For more information see: https://www.nltk.org/data.html

  Attempted to load [93mtokenizers/punkt_tab/english/[0m

  Searched in:
    - 'C:\\Users\\Dickson/nltk_data'
    - 'C:\\Program Files\\WindowsApps\\PythonSoftwareFoundation.Python.3.13_3.13.1008.0_x64__qbz5n2kfra8p0\\nltk_data'
    - 'C:\\Program Files\\WindowsApps\\PythonSoftwareFoundation.Python.3.13_3.13.1008.0_x64__qbz5n2kfra8p0\\share\\nltk_data'
    - 'C:\\Program Files\\WindowsApps\\PythonSoftwareFoundation.Python.3.13_3.13.1008.0_x64__qbz5n2kfra8p0\\lib\\nltk_data'
    - 'C:\\Users\\Dickson\\AppData\\Roaming\\nltk_data'
    - 'C:\\nltk_data'
    - 'D:\\nltk_data'
    - 'E:\\nltk_data'
**********************************************************************

2025-04-27 22:50:38,645 - __main__ - DEBUG - Calculated frequencies for 9819 unique words
2025-04-27 22:50:38,648 - __main__ - ERROR - Error calculating TF-IDF scores: 
**********************************************************************
  Resource [93mpunkt_tab[0m not found.
  Please use the NLTK Downloader to obtain the resource:

  [31m>>> import nltk
  >>> nltk.download('punkt_tab')
  [0m
  For more information see: https://www.nltk.org/data.html

  Attempted to load [93mtokenizers/punkt_tab/english/[0m

  Searched in:
    - 'C:\\Users\\Dickson/nltk_data'
    - 'C:\\Program Files\\WindowsApps\\PythonSoftwareFoundation.Python.3.13_3.13.1008.0_x64__qbz5n2kfra8p0\\nltk_data'
    - 'C:\\Program Files\\WindowsApps\\PythonSoftwareFoundation.Python.3.13_3.13.1008.0_x64__qbz5n2kfra8p0\\share\\nltk_data'
    - 'C:\\Program Files\\WindowsApps\\PythonSoftwareFoundation.Python.3.13_3.13.1008.0_x64__qbz5n2kfra8p0\\lib\\nltk_data'
    - 'C:\\Users\\Dickson\\AppData\\Roaming\\nltk_data'
    - 'C:\\nltk_data'
    - 'D:\\nltk_data'
    - 'E:\\nltk_data'
**********************************************************************

2025-04-27 22:50:38,649 - __main__ - INFO - Generated summary of 4538 characters from 1130774 input characters
2025-04-27 22:50:38,651 - __main__ - INFO - Primary summarization succeeded
2025-04-27 22:50:38,652 - __main__ - DEBUG - Removed temporary file: uploads\Robert_S._Witte_John_S._Witte_Statisticsz-lib.org.pdf
2025-04-27 22:50:38,654 - werkzeug - INFO - 127.0.0.1 - - [27/Apr/2025 22:50:38] "POST /upload HTTP/1.1" 200 -
2025-04-27 22:58:10,941 - werkzeug - INFO -  * Detected change in 'c:\\Users\\Dickson\\OneDrive\\Desktop\\Chat bot\\app.py', reloading
2025-04-27 22:58:10,942 - werkzeug - INFO -  * Detected change in 'c:\\Users\\Dickson\\OneDrive\\Desktop\\Chat bot\\app.py', reloading
2025-04-27 22:58:12,062 - werkzeug - INFO -  * Restarting with watchdog (windowsapi)
2025-04-27 23:18:18,401 - __main__ - INFO - NLTK initialized successfully
2025-04-27 23:18:18,402 - __main__ - INFO - Loading knowledge base from knowledge_base.json
2025-04-27 23:18:18,404 - __main__ - INFO - Starting PDF Summarization Chatbot
2025-04-27 23:18:18,435 - werkzeug - INFO - [31m[1mWARNING: This is a development server. Do not use it in a production deployment. Use a production WSGI server instead.[0m
 * Running on http://127.0.0.1:5000
2025-04-27 23:18:18,436 - werkzeug - INFO - [33mPress CTRL+C to quit[0m
2025-04-27 23:18:18,444 - werkzeug - INFO -  * Restarting with watchdog (windowsapi)
2025-04-27 23:18:21,290 - __main__ - INFO - NLTK initialized successfully
2025-04-27 23:18:21,291 - __main__ - INFO - Loading knowledge base from knowledge_base.json
2025-04-27 23:18:21,293 - __main__ - INFO - Starting PDF Summarization Chatbot
2025-04-27 23:18:21,302 - werkzeug - WARNING -  * Debugger is active!
2025-04-27 23:18:21,306 - werkzeug - INFO -  * Debugger PIN: 321-018-428
2025-04-27 23:18:23,224 - werkzeug - INFO - 127.0.0.1 - - [27/Apr/2025 23:18:23] "GET / HTTP/1.1" 200 -
2025-04-27 23:18:25,288 - werkzeug - INFO - 127.0.0.1 - - [27/Apr/2025 23:18:25] "GET / HTTP/1.1" 200 -
2025-04-27 23:19:19,854 - __main__ - INFO - Received file upload request
2025-04-27 23:19:20,035 - __main__ - INFO - Beginning PDF extraction
2025-04-27 23:19:20,146 - __main__ - INFO - PDF has 324 pages
2025-04-27 23:19:20,146 - __main__ - DEBUG - Processing page 1/324
2025-04-27 23:19:20,155 - __main__ - DEBUG - Processing page 2/324
2025-04-27 23:19:20,166 - __main__ - DEBUG - Processing page 3/324
2025-04-27 23:19:20,183 - __main__ - DEBUG - Processing page 4/324
2025-04-27 23:19:20,202 - __main__ - DEBUG - Processing page 5/324
2025-04-27 23:19:20,217 - __main__ - DEBUG - Processing page 6/324
2025-04-27 23:19:20,235 - __main__ - DEBUG - Processing page 7/324
2025-04-27 23:19:20,248 - __main__ - DEBUG - Processing page 8/324
2025-04-27 23:19:20,258 - __main__ - DEBUG - Processing page 9/324
2025-04-27 23:19:20,274 - __main__ - DEBUG - Processing page 10/324
2025-04-27 23:19:20,284 - __main__ - DEBUG - Processing page 11/324
2025-04-27 23:19:20,295 - __main__ - DEBUG - Processing page 12/324
2025-04-27 23:19:20,302 - __main__ - DEBUG - Processing page 13/324
2025-04-27 23:19:20,318 - __main__ - DEBUG - Processing page 14/324
2025-04-27 23:19:20,336 - __main__ - DEBUG - Processing page 15/324
2025-04-27 23:19:20,352 - __main__ - DEBUG - Processing page 16/324
2025-04-27 23:19:20,368 - __main__ - DEBUG - Processing page 17/324
2025-04-27 23:19:20,385 - __main__ - DEBUG - Processing page 18/324
2025-04-27 23:19:20,398 - __main__ - DEBUG - Processing page 19/324
2025-04-27 23:19:20,411 - __main__ - DEBUG - Processing page 20/324
2025-04-27 23:19:20,430 - __main__ - DEBUG - Processing page 21/324
2025-04-27 23:19:20,443 - __main__ - DEBUG - Processing page 22/324
2025-04-27 23:19:20,458 - __main__ - DEBUG - Processing page 23/324
2025-04-27 23:19:20,477 - __main__ - DEBUG - Processing page 24/324
2025-04-27 23:19:20,494 - __main__ - DEBUG - Processing page 25/324
2025-04-27 23:19:20,510 - __main__ - DEBUG - Processing page 26/324
2025-04-27 23:19:20,527 - __main__ - DEBUG - Processing page 27/324
2025-04-27 23:19:20,548 - __main__ - DEBUG - Processing page 28/324
2025-04-27 23:19:20,564 - __main__ - DEBUG - Processing page 29/324
2025-04-27 23:19:20,568 - __main__ - DEBUG - Processing page 30/324
2025-04-27 23:19:20,587 - __main__ - DEBUG - Processing page 31/324
2025-04-27 23:19:20,605 - __main__ - DEBUG - Processing page 32/324
2025-04-27 23:19:20,624 - __main__ - DEBUG - Processing page 33/324
2025-04-27 23:19:20,648 - __main__ - DEBUG - Processing page 34/324
2025-04-27 23:19:20,662 - __main__ - DEBUG - Processing page 35/324
2025-04-27 23:19:20,673 - __main__ - DEBUG - Processing page 36/324
2025-04-27 23:19:20,691 - __main__ - DEBUG - Processing page 37/324
2025-04-27 23:19:20,703 - __main__ - DEBUG - Processing page 38/324
2025-04-27 23:19:20,716 - __main__ - DEBUG - Processing page 39/324
2025-04-27 23:19:20,731 - __main__ - DEBUG - Processing page 40/324
2025-04-27 23:19:20,749 - __main__ - DEBUG - Processing page 41/324
2025-04-27 23:19:20,758 - __main__ - DEBUG - Processing page 42/324
2025-04-27 23:19:20,769 - __main__ - DEBUG - Processing page 43/324
2025-04-27 23:19:20,781 - __main__ - DEBUG - Processing page 44/324
2025-04-27 23:19:20,798 - __main__ - DEBUG - Processing page 45/324
2025-04-27 23:19:20,812 - __main__ - DEBUG - Processing page 46/324
2025-04-27 23:19:20,826 - __main__ - DEBUG - Processing page 47/324
2025-04-27 23:19:20,841 - __main__ - DEBUG - Processing page 48/324
2025-04-27 23:19:20,856 - __main__ - DEBUG - Processing page 49/324
2025-04-27 23:19:20,873 - __main__ - DEBUG - Processing page 50/324
2025-04-27 23:19:20,888 - __main__ - DEBUG - Processing page 51/324
2025-04-27 23:19:20,907 - __main__ - DEBUG - Processing page 52/324
2025-04-27 23:19:20,924 - __main__ - DEBUG - Processing page 53/324
2025-04-27 23:19:20,934 - __main__ - DEBUG - Processing page 54/324
2025-04-27 23:19:20,950 - __main__ - DEBUG - Processing page 55/324
2025-04-27 23:19:20,963 - __main__ - DEBUG - Processing page 56/324
2025-04-27 23:19:20,975 - __main__ - DEBUG - Processing page 57/324
2025-04-27 23:19:20,983 - __main__ - DEBUG - Processing page 58/324
2025-04-27 23:19:21,000 - __main__ - DEBUG - Processing page 59/324
2025-04-27 23:19:21,017 - __main__ - DEBUG - Processing page 60/324
2025-04-27 23:19:21,035 - __main__ - DEBUG - Processing page 61/324
2025-04-27 23:19:21,059 - __main__ - DEBUG - Processing page 62/324
2025-04-27 23:19:21,078 - __main__ - DEBUG - Processing page 63/324
2025-04-27 23:19:21,092 - __main__ - DEBUG - Processing page 64/324
2025-04-27 23:19:21,107 - __main__ - DEBUG - Processing page 65/324
2025-04-27 23:19:21,125 - __main__ - DEBUG - Processing page 66/324
2025-04-27 23:19:21,139 - __main__ - DEBUG - Processing page 67/324
2025-04-27 23:19:21,203 - __main__ - DEBUG - Processing page 68/324
2025-04-27 23:19:21,216 - __main__ - DEBUG - Processing page 69/324
2025-04-27 23:19:21,231 - __main__ - DEBUG - Processing page 70/324
2025-04-27 23:19:21,248 - __main__ - DEBUG - Processing page 71/324
2025-04-27 23:19:21,263 - __main__ - DEBUG - Processing page 72/324
2025-04-27 23:19:21,325 - __main__ - DEBUG - Processing page 73/324
2025-04-27 23:19:21,360 - __main__ - DEBUG - Processing page 74/324
2025-04-27 23:19:21,377 - __main__ - DEBUG - Processing page 75/324
2025-04-27 23:19:21,386 - __main__ - DEBUG - Processing page 76/324
2025-04-27 23:19:21,396 - __main__ - DEBUG - Processing page 77/324
2025-04-27 23:19:21,408 - __main__ - DEBUG - Processing page 78/324
2025-04-27 23:19:21,412 - __main__ - DEBUG - Processing page 79/324
2025-04-27 23:19:21,430 - __main__ - DEBUG - Processing page 80/324
2025-04-27 23:19:21,449 - __main__ - DEBUG - Processing page 81/324
2025-04-27 23:19:21,467 - __main__ - DEBUG - Processing page 82/324
2025-04-27 23:19:21,481 - __main__ - DEBUG - Processing page 83/324
2025-04-27 23:19:21,496 - __main__ - DEBUG - Processing page 84/324
2025-04-27 23:19:21,522 - __main__ - DEBUG - Processing page 85/324
2025-04-27 23:19:21,546 - __main__ - DEBUG - Processing page 86/324
2025-04-27 23:19:21,558 - __main__ - DEBUG - Processing page 87/324
2025-04-27 23:19:21,571 - __main__ - DEBUG - Processing page 88/324
2025-04-27 23:19:21,584 - __main__ - DEBUG - Processing page 89/324
2025-04-27 23:19:21,597 - __main__ - DEBUG - Processing page 90/324
2025-04-27 23:19:21,612 - __main__ - DEBUG - Processing page 91/324
2025-04-27 23:19:21,632 - __main__ - DEBUG - Processing page 92/324
2025-04-27 23:19:21,649 - __main__ - DEBUG - Processing page 93/324
2025-04-27 23:19:21,665 - __main__ - DEBUG - Processing page 94/324
2025-04-27 23:19:21,677 - __main__ - DEBUG - Processing page 95/324
2025-04-27 23:19:21,693 - __main__ - DEBUG - Processing page 96/324
2025-04-27 23:19:21,710 - __main__ - DEBUG - Processing page 97/324
2025-04-27 23:19:21,729 - __main__ - DEBUG - Processing page 98/324
2025-04-27 23:19:21,746 - __main__ - DEBUG - Processing page 99/324
2025-04-27 23:19:21,764 - __main__ - DEBUG - Processing page 100/324
2025-04-27 23:19:21,786 - __main__ - DEBUG - Processing page 101/324
2025-04-27 23:19:21,800 - __main__ - DEBUG - Processing page 102/324
2025-04-27 23:19:21,815 - __main__ - DEBUG - Processing page 103/324
2025-04-27 23:19:21,883 - __main__ - DEBUG - Processing page 104/324
2025-04-27 23:19:21,900 - __main__ - DEBUG - Processing page 105/324
2025-04-27 23:19:21,910 - __main__ - DEBUG - Processing page 106/324
2025-04-27 23:19:21,929 - __main__ - DEBUG - Processing page 107/324
2025-04-27 23:19:21,943 - __main__ - DEBUG - Processing page 108/324
2025-04-27 23:19:21,962 - __main__ - DEBUG - Processing page 109/324
2025-04-27 23:19:21,979 - __main__ - DEBUG - Processing page 110/324
2025-04-27 23:19:21,993 - __main__ - DEBUG - Processing page 111/324
2025-04-27 23:19:22,009 - __main__ - DEBUG - Processing page 112/324
2025-04-27 23:19:22,030 - __main__ - DEBUG - Processing page 113/324
2025-04-27 23:19:22,059 - __main__ - DEBUG - Processing page 114/324
2025-04-27 23:19:22,077 - __main__ - DEBUG - Processing page 115/324
2025-04-27 23:19:22,093 - __main__ - DEBUG - Processing page 116/324
2025-04-27 23:19:22,107 - __main__ - DEBUG - Processing page 117/324
2025-04-27 23:19:22,124 - __main__ - DEBUG - Processing page 118/324
2025-04-27 23:19:22,141 - __main__ - DEBUG - Processing page 119/324
2025-04-27 23:19:22,158 - __main__ - DEBUG - Processing page 120/324
2025-04-27 23:19:22,172 - __main__ - DEBUG - Processing page 121/324
2025-04-27 23:19:22,187 - __main__ - DEBUG - Processing page 122/324
2025-04-27 23:19:22,201 - __main__ - DEBUG - Processing page 123/324
2025-04-27 23:19:22,216 - __main__ - DEBUG - Processing page 124/324
2025-04-27 23:19:22,230 - __main__ - DEBUG - Processing page 125/324
2025-04-27 23:19:22,242 - __main__ - DEBUG - Processing page 126/324
2025-04-27 23:19:22,254 - __main__ - DEBUG - Processing page 127/324
2025-04-27 23:19:22,276 - __main__ - DEBUG - Processing page 128/324
2025-04-27 23:19:22,288 - __main__ - DEBUG - Processing page 129/324
2025-04-27 23:19:22,307 - __main__ - DEBUG - Processing page 130/324
2025-04-27 23:19:22,321 - __main__ - DEBUG - Processing page 131/324
2025-04-27 23:19:22,336 - __main__ - DEBUG - Processing page 132/324
2025-04-27 23:19:22,356 - __main__ - DEBUG - Processing page 133/324
2025-04-27 23:19:22,371 - __main__ - DEBUG - Processing page 134/324
2025-04-27 23:19:22,393 - __main__ - DEBUG - Processing page 135/324
2025-04-27 23:19:22,411 - __main__ - DEBUG - Processing page 136/324
2025-04-27 23:19:22,431 - __main__ - DEBUG - Processing page 137/324
2025-04-27 23:19:22,465 - __main__ - DEBUG - Processing page 138/324
2025-04-27 23:19:22,482 - __main__ - DEBUG - Processing page 139/324
2025-04-27 23:19:22,497 - __main__ - DEBUG - Processing page 140/324
2025-04-27 23:19:22,513 - __main__ - DEBUG - Processing page 141/324
2025-04-27 23:19:22,531 - __main__ - DEBUG - Processing page 142/324
2025-04-27 23:19:22,551 - __main__ - DEBUG - Processing page 143/324
2025-04-27 23:19:22,569 - __main__ - DEBUG - Processing page 144/324
2025-04-27 23:19:22,587 - __main__ - DEBUG - Processing page 145/324
2025-04-27 23:19:22,603 - __main__ - DEBUG - Processing page 146/324
2025-04-27 23:19:22,622 - __main__ - DEBUG - Processing page 147/324
2025-04-27 23:19:22,650 - __main__ - DEBUG - Processing page 148/324
2025-04-27 23:19:22,675 - __main__ - DEBUG - Processing page 149/324
2025-04-27 23:19:22,694 - __main__ - DEBUG - Processing page 150/324
2025-04-27 23:19:22,714 - __main__ - DEBUG - Processing page 151/324
2025-04-27 23:19:22,732 - __main__ - DEBUG - Processing page 152/324
2025-04-27 23:19:22,748 - __main__ - DEBUG - Processing page 153/324
2025-04-27 23:19:22,764 - __main__ - DEBUG - Processing page 154/324
2025-04-27 23:19:22,785 - __main__ - DEBUG - Processing page 155/324
2025-04-27 23:19:22,805 - __main__ - DEBUG - Processing page 156/324
2025-04-27 23:19:22,823 - __main__ - DEBUG - Processing page 157/324
2025-04-27 23:19:22,832 - __main__ - DEBUG - Processing page 158/324
2025-04-27 23:19:22,850 - __main__ - DEBUG - Processing page 159/324
2025-04-27 23:19:22,863 - __main__ - DEBUG - Processing page 160/324
2025-04-27 23:19:22,875 - __main__ - DEBUG - Processing page 161/324
2025-04-27 23:19:22,885 - __main__ - DEBUG - Processing page 162/324
2025-04-27 23:19:22,897 - __main__ - DEBUG - Processing page 163/324
2025-04-27 23:19:22,910 - __main__ - DEBUG - Processing page 164/324
2025-04-27 23:19:22,928 - __main__ - DEBUG - Processing page 165/324
2025-04-27 23:19:22,938 - __main__ - DEBUG - Processing page 166/324
2025-04-27 23:19:22,942 - __main__ - DEBUG - Processing page 167/324
2025-04-27 23:19:22,962 - __main__ - DEBUG - Processing page 168/324
2025-04-27 23:19:22,984 - __main__ - DEBUG - Processing page 169/324
2025-04-27 23:19:22,999 - __main__ - DEBUG - Processing page 170/324
2025-04-27 23:19:23,020 - __main__ - DEBUG - Processing page 171/324
2025-04-27 23:19:23,044 - __main__ - DEBUG - Processing page 172/324
2025-04-27 23:19:23,063 - __main__ - DEBUG - Processing page 173/324
2025-04-27 23:19:23,095 - __main__ - DEBUG - Processing page 174/324
2025-04-27 23:19:23,110 - __main__ - DEBUG - Processing page 175/324
2025-04-27 23:19:23,132 - __main__ - DEBUG - Processing page 176/324
2025-04-27 23:19:23,150 - __main__ - DEBUG - Processing page 177/324
2025-04-27 23:19:23,167 - __main__ - DEBUG - Processing page 178/324
2025-04-27 23:19:23,193 - __main__ - DEBUG - Processing page 179/324
2025-04-27 23:19:23,216 - __main__ - DEBUG - Processing page 180/324
2025-04-27 23:19:23,237 - __main__ - DEBUG - Processing page 181/324
2025-04-27 23:19:23,260 - __main__ - DEBUG - Processing page 182/324
2025-04-27 23:19:23,281 - __main__ - DEBUG - Processing page 183/324
2025-04-27 23:19:23,294 - __main__ - DEBUG - Processing page 184/324
2025-04-27 23:19:23,300 - __main__ - DEBUG - Processing page 185/324
2025-04-27 23:19:23,316 - __main__ - DEBUG - Processing page 186/324
2025-04-27 23:19:23,334 - __main__ - DEBUG - Processing page 187/324
2025-04-27 23:19:23,350 - __main__ - DEBUG - Processing page 188/324
2025-04-27 23:19:23,365 - __main__ - DEBUG - Processing page 189/324
2025-04-27 23:19:23,381 - __main__ - DEBUG - Processing page 190/324
2025-04-27 23:19:23,391 - __main__ - DEBUG - Processing page 191/324
2025-04-27 23:19:23,396 - __main__ - DEBUG - Processing page 192/324
2025-04-27 23:19:23,414 - __main__ - DEBUG - Processing page 193/324
2025-04-27 23:19:23,434 - __main__ - DEBUG - Processing page 194/324
2025-04-27 23:19:23,447 - __main__ - DEBUG - Processing page 195/324
2025-04-27 23:19:23,460 - __main__ - DEBUG - Processing page 196/324
2025-04-27 23:19:23,476 - __main__ - DEBUG - Processing page 197/324
2025-04-27 23:19:23,488 - __main__ - DEBUG - Processing page 198/324
2025-04-27 23:19:23,509 - __main__ - DEBUG - Processing page 199/324
2025-04-27 23:19:23,526 - __main__ - DEBUG - Processing page 200/324
2025-04-27 23:19:23,537 - __main__ - DEBUG - Processing page 201/324
2025-04-27 23:19:23,546 - __main__ - DEBUG - Processing page 202/324
2025-04-27 23:19:23,563 - __main__ - DEBUG - Processing page 203/324
2025-04-27 23:19:23,580 - __main__ - DEBUG - Processing page 204/324
2025-04-27 23:19:23,593 - __main__ - DEBUG - Processing page 205/324
2025-04-27 23:19:23,609 - __main__ - DEBUG - Processing page 206/324
2025-04-27 23:19:23,629 - __main__ - DEBUG - Processing page 207/324
2025-04-27 23:19:23,646 - __main__ - DEBUG - Processing page 208/324
2025-04-27 23:19:23,657 - __main__ - DEBUG - Processing page 209/324
2025-04-27 23:19:23,678 - __main__ - DEBUG - Processing page 210/324
2025-04-27 23:19:23,699 - __main__ - DEBUG - Processing page 211/324
2025-04-27 23:19:23,718 - __main__ - DEBUG - Processing page 212/324
2025-04-27 23:19:23,735 - __main__ - DEBUG - Processing page 213/324
2025-04-27 23:19:23,756 - __main__ - DEBUG - Processing page 214/324
2025-04-27 23:19:23,767 - __main__ - DEBUG - Processing page 215/324
2025-04-27 23:19:23,781 - __main__ - DEBUG - Processing page 216/324
2025-04-27 23:19:23,800 - __main__ - DEBUG - Processing page 217/324
2025-04-27 23:19:23,817 - __main__ - DEBUG - Processing page 218/324
2025-04-27 23:19:23,839 - __main__ - DEBUG - Processing page 219/324
2025-04-27 23:19:23,858 - __main__ - DEBUG - Processing page 220/324
2025-04-27 23:19:23,880 - __main__ - DEBUG - Processing page 221/324
2025-04-27 23:19:23,898 - __main__ - DEBUG - Processing page 222/324
2025-04-27 23:19:23,913 - __main__ - DEBUG - Processing page 223/324
2025-04-27 23:19:23,928 - __main__ - DEBUG - Processing page 224/324
2025-04-27 23:19:23,948 - __main__ - DEBUG - Processing page 225/324
2025-04-27 23:19:24,044 - __main__ - DEBUG - Processing page 226/324
2025-04-27 23:19:24,078 - __main__ - DEBUG - Processing page 227/324
2025-04-27 23:19:24,095 - __main__ - DEBUG - Processing page 228/324
2025-04-27 23:19:24,113 - __main__ - DEBUG - Processing page 229/324
2025-04-27 23:19:24,139 - __main__ - DEBUG - Processing page 230/324
2025-04-27 23:19:24,161 - __main__ - DEBUG - Processing page 231/324
2025-04-27 23:19:24,178 - __main__ - DEBUG - Processing page 232/324
2025-04-27 23:19:24,238 - __main__ - DEBUG - Processing page 233/324
2025-04-27 23:19:24,252 - __main__ - DEBUG - Processing page 234/324
2025-04-27 23:19:24,267 - __main__ - DEBUG - Processing page 235/324
2025-04-27 23:19:24,285 - __main__ - DEBUG - Processing page 236/324
2025-04-27 23:19:24,301 - __main__ - DEBUG - Processing page 237/324
2025-04-27 23:19:24,320 - __main__ - DEBUG - Processing page 238/324
2025-04-27 23:19:24,333 - __main__ - DEBUG - Processing page 239/324
2025-04-27 23:19:24,349 - __main__ - DEBUG - Processing page 240/324
2025-04-27 23:19:24,361 - __main__ - DEBUG - Processing page 241/324
2025-04-27 23:19:24,365 - __main__ - DEBUG - Processing page 242/324
2025-04-27 23:19:24,381 - __main__ - DEBUG - Processing page 243/324
2025-04-27 23:19:24,396 - __main__ - DEBUG - Processing page 244/324
2025-04-27 23:19:24,406 - __main__ - DEBUG - Processing page 245/324
2025-04-27 23:19:24,414 - __main__ - DEBUG - Processing page 246/324
2025-04-27 23:19:24,430 - __main__ - DEBUG - Processing page 247/324
2025-04-27 23:19:24,453 - __main__ - DEBUG - Processing page 248/324
2025-04-27 23:19:24,470 - __main__ - DEBUG - Processing page 249/324
2025-04-27 23:19:24,486 - __main__ - DEBUG - Processing page 250/324
2025-04-27 23:19:24,504 - __main__ - DEBUG - Processing page 251/324
2025-04-27 23:19:24,518 - __main__ - DEBUG - Processing page 252/324
2025-04-27 23:19:24,534 - __main__ - DEBUG - Processing page 253/324
2025-04-27 23:19:24,553 - __main__ - DEBUG - Processing page 254/324
2025-04-27 23:19:24,576 - __main__ - DEBUG - Processing page 255/324
2025-04-27 23:19:24,595 - __main__ - DEBUG - Processing page 256/324
2025-04-27 23:19:24,617 - __main__ - DEBUG - Processing page 257/324
2025-04-27 23:19:24,633 - __main__ - DEBUG - Processing page 258/324
2025-04-27 23:19:24,650 - __main__ - DEBUG - Processing page 259/324
2025-04-27 23:19:24,667 - __main__ - DEBUG - Processing page 260/324
2025-04-27 23:19:24,686 - __main__ - DEBUG - Processing page 261/324
2025-04-27 23:19:24,701 - __main__ - DEBUG - Processing page 262/324
2025-04-27 23:19:24,711 - __main__ - DEBUG - Processing page 263/324
2025-04-27 23:19:24,728 - __main__ - DEBUG - Processing page 264/324
2025-04-27 23:19:24,747 - __main__ - DEBUG - Processing page 265/324
2025-04-27 23:19:24,767 - __main__ - DEBUG - Processing page 266/324
2025-04-27 23:19:24,777 - __main__ - DEBUG - Processing page 267/324
2025-04-27 23:19:24,785 - __main__ - DEBUG - Processing page 268/324
2025-04-27 23:19:24,794 - __main__ - DEBUG - Processing page 269/324
2025-04-27 23:19:24,809 - __main__ - DEBUG - Processing page 270/324
2025-04-27 23:19:24,815 - __main__ - DEBUG - Processing page 271/324
2025-04-27 23:19:24,818 - __main__ - DEBUG - Processing page 272/324
2025-04-27 23:19:24,836 - __main__ - DEBUG - Processing page 273/324
2025-04-27 23:19:24,855 - __main__ - DEBUG - Processing page 274/324
2025-04-27 23:19:24,883 - __main__ - DEBUG - Processing page 275/324
2025-04-27 23:19:24,899 - __main__ - DEBUG - Processing page 276/324
2025-04-27 23:19:24,915 - __main__ - DEBUG - Processing page 277/324
2025-04-27 23:19:24,930 - __main__ - DEBUG - Processing page 278/324
2025-04-27 23:19:24,946 - __main__ - DEBUG - Processing page 279/324
2025-04-27 23:19:24,961 - __main__ - DEBUG - Processing page 280/324
2025-04-27 23:19:24,977 - __main__ - DEBUG - Processing page 281/324
2025-04-27 23:19:24,992 - __main__ - DEBUG - Processing page 282/324
2025-04-27 23:19:25,011 - __main__ - DEBUG - Processing page 283/324
2025-04-27 23:19:25,032 - __main__ - DEBUG - Processing page 284/324
2025-04-27 23:19:25,045 - __main__ - DEBUG - Processing page 285/324
2025-04-27 23:19:25,064 - __main__ - DEBUG - Processing page 286/324
2025-04-27 23:19:25,075 - __main__ - DEBUG - Processing page 287/324
2025-04-27 23:19:25,117 - __main__ - DEBUG - Processing page 288/324
2025-04-27 23:19:25,134 - __main__ - DEBUG - Processing page 289/324
2025-04-27 23:19:25,160 - __main__ - DEBUG - Processing page 290/324
2025-04-27 23:19:25,178 - __main__ - DEBUG - Processing page 291/324
2025-04-27 23:19:25,195 - __main__ - DEBUG - Processing page 292/324
2025-04-27 23:19:25,205 - __main__ - DEBUG - Processing page 293/324
2025-04-27 23:19:25,223 - __main__ - DEBUG - Processing page 294/324
2025-04-27 23:19:25,240 - __main__ - DEBUG - Processing page 295/324
2025-04-27 23:19:25,266 - __main__ - DEBUG - Processing page 296/324
2025-04-27 23:19:25,274 - __main__ - DEBUG - Processing page 297/324
2025-04-27 23:19:25,287 - __main__ - DEBUG - Processing page 298/324
2025-04-27 23:19:25,300 - __main__ - DEBUG - Processing page 299/324
2025-04-27 23:19:25,327 - __main__ - DEBUG - Processing page 300/324
2025-04-27 23:19:25,347 - __main__ - DEBUG - Processing page 301/324
2025-04-27 23:19:25,367 - __main__ - DEBUG - Processing page 302/324
2025-04-27 23:19:25,383 - __main__ - DEBUG - Processing page 303/324
2025-04-27 23:19:25,397 - __main__ - DEBUG - Processing page 304/324
2025-04-27 23:19:25,403 - __main__ - DEBUG - Processing page 305/324
2025-04-27 23:19:25,423 - __main__ - DEBUG - Processing page 306/324
2025-04-27 23:19:25,443 - __main__ - DEBUG - Processing page 307/324
2025-04-27 23:19:25,460 - __main__ - DEBUG - Processing page 308/324
2025-04-27 23:19:25,476 - __main__ - DEBUG - Processing page 309/324
2025-04-27 23:19:25,490 - __main__ - DEBUG - Processing page 310/324
2025-04-27 23:19:25,504 - __main__ - DEBUG - Processing page 311/324
2025-04-27 23:19:25,517 - __main__ - DEBUG - Processing page 312/324
2025-04-27 23:19:25,537 - __main__ - DEBUG - Processing page 313/324
2025-04-27 23:19:25,556 - __main__ - DEBUG - Processing page 314/324
2025-04-27 23:19:25,594 - __main__ - DEBUG - Processing page 315/324
2025-04-27 23:19:25,607 - __main__ - DEBUG - Processing page 316/324
2025-04-27 23:19:25,622 - __main__ - DEBUG - Processing page 317/324
2025-04-27 23:19:25,634 - __main__ - DEBUG - Processing page 318/324
2025-04-27 23:19:25,644 - __main__ - DEBUG - Processing page 319/324
2025-04-27 23:19:25,653 - __main__ - DEBUG - Processing page 320/324
2025-04-27 23:19:25,664 - __main__ - DEBUG - Processing page 321/324
2025-04-27 23:19:25,675 - __main__ - DEBUG - Processing page 322/324
2025-04-27 23:19:25,686 - __main__ - DEBUG - Processing page 323/324
2025-04-27 23:19:25,697 - __main__ - DEBUG - Processing page 324/324
2025-04-27 23:19:25,705 - __main__ - INFO - Successfully extracted 553610 characters from PDF
2025-04-27 23:19:25,706 - __main__ - INFO - Requested summary: 200 sentences, paragraph format, structured type
2025-04-27 23:19:26,806 - __main__ - WARNING - NLTK sentence tokenization failed: 
**********************************************************************
  Resource [93mpunkt_tab[0m not found.
  Please use the NLTK Downloader to obtain the resource:

  [31m>>> import nltk
  >>> nltk.download('punkt_tab')
  [0m
  For more information see: https://www.nltk.org/data.html

  Attempted to load [93mtokenizers/punkt_tab/english/[0m

  Searched in:
    - 'C:\\Users\\Dickson/nltk_data'
    - 'C:\\Program Files\\WindowsApps\\PythonSoftwareFoundation.Python.3.13_3.13.1008.0_x64__qbz5n2kfra8p0\\nltk_data'
    - 'C:\\Program Files\\WindowsApps\\PythonSoftwareFoundation.Python.3.13_3.13.1008.0_x64__qbz5n2kfra8p0\\share\\nltk_data'
    - 'C:\\Program Files\\WindowsApps\\PythonSoftwareFoundation.Python.3.13_3.13.1008.0_x64__qbz5n2kfra8p0\\lib\\nltk_data'
    - 'C:\\Users\\Dickson\\AppData\\Roaming\\nltk_data'
    - 'C:\\nltk_data'
    - 'D:\\nltk_data'
    - 'E:\\nltk_data'
**********************************************************************

2025-04-27 23:19:26,807 - __main__ - INFO - Regex tokenization found 6 sentences
2025-04-27 23:19:26,811 - __main__ - WARNING - NLTK sentence tokenization failed: 
**********************************************************************
  Resource [93mpunkt_tab[0m not found.
  Please use the NLTK Downloader to obtain the resource:

  [31m>>> import nltk
  >>> nltk.download('punkt_tab')
  [0m
  For more information see: https://www.nltk.org/data.html

  Attempted to load [93mtokenizers/punkt_tab/english/[0m

  Searched in:
    - 'C:\\Users\\Dickson/nltk_data'
    - 'C:\\Program Files\\WindowsApps\\PythonSoftwareFoundation.Python.3.13_3.13.1008.0_x64__qbz5n2kfra8p0\\nltk_data'
    - 'C:\\Program Files\\WindowsApps\\PythonSoftwareFoundation.Python.3.13_3.13.1008.0_x64__qbz5n2kfra8p0\\share\\nltk_data'
    - 'C:\\Program Files\\WindowsApps\\PythonSoftwareFoundation.Python.3.13_3.13.1008.0_x64__qbz5n2kfra8p0\\lib\\nltk_data'
    - 'C:\\Users\\Dickson\\AppData\\Roaming\\nltk_data'
    - 'C:\\nltk_data'
    - 'D:\\nltk_data'
    - 'E:\\nltk_data'
**********************************************************************

2025-04-27 23:19:26,812 - __main__ - INFO - Regex tokenization found 115 sentences
2025-04-27 23:19:26,815 - __main__ - WARNING - NLTK sentence tokenization failed: 
**********************************************************************
  Resource [93mpunkt_tab[0m not found.
  Please use the NLTK Downloader to obtain the resource:

  [31m>>> import nltk
  >>> nltk.download('punkt_tab')
  [0m
  For more information see: https://www.nltk.org/data.html

  Attempted to load [93mtokenizers/punkt_tab/english/[0m

  Searched in:
    - 'C:\\Users\\Dickson/nltk_data'
    - 'C:\\Program Files\\WindowsApps\\PythonSoftwareFoundation.Python.3.13_3.13.1008.0_x64__qbz5n2kfra8p0\\nltk_data'
    - 'C:\\Program Files\\WindowsApps\\PythonSoftwareFoundation.Python.3.13_3.13.1008.0_x64__qbz5n2kfra8p0\\share\\nltk_data'
    - 'C:\\Program Files\\WindowsApps\\PythonSoftwareFoundation.Python.3.13_3.13.1008.0_x64__qbz5n2kfra8p0\\lib\\nltk_data'
    - 'C:\\Users\\Dickson\\AppData\\Roaming\\nltk_data'
    - 'C:\\nltk_data'
    - 'D:\\nltk_data'
    - 'E:\\nltk_data'
**********************************************************************

2025-04-27 23:19:26,816 - __main__ - INFO - Regex tokenization found 3 sentences
2025-04-27 23:19:26,819 - __main__ - WARNING - NLTK sentence tokenization failed: 
**********************************************************************
  Resource [93mpunkt_tab[0m not found.
  Please use the NLTK Downloader to obtain the resource:

  [31m>>> import nltk
  >>> nltk.download('punkt_tab')
  [0m
  For more information see: https://www.nltk.org/data.html

  Attempted to load [93mtokenizers/punkt_tab/english/[0m

  Searched in:
    - 'C:\\Users\\Dickson/nltk_data'
    - 'C:\\Program Files\\WindowsApps\\PythonSoftwareFoundation.Python.3.13_3.13.1008.0_x64__qbz5n2kfra8p0\\nltk_data'
    - 'C:\\Program Files\\WindowsApps\\PythonSoftwareFoundation.Python.3.13_3.13.1008.0_x64__qbz5n2kfra8p0\\share\\nltk_data'
    - 'C:\\Program Files\\WindowsApps\\PythonSoftwareFoundation.Python.3.13_3.13.1008.0_x64__qbz5n2kfra8p0\\lib\\nltk_data'
    - 'C:\\Users\\Dickson\\AppData\\Roaming\\nltk_data'
    - 'C:\\nltk_data'
    - 'D:\\nltk_data'
    - 'E:\\nltk_data'
**********************************************************************

2025-04-27 23:19:26,822 - __main__ - INFO - Regex tokenization found 464 sentences
2025-04-27 23:19:26,826 - __main__ - WARNING - NLTK sentence tokenization failed: 
**********************************************************************
  Resource [93mpunkt_tab[0m not found.
  Please use the NLTK Downloader to obtain the resource:

  [31m>>> import nltk
  >>> nltk.download('punkt_tab')
  [0m
  For more information see: https://www.nltk.org/data.html

  Attempted to load [93mtokenizers/punkt_tab/english/[0m

  Searched in:
    - 'C:\\Users\\Dickson/nltk_data'
    - 'C:\\Program Files\\WindowsApps\\PythonSoftwareFoundation.Python.3.13_3.13.1008.0_x64__qbz5n2kfra8p0\\nltk_data'
    - 'C:\\Program Files\\WindowsApps\\PythonSoftwareFoundation.Python.3.13_3.13.1008.0_x64__qbz5n2kfra8p0\\share\\nltk_data'
    - 'C:\\Program Files\\WindowsApps\\PythonSoftwareFoundation.Python.3.13_3.13.1008.0_x64__qbz5n2kfra8p0\\lib\\nltk_data'
    - 'C:\\Users\\Dickson\\AppData\\Roaming\\nltk_data'
    - 'C:\\nltk_data'
    - 'D:\\nltk_data'
    - 'E:\\nltk_data'
**********************************************************************

2025-04-27 23:19:26,826 - __main__ - INFO - Regex tokenization found 6 sentences
2025-04-27 23:19:26,834 - __main__ - ERROR - Error calculating term frequency: 
**********************************************************************
  Resource [93mpunkt_tab[0m not found.
  Please use the NLTK Downloader to obtain the resource:

  [31m>>> import nltk
  >>> nltk.download('punkt_tab')
  [0m
  For more information see: https://www.nltk.org/data.html

  Attempted to load [93mtokenizers/punkt_tab/english/[0m

  Searched in:
    - 'C:\\Users\\Dickson/nltk_data'
    - 'C:\\Program Files\\WindowsApps\\PythonSoftwareFoundation.Python.3.13_3.13.1008.0_x64__qbz5n2kfra8p0\\nltk_data'
    - 'C:\\Program Files\\WindowsApps\\PythonSoftwareFoundation.Python.3.13_3.13.1008.0_x64__qbz5n2kfra8p0\\share\\nltk_data'
    - 'C:\\Program Files\\WindowsApps\\PythonSoftwareFoundation.Python.3.13_3.13.1008.0_x64__qbz5n2kfra8p0\\lib\\nltk_data'
    - 'C:\\Users\\Dickson\\AppData\\Roaming\\nltk_data'
    - 'C:\\nltk_data'
    - 'D:\\nltk_data'
    - 'E:\\nltk_data'
**********************************************************************

2025-04-27 23:19:26,897 - __main__ - ERROR - Error calculating TF-IDF scores: 
**********************************************************************
  Resource [93mpunkt_tab[0m not found.
  Please use the NLTK Downloader to obtain the resource:

  [31m>>> import nltk
  >>> nltk.download('punkt_tab')
  [0m
  For more information see: https://www.nltk.org/data.html

  Attempted to load [93mtokenizers/punkt_tab/english/[0m

  Searched in:
    - 'C:\\Users\\Dickson/nltk_data'
    - 'C:\\Program Files\\WindowsApps\\PythonSoftwareFoundation.Python.3.13_3.13.1008.0_x64__qbz5n2kfra8p0\\nltk_data'
    - 'C:\\Program Files\\WindowsApps\\PythonSoftwareFoundation.Python.3.13_3.13.1008.0_x64__qbz5n2kfra8p0\\share\\nltk_data'
    - 'C:\\Program Files\\WindowsApps\\PythonSoftwareFoundation.Python.3.13_3.13.1008.0_x64__qbz5n2kfra8p0\\lib\\nltk_data'
    - 'C:\\Users\\Dickson\\AppData\\Roaming\\nltk_data'
    - 'C:\\nltk_data'
    - 'D:\\nltk_data'
    - 'E:\\nltk_data'
**********************************************************************

2025-04-27 23:19:26,920 - __main__ - WARNING - NLTK sentence tokenization failed: 
**********************************************************************
  Resource [93mpunkt_tab[0m not found.
  Please use the NLTK Downloader to obtain the resource:

  [31m>>> import nltk
  >>> nltk.download('punkt_tab')
  [0m
  For more information see: https://www.nltk.org/data.html

  Attempted to load [93mtokenizers/punkt_tab/english/[0m

  Searched in:
    - 'C:\\Users\\Dickson/nltk_data'
    - 'C:\\Program Files\\WindowsApps\\PythonSoftwareFoundation.Python.3.13_3.13.1008.0_x64__qbz5n2kfra8p0\\nltk_data'
    - 'C:\\Program Files\\WindowsApps\\PythonSoftwareFoundation.Python.3.13_3.13.1008.0_x64__qbz5n2kfra8p0\\share\\nltk_data'
    - 'C:\\Program Files\\WindowsApps\\PythonSoftwareFoundation.Python.3.13_3.13.1008.0_x64__qbz5n2kfra8p0\\lib\\nltk_data'
    - 'C:\\Users\\Dickson\\AppData\\Roaming\\nltk_data'
    - 'C:\\nltk_data'
    - 'D:\\nltk_data'
    - 'E:\\nltk_data'
**********************************************************************

2025-04-27 23:19:26,933 - __main__ - INFO - Regex tokenization found 2458 sentences
2025-04-27 23:19:27,127 - __main__ - ERROR - Error calculating term frequency: 
**********************************************************************
  Resource [93mpunkt_tab[0m not found.
  Please use the NLTK Downloader to obtain the resource:

  [31m>>> import nltk
  >>> nltk.download('punkt_tab')
  [0m
  For more information see: https://www.nltk.org/data.html

  Attempted to load [93mtokenizers/punkt_tab/english/[0m

  Searched in:
    - 'C:\\Users\\Dickson/nltk_data'
    - 'C:\\Program Files\\WindowsApps\\PythonSoftwareFoundation.Python.3.13_3.13.1008.0_x64__qbz5n2kfra8p0\\nltk_data'
    - 'C:\\Program Files\\WindowsApps\\PythonSoftwareFoundation.Python.3.13_3.13.1008.0_x64__qbz5n2kfra8p0\\share\\nltk_data'
    - 'C:\\Program Files\\WindowsApps\\PythonSoftwareFoundation.Python.3.13_3.13.1008.0_x64__qbz5n2kfra8p0\\lib\\nltk_data'
    - 'C:\\Users\\Dickson\\AppData\\Roaming\\nltk_data'
    - 'C:\\nltk_data'
    - 'D:\\nltk_data'
    - 'E:\\nltk_data'
**********************************************************************

2025-04-27 23:19:27,172 - __main__ - ERROR - Error calculating TF-IDF scores: 
**********************************************************************
  Resource [93mpunkt_tab[0m not found.
  Please use the NLTK Downloader to obtain the resource:

  [31m>>> import nltk
  >>> nltk.download('punkt_tab')
  [0m
  For more information see: https://www.nltk.org/data.html

  Attempted to load [93mtokenizers/punkt_tab/english/[0m

  Searched in:
    - 'C:\\Users\\Dickson/nltk_data'
    - 'C:\\Program Files\\WindowsApps\\PythonSoftwareFoundation.Python.3.13_3.13.1008.0_x64__qbz5n2kfra8p0\\nltk_data'
    - 'C:\\Program Files\\WindowsApps\\PythonSoftwareFoundation.Python.3.13_3.13.1008.0_x64__qbz5n2kfra8p0\\share\\nltk_data'
    - 'C:\\Program Files\\WindowsApps\\PythonSoftwareFoundation.Python.3.13_3.13.1008.0_x64__qbz5n2kfra8p0\\lib\\nltk_data'
    - 'C:\\Users\\Dickson\\AppData\\Roaming\\nltk_data'
    - 'C:\\nltk_data'
    - 'D:\\nltk_data'
    - 'E:\\nltk_data'
**********************************************************************

2025-04-27 23:19:27,178 - __main__ - WARNING - NLTK sentence tokenization failed: 
**********************************************************************
  Resource [93mpunkt_tab[0m not found.
  Please use the NLTK Downloader to obtain the resource:

  [31m>>> import nltk
  >>> nltk.download('punkt_tab')
  [0m
  For more information see: https://www.nltk.org/data.html

  Attempted to load [93mtokenizers/punkt_tab/english/[0m

  Searched in:
    - 'C:\\Users\\Dickson/nltk_data'
    - 'C:\\Program Files\\WindowsApps\\PythonSoftwareFoundation.Python.3.13_3.13.1008.0_x64__qbz5n2kfra8p0\\nltk_data'
    - 'C:\\Program Files\\WindowsApps\\PythonSoftwareFoundation.Python.3.13_3.13.1008.0_x64__qbz5n2kfra8p0\\share\\nltk_data'
    - 'C:\\Program Files\\WindowsApps\\PythonSoftwareFoundation.Python.3.13_3.13.1008.0_x64__qbz5n2kfra8p0\\lib\\nltk_data'
    - 'C:\\Users\\Dickson\\AppData\\Roaming\\nltk_data'
    - 'C:\\nltk_data'
    - 'D:\\nltk_data'
    - 'E:\\nltk_data'
**********************************************************************

2025-04-27 23:19:27,178 - __main__ - INFO - Regex tokenization found 3 sentences
2025-04-27 23:19:27,181 - __main__ - WARNING - NLTK sentence tokenization failed: 
**********************************************************************
  Resource [93mpunkt_tab[0m not found.
  Please use the NLTK Downloader to obtain the resource:

  [31m>>> import nltk
  >>> nltk.download('punkt_tab')
  [0m
  For more information see: https://www.nltk.org/data.html

  Attempted to load [93mtokenizers/punkt_tab/english/[0m

  Searched in:
    - 'C:\\Users\\Dickson/nltk_data'
    - 'C:\\Program Files\\WindowsApps\\PythonSoftwareFoundation.Python.3.13_3.13.1008.0_x64__qbz5n2kfra8p0\\nltk_data'
    - 'C:\\Program Files\\WindowsApps\\PythonSoftwareFoundation.Python.3.13_3.13.1008.0_x64__qbz5n2kfra8p0\\share\\nltk_data'
    - 'C:\\Program Files\\WindowsApps\\PythonSoftwareFoundation.Python.3.13_3.13.1008.0_x64__qbz5n2kfra8p0\\lib\\nltk_data'
    - 'C:\\Users\\Dickson\\AppData\\Roaming\\nltk_data'
    - 'C:\\nltk_data'
    - 'D:\\nltk_data'
    - 'E:\\nltk_data'
**********************************************************************

2025-04-27 23:19:27,182 - __main__ - INFO - Regex tokenization found 6 sentences
2025-04-27 23:19:27,182 - __main__ - INFO - Structured summarization succeeded
2025-04-27 23:19:27,184 - __main__ - DEBUG - Removed temporary file: uploads\A_General_Introduction_to_Data_Analytics_Joao_Moreira_Andre_Carvalho_2.pdf
2025-04-27 23:19:27,187 - __main__ - WARNING - NLTK sentence tokenization failed: 
**********************************************************************
  Resource [93mpunkt_tab[0m not found.
  Please use the NLTK Downloader to obtain the resource:

  [31m>>> import nltk
  >>> nltk.download('punkt_tab')
  [0m
  For more information see: https://www.nltk.org/data.html

  Attempted to load [93mtokenizers/punkt_tab/english/[0m

  Searched in:
    - 'C:\\Users\\Dickson/nltk_data'
    - 'C:\\Program Files\\WindowsApps\\PythonSoftwareFoundation.Python.3.13_3.13.1008.0_x64__qbz5n2kfra8p0\\nltk_data'
    - 'C:\\Program Files\\WindowsApps\\PythonSoftwareFoundation.Python.3.13_3.13.1008.0_x64__qbz5n2kfra8p0\\share\\nltk_data'
    - 'C:\\Program Files\\WindowsApps\\PythonSoftwareFoundation.Python.3.13_3.13.1008.0_x64__qbz5n2kfra8p0\\lib\\nltk_data'
    - 'C:\\Users\\Dickson\\AppData\\Roaming\\nltk_data'
    - 'C:\\nltk_data'
    - 'D:\\nltk_data'
    - 'E:\\nltk_data'
**********************************************************************

2025-04-27 23:19:27,189 - __main__ - INFO - Regex tokenization found 116 sentences
2025-04-27 23:19:27,191 - werkzeug - INFO - 127.0.0.1 - - [27/Apr/2025 23:19:27] "POST /upload HTTP/1.1" 200 -
2025-04-27 23:20:49,852 - __main__ - INFO - Received file upload request
2025-04-27 23:20:49,897 - __main__ - INFO - Processing file: [Robert_S._Witte,_John_S._Witte]_Statistics(z-lib.org).pdf
2025-04-27 23:20:50,015 - __main__ - INFO - Beginning PDF extraction
2025-04-27 23:20:50,079 - __main__ - INFO - PDF has 501 pages
2025-04-27 23:20:50,080 - __main__ - DEBUG - Processing page 1/501
2025-04-27 23:20:50,081 - __main__ - WARNING - No text extracted from page 1
2025-04-27 23:20:50,082 - __main__ - DEBUG - Processing page 2/501
2025-04-27 23:20:50,101 - __main__ - DEBUG - Processing page 3/501
2025-04-27 23:20:50,125 - __main__ - DEBUG - Processing page 4/501
2025-04-27 23:20:50,150 - __main__ - DEBUG - Processing page 5/501
2025-04-27 23:20:50,167 - __main__ - DEBUG - Processing page 6/501
2025-04-27 23:20:50,191 - __main__ - DEBUG - Processing page 7/501
2025-04-27 23:20:50,277 - __main__ - DEBUG - Processing page 8/501
2025-04-27 23:20:50,298 - __main__ - DEBUG - Processing page 9/501
2025-04-27 23:20:50,320 - __main__ - DEBUG - Processing page 10/501
2025-04-27 23:20:50,346 - __main__ - DEBUG - Processing page 11/501
2025-04-27 23:20:50,368 - __main__ - DEBUG - Processing page 12/501
2025-04-27 23:20:50,396 - __main__ - DEBUG - Processing page 13/501
2025-04-27 23:20:50,419 - __main__ - DEBUG - Processing page 14/501
2025-04-27 23:20:50,445 - __main__ - DEBUG - Processing page 15/501
2025-04-27 23:20:50,493 - __main__ - DEBUG - Processing page 16/501
2025-04-27 23:20:50,518 - __main__ - DEBUG - Processing page 17/501
2025-04-27 23:20:50,541 - __main__ - DEBUG - Processing page 18/501
2025-04-27 23:20:50,562 - __main__ - DEBUG - Processing page 19/501
2025-04-27 23:20:50,582 - __main__ - DEBUG - Processing page 20/501
2025-04-27 23:20:50,609 - __main__ - DEBUG - Processing page 21/501
2025-04-27 23:20:50,634 - __main__ - DEBUG - Processing page 22/501
2025-04-27 23:20:50,659 - __main__ - DEBUG - Processing page 23/501
2025-04-27 23:20:50,683 - __main__ - DEBUG - Processing page 24/501
2025-04-27 23:20:50,713 - __main__ - DEBUG - Processing page 25/501
2025-04-27 23:20:50,738 - __main__ - DEBUG - Processing page 26/501
2025-04-27 23:20:50,762 - __main__ - DEBUG - Processing page 27/501
2025-04-27 23:20:50,785 - __main__ - DEBUG - Processing page 28/501
2025-04-27 23:20:50,808 - __main__ - DEBUG - Processing page 29/501
2025-04-27 23:20:50,834 - __main__ - DEBUG - Processing page 30/501
2025-04-27 23:20:50,857 - __main__ - DEBUG - Processing page 31/501
2025-04-27 23:20:50,882 - __main__ - DEBUG - Processing page 32/501
2025-04-27 23:20:50,907 - __main__ - DEBUG - Processing page 33/501
2025-04-27 23:20:50,931 - __main__ - DEBUG - Processing page 34/501
2025-04-27 23:20:50,956 - __main__ - DEBUG - Processing page 35/501
2025-04-27 23:20:50,984 - __main__ - DEBUG - Processing page 36/501
2025-04-27 23:20:51,011 - __main__ - DEBUG - Processing page 37/501
2025-04-27 23:20:51,031 - __main__ - DEBUG - Processing page 38/501
2025-04-27 23:20:51,046 - __main__ - DEBUG - Processing page 39/501
2025-04-27 23:20:51,067 - __main__ - DEBUG - Processing page 40/501
2025-04-27 23:20:51,090 - __main__ - DEBUG - Processing page 41/501
2025-04-27 23:20:51,120 - __main__ - DEBUG - Processing page 42/501
2025-04-27 23:20:51,150 - __main__ - DEBUG - Processing page 43/501
2025-04-27 23:20:51,179 - __main__ - DEBUG - Processing page 44/501
2025-04-27 23:20:51,210 - __main__ - DEBUG - Processing page 45/501
2025-04-27 23:20:51,249 - __main__ - DEBUG - Processing page 46/501
2025-04-27 23:20:51,276 - __main__ - DEBUG - Processing page 47/501
2025-04-27 23:20:51,304 - __main__ - DEBUG - Processing page 48/501
2025-04-27 23:20:51,336 - __main__ - DEBUG - Processing page 49/501
2025-04-27 23:20:51,366 - __main__ - DEBUG - Processing page 50/501
2025-04-27 23:20:51,403 - __main__ - DEBUG - Processing page 51/501
2025-04-27 23:20:51,437 - __main__ - DEBUG - Processing page 52/501
2025-04-27 23:20:51,465 - __main__ - DEBUG - Processing page 53/501
2025-04-27 23:20:51,519 - __main__ - DEBUG - Processing page 54/501
2025-04-27 23:20:51,555 - __main__ - DEBUG - Processing page 55/501
2025-04-27 23:20:51,584 - __main__ - DEBUG - Processing page 56/501
2025-04-27 23:20:51,612 - __main__ - DEBUG - Processing page 57/501
2025-04-27 23:20:51,638 - __main__ - DEBUG - Processing page 58/501
2025-04-27 23:20:51,661 - __main__ - DEBUG - Processing page 59/501
2025-04-27 23:20:51,686 - __main__ - DEBUG - Processing page 60/501
2025-04-27 23:20:51,710 - __main__ - DEBUG - Processing page 61/501
2025-04-27 23:20:51,734 - __main__ - DEBUG - Processing page 62/501
2025-04-27 23:20:51,815 - __main__ - DEBUG - Processing page 63/501
2025-04-27 23:20:51,845 - __main__ - DEBUG - Processing page 64/501
2025-04-27 23:20:51,871 - __main__ - DEBUG - Processing page 65/501
2025-04-27 23:20:51,895 - __main__ - DEBUG - Processing page 66/501
2025-04-27 23:20:51,926 - __main__ - DEBUG - Processing page 67/501
2025-04-27 23:20:51,953 - __main__ - DEBUG - Processing page 68/501
2025-04-27 23:20:51,982 - __main__ - DEBUG - Processing page 69/501
2025-04-27 23:20:52,011 - __main__ - DEBUG - Processing page 70/501
2025-04-27 23:20:52,036 - __main__ - DEBUG - Processing page 71/501
2025-04-27 23:20:52,065 - __main__ - DEBUG - Processing page 72/501
2025-04-27 23:20:52,089 - __main__ - DEBUG - Processing page 73/501
2025-04-27 23:20:52,115 - __main__ - DEBUG - Processing page 74/501
2025-04-27 23:20:52,142 - __main__ - DEBUG - Processing page 75/501
2025-04-27 23:20:52,167 - __main__ - DEBUG - Processing page 76/501
2025-04-27 23:20:52,198 - __main__ - DEBUG - Processing page 77/501
2025-04-27 23:20:52,227 - __main__ - DEBUG - Processing page 78/501
2025-04-27 23:20:52,253 - __main__ - DEBUG - Processing page 79/501
2025-04-27 23:20:52,283 - __main__ - DEBUG - Processing page 80/501
2025-04-27 23:20:52,314 - __main__ - DEBUG - Processing page 81/501
2025-04-27 23:20:52,344 - __main__ - DEBUG - Processing page 82/501
2025-04-27 23:20:52,368 - __main__ - DEBUG - Processing page 83/501
2025-04-27 23:20:52,392 - __main__ - DEBUG - Processing page 84/501
2025-04-27 23:20:52,421 - __main__ - DEBUG - Processing page 85/501
2025-04-27 23:20:52,447 - __main__ - DEBUG - Processing page 86/501
2025-04-27 23:20:52,476 - __main__ - DEBUG - Processing page 87/501
2025-04-27 23:20:52,512 - __main__ - DEBUG - Processing page 88/501
2025-04-27 23:20:52,548 - __main__ - DEBUG - Processing page 89/501
2025-04-27 23:20:52,582 - __main__ - DEBUG - Processing page 90/501
2025-04-27 23:20:52,614 - __main__ - DEBUG - Processing page 91/501
2025-04-27 23:20:52,648 - __main__ - DEBUG - Processing page 92/501
2025-04-27 23:20:52,687 - __main__ - DEBUG - Processing page 93/501
2025-04-27 23:20:52,716 - __main__ - DEBUG - Processing page 94/501
2025-04-27 23:20:52,746 - __main__ - DEBUG - Processing page 95/501
2025-04-27 23:20:52,770 - __main__ - DEBUG - Processing page 96/501
2025-04-27 23:20:52,794 - __main__ - DEBUG - Processing page 97/501
2025-04-27 23:20:52,822 - __main__ - DEBUG - Processing page 98/501
2025-04-27 23:20:52,846 - __main__ - DEBUG - Processing page 99/501
2025-04-27 23:20:52,867 - __main__ - DEBUG - Processing page 100/501
2025-04-27 23:20:52,893 - __main__ - DEBUG - Processing page 101/501
2025-04-27 23:20:52,929 - __main__ - DEBUG - Processing page 102/501
2025-04-27 23:20:52,954 - __main__ - DEBUG - Processing page 103/501
2025-04-27 23:20:52,982 - __main__ - DEBUG - Processing page 104/501
2025-04-27 23:20:53,011 - __main__ - DEBUG - Processing page 105/501
2025-04-27 23:20:53,052 - __main__ - DEBUG - Processing page 106/501
2025-04-27 23:20:53,079 - __main__ - DEBUG - Processing page 107/501
2025-04-27 23:20:53,113 - __main__ - DEBUG - Processing page 108/501
2025-04-27 23:20:53,143 - __main__ - DEBUG - Processing page 109/501
2025-04-27 23:20:53,218 - __main__ - DEBUG - Processing page 110/501
2025-04-27 23:20:53,246 - __main__ - DEBUG - Processing page 111/501
2025-04-27 23:20:53,281 - __main__ - DEBUG - Processing page 112/501
2025-04-27 23:20:53,313 - __main__ - DEBUG - Processing page 113/501
2025-04-27 23:20:53,343 - __main__ - DEBUG - Processing page 114/501
2025-04-27 23:20:53,370 - __main__ - DEBUG - Processing page 115/501
2025-04-27 23:20:53,401 - __main__ - DEBUG - Processing page 116/501
2025-04-27 23:20:53,430 - __main__ - DEBUG - Processing page 117/501
2025-04-27 23:20:53,465 - __main__ - DEBUG - Processing page 118/501
2025-04-27 23:20:53,492 - __main__ - DEBUG - Processing page 119/501
2025-04-27 23:20:53,529 - __main__ - DEBUG - Processing page 120/501
2025-04-27 23:20:53,558 - __main__ - DEBUG - Processing page 121/501
2025-04-27 23:20:53,600 - __main__ - DEBUG - Processing page 122/501
2025-04-27 23:20:53,630 - __main__ - DEBUG - Processing page 123/501
2025-04-27 23:20:53,654 - __main__ - DEBUG - Processing page 124/501
2025-04-27 23:20:53,680 - __main__ - DEBUG - Processing page 125/501
2025-04-27 23:20:53,699 - __main__ - DEBUG - Processing page 126/501
2025-04-27 23:20:53,730 - __main__ - DEBUG - Processing page 127/501
2025-04-27 23:20:53,760 - __main__ - DEBUG - Processing page 128/501
2025-04-27 23:20:53,785 - __main__ - DEBUG - Processing page 129/501
2025-04-27 23:20:53,913 - __main__ - DEBUG - Processing page 130/501
2025-04-27 23:20:53,969 - __main__ - DEBUG - Processing page 131/501
2025-04-27 23:20:53,998 - __main__ - DEBUG - Processing page 132/501
2025-04-27 23:20:54,035 - __main__ - DEBUG - Processing page 133/501
2025-04-27 23:20:54,080 - __main__ - DEBUG - Processing page 134/501
2025-04-27 23:20:54,105 - __main__ - DEBUG - Processing page 135/501
2025-04-27 23:20:54,151 - __main__ - DEBUG - Processing page 136/501
2025-04-27 23:20:54,190 - __main__ - DEBUG - Processing page 137/501
2025-04-27 23:20:54,219 - __main__ - DEBUG - Processing page 138/501
2025-04-27 23:20:54,257 - __main__ - DEBUG - Processing page 139/501
2025-04-27 23:20:54,286 - __main__ - DEBUG - Processing page 140/501
2025-04-27 23:20:54,332 - __main__ - DEBUG - Processing page 141/501
2025-04-27 23:20:54,359 - __main__ - DEBUG - Processing page 142/501
2025-04-27 23:20:54,390 - __main__ - DEBUG - Processing page 143/501
2025-04-27 23:20:54,416 - __main__ - DEBUG - Processing page 144/501
2025-04-27 23:20:54,437 - __main__ - DEBUG - Processing page 145/501
2025-04-27 23:20:54,469 - __main__ - DEBUG - Processing page 146/501
2025-04-27 23:20:54,499 - __main__ - DEBUG - Processing page 147/501
2025-04-27 23:20:54,533 - __main__ - DEBUG - Processing page 148/501
2025-04-27 23:20:54,565 - __main__ - DEBUG - Processing page 149/501
2025-04-27 23:20:54,599 - __main__ - DEBUG - Processing page 150/501
2025-04-27 23:20:54,692 - __main__ - DEBUG - Processing page 151/501
2025-04-27 23:20:54,729 - __main__ - DEBUG - Processing page 152/501
2025-04-27 23:20:54,768 - __main__ - DEBUG - Processing page 153/501
2025-04-27 23:20:54,796 - __main__ - DEBUG - Processing page 154/501
2025-04-27 23:20:54,849 - __main__ - DEBUG - Processing page 155/501
2025-04-27 23:20:54,884 - __main__ - DEBUG - Processing page 156/501
2025-04-27 23:20:54,928 - __main__ - DEBUG - Processing page 157/501
2025-04-27 23:20:54,964 - __main__ - DEBUG - Processing page 158/501
2025-04-27 23:20:54,994 - __main__ - DEBUG - Processing page 159/501
2025-04-27 23:20:55,022 - __main__ - DEBUG - Processing page 160/501
2025-04-27 23:20:55,053 - __main__ - DEBUG - Processing page 161/501
2025-04-27 23:20:55,079 - __main__ - DEBUG - Processing page 162/501
2025-04-27 23:20:55,106 - __main__ - DEBUG - Processing page 163/501
2025-04-27 23:20:55,133 - __main__ - DEBUG - Processing page 164/501
2025-04-27 23:20:55,149 - __main__ - DEBUG - Processing page 165/501
2025-04-27 23:20:55,170 - __main__ - DEBUG - Processing page 166/501
2025-04-27 23:20:55,194 - __main__ - DEBUG - Processing page 167/501
2025-04-27 23:20:55,219 - __main__ - DEBUG - Processing page 168/501
2025-04-27 23:20:55,245 - __main__ - DEBUG - Processing page 169/501
2025-04-27 23:20:55,270 - __main__ - DEBUG - Processing page 170/501
2025-04-27 23:20:55,297 - __main__ - DEBUG - Processing page 171/501
2025-04-27 23:20:55,324 - __main__ - DEBUG - Processing page 172/501
2025-04-27 23:20:55,350 - __main__ - DEBUG - Processing page 173/501
2025-04-27 23:20:55,386 - __main__ - DEBUG - Processing page 174/501
2025-04-27 23:20:55,414 - __main__ - DEBUG - Processing page 175/501
2025-04-27 23:20:55,444 - __main__ - DEBUG - Processing page 176/501
2025-04-27 23:20:55,469 - __main__ - DEBUG - Processing page 177/501
2025-04-27 23:20:55,499 - __main__ - DEBUG - Processing page 178/501
2025-04-27 23:20:55,526 - __main__ - DEBUG - Processing page 179/501
2025-04-27 23:20:55,556 - __main__ - DEBUG - Processing page 180/501
2025-04-27 23:20:55,586 - __main__ - DEBUG - Processing page 181/501
2025-04-27 23:20:55,614 - __main__ - DEBUG - Processing page 182/501
2025-04-27 23:20:55,639 - __main__ - DEBUG - Processing page 183/501
2025-04-27 23:20:55,665 - __main__ - DEBUG - Processing page 184/501
2025-04-27 23:20:55,695 - __main__ - DEBUG - Processing page 185/501
2025-04-27 23:20:55,725 - __main__ - DEBUG - Processing page 186/501
2025-04-27 23:20:55,746 - __main__ - DEBUG - Processing page 187/501
2025-04-27 23:20:55,772 - __main__ - DEBUG - Processing page 188/501
2025-04-27 23:20:55,798 - __main__ - DEBUG - Processing page 189/501
2025-04-27 23:20:55,829 - __main__ - DEBUG - Processing page 190/501
2025-04-27 23:20:55,867 - __main__ - DEBUG - Processing page 191/501
2025-04-27 23:20:55,902 - __main__ - DEBUG - Processing page 192/501
2025-04-27 23:20:55,944 - __main__ - DEBUG - Processing page 193/501
2025-04-27 23:20:55,973 - __main__ - DEBUG - Processing page 194/501
2025-04-27 23:20:56,000 - __main__ - DEBUG - Processing page 195/501
2025-04-27 23:20:56,023 - __main__ - DEBUG - Processing page 196/501
2025-04-27 23:20:56,048 - __main__ - DEBUG - Processing page 197/501
2025-04-27 23:20:56,077 - __main__ - DEBUG - Processing page 198/501
2025-04-27 23:20:56,100 - __main__ - DEBUG - Processing page 199/501
2025-04-27 23:20:56,121 - __main__ - DEBUG - Processing page 200/501
2025-04-27 23:20:56,146 - __main__ - DEBUG - Processing page 201/501
2025-04-27 23:20:56,218 - __main__ - DEBUG - Processing page 202/501
2025-04-27 23:20:56,244 - __main__ - DEBUG - Processing page 203/501
2025-04-27 23:20:56,271 - __main__ - DEBUG - Processing page 204/501
2025-04-27 23:20:56,307 - __main__ - DEBUG - Processing page 205/501
2025-04-27 23:20:56,334 - __main__ - DEBUG - Processing page 206/501
2025-04-27 23:20:56,363 - __main__ - DEBUG - Processing page 207/501
2025-04-27 23:20:56,394 - __main__ - DEBUG - Processing page 208/501
2025-04-27 23:20:56,429 - __main__ - DEBUG - Processing page 209/501
2025-04-27 23:20:56,498 - __main__ - DEBUG - Processing page 210/501
2025-04-27 23:20:56,546 - __main__ - DEBUG - Processing page 211/501
2025-04-27 23:20:56,586 - __main__ - DEBUG - Processing page 212/501
2025-04-27 23:20:56,615 - __main__ - DEBUG - Processing page 213/501
2025-04-27 23:20:56,638 - __main__ - DEBUG - Processing page 214/501
2025-04-27 23:20:56,664 - __main__ - DEBUG - Processing page 215/501
2025-04-27 23:20:56,690 - __main__ - DEBUG - Processing page 216/501
2025-04-27 23:20:56,715 - __main__ - DEBUG - Processing page 217/501
2025-04-27 23:20:56,742 - __main__ - DEBUG - Processing page 218/501
2025-04-27 23:20:56,775 - __main__ - DEBUG - Processing page 219/501
2025-04-27 23:20:56,802 - __main__ - DEBUG - Processing page 220/501
2025-04-27 23:20:56,834 - __main__ - DEBUG - Processing page 221/501
2025-04-27 23:20:56,865 - __main__ - DEBUG - Processing page 222/501
2025-04-27 23:20:56,898 - __main__ - DEBUG - Processing page 223/501
2025-04-27 23:20:56,932 - __main__ - DEBUG - Processing page 224/501
2025-04-27 23:20:56,962 - __main__ - DEBUG - Processing page 225/501
2025-04-27 23:20:56,993 - __main__ - DEBUG - Processing page 226/501
2025-04-27 23:20:57,024 - __main__ - DEBUG - Processing page 227/501
2025-04-27 23:20:57,050 - __main__ - DEBUG - Processing page 228/501
2025-04-27 23:20:57,081 - __main__ - DEBUG - Processing page 229/501
2025-04-27 23:20:57,111 - __main__ - DEBUG - Processing page 230/501
2025-04-27 23:20:57,140 - __main__ - DEBUG - Processing page 231/501
2025-04-27 23:20:57,169 - __main__ - DEBUG - Processing page 232/501
2025-04-27 23:20:57,195 - __main__ - DEBUG - Processing page 233/501
2025-04-27 23:20:57,218 - __main__ - DEBUG - Processing page 234/501
2025-04-27 23:20:57,248 - __main__ - DEBUG - Processing page 235/501
2025-04-27 23:20:57,280 - __main__ - DEBUG - Processing page 236/501
2025-04-27 23:20:57,311 - __main__ - DEBUG - Processing page 237/501
2025-04-27 23:20:57,335 - __main__ - DEBUG - Processing page 238/501
2025-04-27 23:20:57,356 - __main__ - DEBUG - Processing page 239/501
2025-04-27 23:20:57,375 - __main__ - DEBUG - Processing page 240/501
2025-04-27 23:20:57,399 - __main__ - DEBUG - Processing page 241/501
2025-04-27 23:20:57,425 - __main__ - DEBUG - Processing page 242/501
2025-04-27 23:20:57,456 - __main__ - DEBUG - Processing page 243/501
2025-04-27 23:20:57,481 - __main__ - DEBUG - Processing page 244/501
2025-04-27 23:20:57,509 - __main__ - DEBUG - Processing page 245/501
2025-04-27 23:20:57,530 - __main__ - DEBUG - Processing page 246/501
2025-04-27 23:20:57,557 - __main__ - DEBUG - Processing page 247/501
2025-04-27 23:20:57,581 - __main__ - DEBUG - Processing page 248/501
2025-04-27 23:20:57,605 - __main__ - DEBUG - Processing page 249/501
2025-04-27 23:20:57,633 - __main__ - DEBUG - Processing page 250/501
2025-04-27 23:20:57,653 - __main__ - DEBUG - Processing page 251/501
2025-04-27 23:20:57,720 - __main__ - DEBUG - Processing page 252/501
2025-04-27 23:20:57,752 - __main__ - DEBUG - Processing page 253/501
2025-04-27 23:20:57,783 - __main__ - DEBUG - Processing page 254/501
2025-04-27 23:20:57,812 - __main__ - DEBUG - Processing page 255/501
2025-04-27 23:20:57,845 - __main__ - DEBUG - Processing page 256/501
2025-04-27 23:20:57,870 - __main__ - DEBUG - Processing page 257/501
2025-04-27 23:20:57,902 - __main__ - DEBUG - Processing page 258/501
2025-04-27 23:20:57,942 - __main__ - DEBUG - Processing page 259/501
2025-04-27 23:20:57,969 - __main__ - DEBUG - Processing page 260/501
2025-04-27 23:20:57,998 - __main__ - DEBUG - Processing page 261/501
2025-04-27 23:20:58,028 - __main__ - DEBUG - Processing page 262/501
2025-04-27 23:20:58,051 - __main__ - DEBUG - Processing page 263/501
2025-04-27 23:20:58,073 - __main__ - DEBUG - Processing page 264/501
2025-04-27 23:20:58,101 - __main__ - DEBUG - Processing page 265/501
2025-04-27 23:20:58,139 - __main__ - DEBUG - Processing page 266/501
2025-04-27 23:20:58,178 - __main__ - DEBUG - Processing page 267/501
2025-04-27 23:20:58,218 - __main__ - DEBUG - Processing page 268/501
2025-04-27 23:20:58,263 - __main__ - DEBUG - Processing page 269/501
2025-04-27 23:20:58,292 - __main__ - DEBUG - Processing page 270/501
2025-04-27 23:20:58,324 - __main__ - DEBUG - Processing page 271/501
2025-04-27 23:20:58,363 - __main__ - DEBUG - Processing page 272/501
2025-04-27 23:20:58,405 - __main__ - DEBUG - Processing page 273/501
2025-04-27 23:20:58,436 - __main__ - DEBUG - Processing page 274/501
2025-04-27 23:20:58,467 - __main__ - DEBUG - Processing page 275/501
2025-04-27 23:20:58,499 - __main__ - DEBUG - Processing page 276/501
2025-04-27 23:20:58,536 - __main__ - DEBUG - Processing page 277/501
2025-04-27 23:20:58,573 - __main__ - DEBUG - Processing page 278/501
2025-04-27 23:20:58,614 - __main__ - DEBUG - Processing page 279/501
2025-04-27 23:20:58,641 - __main__ - DEBUG - Processing page 280/501
2025-04-27 23:20:58,674 - __main__ - DEBUG - Processing page 281/501
2025-04-27 23:20:58,711 - __main__ - DEBUG - Processing page 282/501
2025-04-27 23:20:58,743 - __main__ - DEBUG - Processing page 283/501
2025-04-27 23:20:58,777 - __main__ - DEBUG - Processing page 284/501
2025-04-27 23:20:58,801 - __main__ - DEBUG - Processing page 285/501
2025-04-27 23:20:58,838 - __main__ - DEBUG - Processing page 286/501
2025-04-27 23:20:58,875 - __main__ - DEBUG - Processing page 287/501
2025-04-27 23:20:58,905 - __main__ - DEBUG - Processing page 288/501
2025-04-27 23:20:58,935 - __main__ - DEBUG - Processing page 289/501
2025-04-27 23:20:58,964 - __main__ - DEBUG - Processing page 290/501
2025-04-27 23:20:58,986 - __main__ - DEBUG - Processing page 291/501
2025-04-27 23:20:59,011 - __main__ - DEBUG - Processing page 292/501
2025-04-27 23:20:59,043 - __main__ - DEBUG - Processing page 293/501
2025-04-27 23:20:59,136 - __main__ - DEBUG - Processing page 294/501
2025-04-27 23:20:59,167 - __main__ - DEBUG - Processing page 295/501
2025-04-27 23:20:59,203 - __main__ - DEBUG - Processing page 296/501
2025-04-27 23:20:59,234 - __main__ - DEBUG - Processing page 297/501
2025-04-27 23:20:59,266 - __main__ - DEBUG - Processing page 298/501
2025-04-27 23:20:59,304 - __main__ - DEBUG - Processing page 299/501
2025-04-27 23:20:59,332 - __main__ - DEBUG - Processing page 300/501
2025-04-27 23:20:59,360 - __main__ - DEBUG - Processing page 301/501
2025-04-27 23:20:59,385 - __main__ - DEBUG - Processing page 302/501
2025-04-27 23:20:59,423 - __main__ - DEBUG - Processing page 303/501
2025-04-27 23:20:59,449 - __main__ - DEBUG - Processing page 304/501
2025-04-27 23:20:59,474 - __main__ - DEBUG - Processing page 305/501
2025-04-27 23:20:59,501 - __main__ - DEBUG - Processing page 306/501
2025-04-27 23:20:59,535 - __main__ - DEBUG - Processing page 307/501
2025-04-27 23:20:59,563 - __main__ - DEBUG - Processing page 308/501
2025-04-27 23:20:59,588 - __main__ - DEBUG - Processing page 309/501
2025-04-27 23:20:59,613 - __main__ - DEBUG - Processing page 310/501
2025-04-27 23:20:59,633 - __main__ - DEBUG - Processing page 311/501
2025-04-27 23:20:59,662 - __main__ - DEBUG - Processing page 312/501
2025-04-27 23:20:59,687 - __main__ - DEBUG - Processing page 313/501
2025-04-27 23:20:59,720 - __main__ - DEBUG - Processing page 314/501
2025-04-27 23:20:59,749 - __main__ - DEBUG - Processing page 315/501
2025-04-27 23:20:59,775 - __main__ - DEBUG - Processing page 316/501
2025-04-27 23:20:59,803 - __main__ - DEBUG - Processing page 317/501
2025-04-27 23:20:59,830 - __main__ - DEBUG - Processing page 318/501
2025-04-27 23:20:59,861 - __main__ - DEBUG - Processing page 319/501
2025-04-27 23:20:59,891 - __main__ - DEBUG - Processing page 320/501
2025-04-27 23:20:59,938 - __main__ - DEBUG - Processing page 321/501
2025-04-27 23:20:59,986 - __main__ - DEBUG - Processing page 322/501
2025-04-27 23:21:00,015 - __main__ - DEBUG - Processing page 323/501
2025-04-27 23:21:00,052 - __main__ - DEBUG - Processing page 324/501
2025-04-27 23:21:00,089 - __main__ - DEBUG - Processing page 325/501
2025-04-27 23:21:00,118 - __main__ - DEBUG - Processing page 326/501
2025-04-27 23:21:00,147 - __main__ - DEBUG - Processing page 327/501
2025-04-27 23:21:00,180 - __main__ - DEBUG - Processing page 328/501
2025-04-27 23:21:00,220 - __main__ - DEBUG - Processing page 329/501
2025-04-27 23:21:00,259 - __main__ - DEBUG - Processing page 330/501
2025-04-27 23:21:00,292 - __main__ - DEBUG - Processing page 331/501
2025-04-27 23:21:00,328 - __main__ - DEBUG - Processing page 332/501
2025-04-27 23:21:00,356 - __main__ - DEBUG - Processing page 333/501
2025-04-27 23:21:00,385 - __main__ - DEBUG - Processing page 334/501
2025-04-27 23:21:00,411 - __main__ - DEBUG - Processing page 335/501
2025-04-27 23:21:00,488 - __main__ - DEBUG - Processing page 336/501
2025-04-27 23:21:00,518 - __main__ - DEBUG - Processing page 337/501
2025-04-27 23:21:00,547 - __main__ - DEBUG - Processing page 338/501
2025-04-27 23:21:00,575 - __main__ - DEBUG - Processing page 339/501
2025-04-27 23:21:00,599 - __main__ - DEBUG - Processing page 340/501
2025-04-27 23:21:00,618 - __main__ - DEBUG - Processing page 341/501
2025-04-27 23:21:00,645 - __main__ - DEBUG - Processing page 342/501
2025-04-27 23:21:00,674 - __main__ - DEBUG - Processing page 343/501
2025-04-27 23:21:00,703 - __main__ - DEBUG - Processing page 344/501
2025-04-27 23:21:00,732 - __main__ - DEBUG - Processing page 345/501
2025-04-27 23:21:00,765 - __main__ - DEBUG - Processing page 346/501
2025-04-27 23:21:00,810 - __main__ - DEBUG - Processing page 347/501
2025-04-27 23:21:00,843 - __main__ - DEBUG - Processing page 348/501
2025-04-27 23:21:00,871 - __main__ - DEBUG - Processing page 349/501
2025-04-27 23:21:00,905 - __main__ - DEBUG - Processing page 350/501
2025-04-27 23:21:00,932 - __main__ - DEBUG - Processing page 351/501
2025-04-27 23:21:00,973 - __main__ - DEBUG - Processing page 352/501
2025-04-27 23:21:01,002 - __main__ - DEBUG - Processing page 353/501
2025-04-27 23:21:01,033 - __main__ - DEBUG - Processing page 354/501
2025-04-27 23:21:01,057 - __main__ - DEBUG - Processing page 355/501
2025-04-27 23:21:01,084 - __main__ - DEBUG - Processing page 356/501
2025-04-27 23:21:01,110 - __main__ - DEBUG - Processing page 357/501
2025-04-27 23:21:01,131 - __main__ - DEBUG - Processing page 358/501
2025-04-27 23:21:01,156 - __main__ - DEBUG - Processing page 359/501
2025-04-27 23:21:01,187 - __main__ - DEBUG - Processing page 360/501
2025-04-27 23:21:01,213 - __main__ - DEBUG - Processing page 361/501
2025-04-27 23:21:01,239 - __main__ - DEBUG - Processing page 362/501
2025-04-27 23:21:01,261 - __main__ - DEBUG - Processing page 363/501
2025-04-27 23:21:01,290 - __main__ - DEBUG - Processing page 364/501
2025-04-27 23:21:01,323 - __main__ - DEBUG - Processing page 365/501
2025-04-27 23:21:01,351 - __main__ - DEBUG - Processing page 366/501
2025-04-27 23:21:01,387 - __main__ - DEBUG - Processing page 367/501
2025-04-27 23:21:01,425 - __main__ - DEBUG - Processing page 368/501
2025-04-27 23:21:01,469 - __main__ - DEBUG - Processing page 369/501
2025-04-27 23:21:01,501 - __main__ - DEBUG - Processing page 370/501
2025-04-27 23:21:01,540 - __main__ - DEBUG - Processing page 371/501
2025-04-27 23:21:01,572 - __main__ - DEBUG - Processing page 372/501
2025-04-27 23:21:01,606 - __main__ - DEBUG - Processing page 373/501
2025-04-27 23:21:01,636 - __main__ - DEBUG - Processing page 374/501
2025-04-27 23:21:01,666 - __main__ - DEBUG - Processing page 375/501
2025-04-27 23:21:01,741 - __main__ - DEBUG - Processing page 376/501
2025-04-27 23:21:01,774 - __main__ - DEBUG - Processing page 377/501
2025-04-27 23:21:01,810 - __main__ - DEBUG - Processing page 378/501
2025-04-27 23:21:01,835 - __main__ - DEBUG - Processing page 379/501
2025-04-27 23:21:01,862 - __main__ - DEBUG - Processing page 380/501
2025-04-27 23:21:01,890 - __main__ - DEBUG - Processing page 381/501
2025-04-27 23:21:01,917 - __main__ - DEBUG - Processing page 382/501
2025-04-27 23:21:01,947 - __main__ - DEBUG - Processing page 383/501
2025-04-27 23:21:01,971 - __main__ - DEBUG - Processing page 384/501
2025-04-27 23:21:01,997 - __main__ - DEBUG - Processing page 385/501
2025-04-27 23:21:02,023 - __main__ - DEBUG - Processing page 386/501
2025-04-27 23:21:02,052 - __main__ - DEBUG - Processing page 387/501
2025-04-27 23:21:02,083 - __main__ - DEBUG - Processing page 388/501
2025-04-27 23:21:02,114 - __main__ - DEBUG - Processing page 389/501
2025-04-27 23:21:02,145 - __main__ - DEBUG - Processing page 390/501
2025-04-27 23:21:02,172 - __main__ - DEBUG - Processing page 391/501
2025-04-27 23:21:02,198 - __main__ - DEBUG - Processing page 392/501
2025-04-27 23:21:02,223 - __main__ - DEBUG - Processing page 393/501
2025-04-27 23:21:02,260 - __main__ - DEBUG - Processing page 394/501
2025-04-27 23:21:02,290 - __main__ - DEBUG - Processing page 395/501
2025-04-27 23:21:02,324 - __main__ - DEBUG - Processing page 396/501
2025-04-27 23:21:02,364 - __main__ - DEBUG - Processing page 397/501
2025-04-27 23:21:02,395 - __main__ - DEBUG - Processing page 398/501
2025-04-27 23:21:02,423 - __main__ - DEBUG - Processing page 399/501
2025-04-27 23:21:02,451 - __main__ - DEBUG - Processing page 400/501
2025-04-27 23:21:02,485 - __main__ - DEBUG - Processing page 401/501
2025-04-27 23:21:02,513 - __main__ - DEBUG - Processing page 402/501
2025-04-27 23:21:02,541 - __main__ - DEBUG - Processing page 403/501
2025-04-27 23:21:02,568 - __main__ - DEBUG - Processing page 404/501
2025-04-27 23:21:02,588 - __main__ - DEBUG - Processing page 405/501
2025-04-27 23:21:02,616 - __main__ - DEBUG - Processing page 406/501
2025-04-27 23:21:02,649 - __main__ - DEBUG - Processing page 407/501
2025-04-27 23:21:02,681 - __main__ - DEBUG - Processing page 408/501
2025-04-27 23:21:02,709 - __main__ - DEBUG - Processing page 409/501
2025-04-27 23:21:02,735 - __main__ - DEBUG - Processing page 410/501
2025-04-27 23:21:02,758 - __main__ - DEBUG - Processing page 411/501
2025-04-27 23:21:02,789 - __main__ - DEBUG - Processing page 412/501
2025-04-27 23:21:02,817 - __main__ - DEBUG - Processing page 413/501
2025-04-27 23:21:02,841 - __main__ - DEBUG - Processing page 414/501
2025-04-27 23:21:02,867 - __main__ - DEBUG - Processing page 415/501
2025-04-27 23:21:02,900 - __main__ - DEBUG - Processing page 416/501
2025-04-27 23:21:02,932 - __main__ - DEBUG - Processing page 417/501
2025-04-27 23:21:03,003 - __main__ - DEBUG - Processing page 418/501
2025-04-27 23:21:03,027 - __main__ - DEBUG - Processing page 419/501
2025-04-27 23:21:03,051 - __main__ - DEBUG - Processing page 420/501
2025-04-27 23:21:03,073 - __main__ - DEBUG - Processing page 421/501
2025-04-27 23:21:03,092 - __main__ - DEBUG - Processing page 422/501
2025-04-27 23:21:03,117 - __main__ - DEBUG - Processing page 423/501
2025-04-27 23:21:03,141 - __main__ - DEBUG - Processing page 424/501
2025-04-27 23:21:03,164 - __main__ - DEBUG - Processing page 425/501
2025-04-27 23:21:03,185 - __main__ - DEBUG - Processing page 426/501
2025-04-27 23:21:03,209 - __main__ - DEBUG - Processing page 427/501
2025-04-27 23:21:03,232 - __main__ - DEBUG - Processing page 428/501
2025-04-27 23:21:03,251 - __main__ - DEBUG - Processing page 429/501
2025-04-27 23:21:03,272 - __main__ - DEBUG - Processing page 430/501
2025-04-27 23:21:03,311 - __main__ - DEBUG - Processing page 431/501
2025-04-27 23:21:03,342 - __main__ - DEBUG - Processing page 432/501
2025-04-27 23:21:03,374 - __main__ - DEBUG - Processing page 433/501
2025-04-27 23:21:03,403 - __main__ - DEBUG - Processing page 434/501
2025-04-27 23:21:03,441 - __main__ - DEBUG - Processing page 435/501
2025-04-27 23:21:03,474 - __main__ - DEBUG - Processing page 436/501
2025-04-27 23:21:03,504 - __main__ - DEBUG - Processing page 437/501
2025-04-27 23:21:03,526 - __main__ - DEBUG - Processing page 438/501
2025-04-27 23:21:03,559 - __main__ - DEBUG - Processing page 439/501
2025-04-27 23:21:03,594 - __main__ - DEBUG - Processing page 440/501
2025-04-27 23:21:03,635 - __main__ - DEBUG - Processing page 441/501
2025-04-27 23:21:03,666 - __main__ - DEBUG - Processing page 442/501
2025-04-27 23:21:03,701 - __main__ - DEBUG - Processing page 443/501
2025-04-27 23:21:03,738 - __main__ - DEBUG - Processing page 444/501
2025-04-27 23:21:03,781 - __main__ - DEBUG - Processing page 445/501
2025-04-27 23:21:03,816 - __main__ - DEBUG - Processing page 446/501
2025-04-27 23:21:03,856 - __main__ - DEBUG - Processing page 447/501
2025-04-27 23:21:03,887 - __main__ - DEBUG - Processing page 448/501
2025-04-27 23:21:03,926 - __main__ - DEBUG - Processing page 449/501
2025-04-27 23:21:03,981 - __main__ - DEBUG - Processing page 450/501
2025-04-27 23:21:04,021 - __main__ - DEBUG - Processing page 451/501
2025-04-27 23:21:04,058 - __main__ - DEBUG - Processing page 452/501
2025-04-27 23:21:04,089 - __main__ - DEBUG - Processing page 453/501
2025-04-27 23:21:04,126 - __main__ - DEBUG - Processing page 454/501
2025-04-27 23:21:04,158 - __main__ - DEBUG - Processing page 455/501
2025-04-27 23:21:04,197 - __main__ - DEBUG - Processing page 456/501
2025-04-27 23:21:04,282 - __main__ - DEBUG - Processing page 457/501
2025-04-27 23:21:04,317 - __main__ - DEBUG - Processing page 458/501
2025-04-27 23:21:04,355 - __main__ - DEBUG - Processing page 459/501
2025-04-27 23:21:04,389 - __main__ - DEBUG - Processing page 460/501
2025-04-27 23:21:04,427 - __main__ - DEBUG - Processing page 461/501
2025-04-27 23:21:04,457 - __main__ - DEBUG - Processing page 462/501
2025-04-27 23:21:04,494 - __main__ - DEBUG - Processing page 463/501
2025-04-27 23:21:04,533 - __main__ - DEBUG - Processing page 464/501
2025-04-27 23:21:04,569 - __main__ - DEBUG - Processing page 465/501
2025-04-27 23:21:04,606 - __main__ - DEBUG - Processing page 466/501
2025-04-27 23:21:04,644 - __main__ - DEBUG - Processing page 467/501
2025-04-27 23:21:04,677 - __main__ - DEBUG - Processing page 468/501
2025-04-27 23:21:04,709 - __main__ - DEBUG - Processing page 469/501
2025-04-27 23:21:04,747 - __main__ - DEBUG - Processing page 470/501
2025-04-27 23:21:04,783 - __main__ - DEBUG - Processing page 471/501
2025-04-27 23:21:04,817 - __main__ - DEBUG - Processing page 472/501
2025-04-27 23:21:04,849 - __main__ - DEBUG - Processing page 473/501
2025-04-27 23:21:04,880 - __main__ - DEBUG - Processing page 474/501
2025-04-27 23:21:04,906 - __main__ - DEBUG - Processing page 475/501
2025-04-27 23:21:04,931 - __main__ - DEBUG - Processing page 476/501
2025-04-27 23:21:04,962 - __main__ - DEBUG - Processing page 477/501
2025-04-27 23:21:04,991 - __main__ - DEBUG - Processing page 478/501
2025-04-27 23:21:05,015 - __main__ - DEBUG - Processing page 479/501
2025-04-27 23:21:05,037 - __main__ - DEBUG - Processing page 480/501
2025-04-27 23:21:05,058 - __main__ - DEBUG - Processing page 481/501
2025-04-27 23:21:05,080 - __main__ - DEBUG - Processing page 482/501
2025-04-27 23:21:05,100 - __main__ - DEBUG - Processing page 483/501
2025-04-27 23:21:05,124 - __main__ - DEBUG - Processing page 484/501
2025-04-27 23:21:05,531 - __main__ - DEBUG - Processing page 485/501
2025-04-27 23:21:05,868 - __main__ - DEBUG - Processing page 486/501
2025-04-27 23:21:06,076 - __main__ - DEBUG - Processing page 487/501
2025-04-27 23:21:06,621 - __main__ - DEBUG - Processing page 488/501
2025-04-27 23:21:07,513 - __main__ - DEBUG - Processing page 489/501
2025-04-27 23:21:07,539 - __main__ - DEBUG - Processing page 490/501
2025-04-27 23:21:07,572 - __main__ - DEBUG - Processing page 491/501
2025-04-27 23:21:07,606 - __main__ - DEBUG - Processing page 492/501
2025-04-27 23:21:07,645 - __main__ - DEBUG - Processing page 493/501
2025-04-27 23:21:07,686 - __main__ - DEBUG - Processing page 494/501
2025-04-27 23:21:07,713 - __main__ - DEBUG - Processing page 495/501
2025-04-27 23:21:07,737 - __main__ - DEBUG - Processing page 496/501
2025-04-27 23:21:07,766 - __main__ - DEBUG - Processing page 497/501
2025-04-27 23:21:07,793 - __main__ - DEBUG - Processing page 498/501
2025-04-27 23:21:07,822 - __main__ - DEBUG - Processing page 499/501
2025-04-27 23:21:07,927 - __main__ - DEBUG - Processing page 500/501
2025-04-27 23:21:07,957 - __main__ - DEBUG - Processing page 501/501
2025-04-27 23:21:07,970 - __main__ - INFO - Successfully extracted 1143668 characters from PDF
2025-04-27 23:21:07,970 - __main__ - INFO - Requested summary: 200 sentences, paragraph format, structured type
2025-04-27 23:21:07,970 - __main__ - INFO - Generating structured summary for [Robert_S._Witte,_John_S._Witte]_Statistics(z-lib.org).pdf
2025-04-27 23:21:11,425 - __main__ - WARNING - NLTK sentence tokenization failed: 
**********************************************************************
  Resource [93mpunkt_tab[0m not found.
  Please use the NLTK Downloader to obtain the resource:

  [31m>>> import nltk
  >>> nltk.download('punkt_tab')
  [0m
  For more information see: https://www.nltk.org/data.html

  Attempted to load [93mtokenizers/punkt_tab/english/[0m

  Searched in:
    - 'C:\\Users\\Dickson/nltk_data'
    - 'C:\\Program Files\\WindowsApps\\PythonSoftwareFoundation.Python.3.13_3.13.1008.0_x64__qbz5n2kfra8p0\\nltk_data'
    - 'C:\\Program Files\\WindowsApps\\PythonSoftwareFoundation.Python.3.13_3.13.1008.0_x64__qbz5n2kfra8p0\\share\\nltk_data'
    - 'C:\\Program Files\\WindowsApps\\PythonSoftwareFoundation.Python.3.13_3.13.1008.0_x64__qbz5n2kfra8p0\\lib\\nltk_data'
    - 'C:\\Users\\Dickson\\AppData\\Roaming\\nltk_data'
    - 'C:\\nltk_data'
    - 'D:\\nltk_data'
    - 'E:\\nltk_data'
**********************************************************************

2025-04-27 23:21:11,425 - __main__ - INFO - Regex tokenization found 42 sentences
2025-04-27 23:21:11,428 - __main__ - WARNING - NLTK sentence tokenization failed: 
**********************************************************************
  Resource [93mpunkt_tab[0m not found.
  Please use the NLTK Downloader to obtain the resource:

  [31m>>> import nltk
  >>> nltk.download('punkt_tab')
  [0m
  For more information see: https://www.nltk.org/data.html

  Attempted to load [93mtokenizers/punkt_tab/english/[0m

  Searched in:
    - 'C:\\Users\\Dickson/nltk_data'
    - 'C:\\Program Files\\WindowsApps\\PythonSoftwareFoundation.Python.3.13_3.13.1008.0_x64__qbz5n2kfra8p0\\nltk_data'
    - 'C:\\Program Files\\WindowsApps\\PythonSoftwareFoundation.Python.3.13_3.13.1008.0_x64__qbz5n2kfra8p0\\share\\nltk_data'
    - 'C:\\Program Files\\WindowsApps\\PythonSoftwareFoundation.Python.3.13_3.13.1008.0_x64__qbz5n2kfra8p0\\lib\\nltk_data'
    - 'C:\\Users\\Dickson\\AppData\\Roaming\\nltk_data'
    - 'C:\\nltk_data'
    - 'D:\\nltk_data'
    - 'E:\\nltk_data'
**********************************************************************

2025-04-27 23:21:11,429 - __main__ - INFO - Regex tokenization found 15 sentences
2025-04-27 23:21:11,433 - __main__ - WARNING - NLTK sentence tokenization failed: 
**********************************************************************
  Resource [93mpunkt_tab[0m not found.
  Please use the NLTK Downloader to obtain the resource:

  [31m>>> import nltk
  >>> nltk.download('punkt_tab')
  [0m
  For more information see: https://www.nltk.org/data.html

  Attempted to load [93mtokenizers/punkt_tab/english/[0m

  Searched in:
    - 'C:\\Users\\Dickson/nltk_data'
    - 'C:\\Program Files\\WindowsApps\\PythonSoftwareFoundation.Python.3.13_3.13.1008.0_x64__qbz5n2kfra8p0\\nltk_data'
    - 'C:\\Program Files\\WindowsApps\\PythonSoftwareFoundation.Python.3.13_3.13.1008.0_x64__qbz5n2kfra8p0\\share\\nltk_data'
    - 'C:\\Program Files\\WindowsApps\\PythonSoftwareFoundation.Python.3.13_3.13.1008.0_x64__qbz5n2kfra8p0\\lib\\nltk_data'
    - 'C:\\Users\\Dickson\\AppData\\Roaming\\nltk_data'
    - 'C:\\nltk_data'
    - 'D:\\nltk_data'
    - 'E:\\nltk_data'
**********************************************************************

2025-04-27 23:21:11,433 - __main__ - INFO - Regex tokenization found 14 sentences
2025-04-27 23:21:11,437 - __main__ - WARNING - NLTK sentence tokenization failed: 
**********************************************************************
  Resource [93mpunkt_tab[0m not found.
  Please use the NLTK Downloader to obtain the resource:

  [31m>>> import nltk
  >>> nltk.download('punkt_tab')
  [0m
  For more information see: https://www.nltk.org/data.html

  Attempted to load [93mtokenizers/punkt_tab/english/[0m

  Searched in:
    - 'C:\\Users\\Dickson/nltk_data'
    - 'C:\\Program Files\\WindowsApps\\PythonSoftwareFoundation.Python.3.13_3.13.1008.0_x64__qbz5n2kfra8p0\\nltk_data'
    - 'C:\\Program Files\\WindowsApps\\PythonSoftwareFoundation.Python.3.13_3.13.1008.0_x64__qbz5n2kfra8p0\\share\\nltk_data'
    - 'C:\\Program Files\\WindowsApps\\PythonSoftwareFoundation.Python.3.13_3.13.1008.0_x64__qbz5n2kfra8p0\\lib\\nltk_data'
    - 'C:\\Users\\Dickson\\AppData\\Roaming\\nltk_data'
    - 'C:\\nltk_data'
    - 'D:\\nltk_data'
    - 'E:\\nltk_data'
**********************************************************************

2025-04-27 23:21:11,437 - __main__ - INFO - Regex tokenization found 33 sentences
2025-04-27 23:21:11,440 - __main__ - WARNING - NLTK sentence tokenization failed: 
**********************************************************************
  Resource [93mpunkt_tab[0m not found.
  Please use the NLTK Downloader to obtain the resource:

  [31m>>> import nltk
  >>> nltk.download('punkt_tab')
  [0m
  For more information see: https://www.nltk.org/data.html

  Attempted to load [93mtokenizers/punkt_tab/english/[0m

  Searched in:
    - 'C:\\Users\\Dickson/nltk_data'
    - 'C:\\Program Files\\WindowsApps\\PythonSoftwareFoundation.Python.3.13_3.13.1008.0_x64__qbz5n2kfra8p0\\nltk_data'
    - 'C:\\Program Files\\WindowsApps\\PythonSoftwareFoundation.Python.3.13_3.13.1008.0_x64__qbz5n2kfra8p0\\share\\nltk_data'
    - 'C:\\Program Files\\WindowsApps\\PythonSoftwareFoundation.Python.3.13_3.13.1008.0_x64__qbz5n2kfra8p0\\lib\\nltk_data'
    - 'C:\\Users\\Dickson\\AppData\\Roaming\\nltk_data'
    - 'C:\\nltk_data'
    - 'D:\\nltk_data'
    - 'E:\\nltk_data'
**********************************************************************

2025-04-27 23:21:11,441 - __main__ - INFO - Regex tokenization found 8 sentences
2025-04-27 23:21:11,444 - __main__ - WARNING - NLTK sentence tokenization failed: 
**********************************************************************
  Resource [93mpunkt_tab[0m not found.
  Please use the NLTK Downloader to obtain the resource:

  [31m>>> import nltk
  >>> nltk.download('punkt_tab')
  [0m
  For more information see: https://www.nltk.org/data.html

  Attempted to load [93mtokenizers/punkt_tab/english/[0m

  Searched in:
    - 'C:\\Users\\Dickson/nltk_data'
    - 'C:\\Program Files\\WindowsApps\\PythonSoftwareFoundation.Python.3.13_3.13.1008.0_x64__qbz5n2kfra8p0\\nltk_data'
    - 'C:\\Program Files\\WindowsApps\\PythonSoftwareFoundation.Python.3.13_3.13.1008.0_x64__qbz5n2kfra8p0\\share\\nltk_data'
    - 'C:\\Program Files\\WindowsApps\\PythonSoftwareFoundation.Python.3.13_3.13.1008.0_x64__qbz5n2kfra8p0\\lib\\nltk_data'
    - 'C:\\Users\\Dickson\\AppData\\Roaming\\nltk_data'
    - 'C:\\nltk_data'
    - 'D:\\nltk_data'
    - 'E:\\nltk_data'
**********************************************************************

2025-04-27 23:21:11,445 - __main__ - INFO - Regex tokenization found 24 sentences
2025-04-27 23:21:11,448 - __main__ - WARNING - NLTK sentence tokenization failed: 
**********************************************************************
  Resource [93mpunkt_tab[0m not found.
  Please use the NLTK Downloader to obtain the resource:

  [31m>>> import nltk
  >>> nltk.download('punkt_tab')
  [0m
  For more information see: https://www.nltk.org/data.html

  Attempted to load [93mtokenizers/punkt_tab/english/[0m

  Searched in:
    - 'C:\\Users\\Dickson/nltk_data'
    - 'C:\\Program Files\\WindowsApps\\PythonSoftwareFoundation.Python.3.13_3.13.1008.0_x64__qbz5n2kfra8p0\\nltk_data'
    - 'C:\\Program Files\\WindowsApps\\PythonSoftwareFoundation.Python.3.13_3.13.1008.0_x64__qbz5n2kfra8p0\\share\\nltk_data'
    - 'C:\\Program Files\\WindowsApps\\PythonSoftwareFoundation.Python.3.13_3.13.1008.0_x64__qbz5n2kfra8p0\\lib\\nltk_data'
    - 'C:\\Users\\Dickson\\AppData\\Roaming\\nltk_data'
    - 'C:\\nltk_data'
    - 'D:\\nltk_data'
    - 'E:\\nltk_data'
**********************************************************************

2025-04-27 23:21:11,475 - __main__ - INFO - Regex tokenization found 5219 sentences
2025-04-27 23:21:11,489 - __main__ - ERROR - Error calculating term frequency: 
**********************************************************************
  Resource [93mpunkt_tab[0m not found.
  Please use the NLTK Downloader to obtain the resource:

  [31m>>> import nltk
  >>> nltk.download('punkt_tab')
  [0m
  For more information see: https://www.nltk.org/data.html

  Attempted to load [93mtokenizers/punkt_tab/english/[0m

  Searched in:
    - 'C:\\Users\\Dickson/nltk_data'
    - 'C:\\Program Files\\WindowsApps\\PythonSoftwareFoundation.Python.3.13_3.13.1008.0_x64__qbz5n2kfra8p0\\nltk_data'
    - 'C:\\Program Files\\WindowsApps\\PythonSoftwareFoundation.Python.3.13_3.13.1008.0_x64__qbz5n2kfra8p0\\share\\nltk_data'
    - 'C:\\Program Files\\WindowsApps\\PythonSoftwareFoundation.Python.3.13_3.13.1008.0_x64__qbz5n2kfra8p0\\lib\\nltk_data'
    - 'C:\\Users\\Dickson\\AppData\\Roaming\\nltk_data'
    - 'C:\\nltk_data'
    - 'D:\\nltk_data'
    - 'E:\\nltk_data'
**********************************************************************

2025-04-27 23:21:11,603 - __main__ - ERROR - Error calculating TF-IDF scores: 
**********************************************************************
  Resource [93mpunkt_tab[0m not found.
  Please use the NLTK Downloader to obtain the resource:

  [31m>>> import nltk
  >>> nltk.download('punkt_tab')
  [0m
  For more information see: https://www.nltk.org/data.html

  Attempted to load [93mtokenizers/punkt_tab/english/[0m

  Searched in:
    - 'C:\\Users\\Dickson/nltk_data'
    - 'C:\\Program Files\\WindowsApps\\PythonSoftwareFoundation.Python.3.13_3.13.1008.0_x64__qbz5n2kfra8p0\\nltk_data'
    - 'C:\\Program Files\\WindowsApps\\PythonSoftwareFoundation.Python.3.13_3.13.1008.0_x64__qbz5n2kfra8p0\\share\\nltk_data'
    - 'C:\\Program Files\\WindowsApps\\PythonSoftwareFoundation.Python.3.13_3.13.1008.0_x64__qbz5n2kfra8p0\\lib\\nltk_data'
    - 'C:\\Users\\Dickson\\AppData\\Roaming\\nltk_data'
    - 'C:\\nltk_data'
    - 'D:\\nltk_data'
    - 'E:\\nltk_data'
**********************************************************************

2025-04-27 23:21:11,624 - __main__ - WARNING - NLTK sentence tokenization failed: 
**********************************************************************
  Resource [93mpunkt_tab[0m not found.
  Please use the NLTK Downloader to obtain the resource:

  [31m>>> import nltk
  >>> nltk.download('punkt_tab')
  [0m
  For more information see: https://www.nltk.org/data.html

  Attempted to load [93mtokenizers/punkt_tab/english/[0m

  Searched in:
    - 'C:\\Users\\Dickson/nltk_data'
    - 'C:\\Program Files\\WindowsApps\\PythonSoftwareFoundation.Python.3.13_3.13.1008.0_x64__qbz5n2kfra8p0\\nltk_data'
    - 'C:\\Program Files\\WindowsApps\\PythonSoftwareFoundation.Python.3.13_3.13.1008.0_x64__qbz5n2kfra8p0\\share\\nltk_data'
    - 'C:\\Program Files\\WindowsApps\\PythonSoftwareFoundation.Python.3.13_3.13.1008.0_x64__qbz5n2kfra8p0\\lib\\nltk_data'
    - 'C:\\Users\\Dickson\\AppData\\Roaming\\nltk_data'
    - 'C:\\nltk_data'
    - 'D:\\nltk_data'
    - 'E:\\nltk_data'
**********************************************************************

2025-04-27 23:21:11,649 - __main__ - INFO - Regex tokenization found 5219 sentences
2025-04-27 23:21:12,224 - __main__ - ERROR - Error calculating term frequency: 
**********************************************************************
  Resource [93mpunkt_tab[0m not found.
  Please use the NLTK Downloader to obtain the resource:

  [31m>>> import nltk
  >>> nltk.download('punkt_tab')
  [0m
  For more information see: https://www.nltk.org/data.html

  Attempted to load [93mtokenizers/punkt_tab/english/[0m

  Searched in:
    - 'C:\\Users\\Dickson/nltk_data'
    - 'C:\\Program Files\\WindowsApps\\PythonSoftwareFoundation.Python.3.13_3.13.1008.0_x64__qbz5n2kfra8p0\\nltk_data'
    - 'C:\\Program Files\\WindowsApps\\PythonSoftwareFoundation.Python.3.13_3.13.1008.0_x64__qbz5n2kfra8p0\\share\\nltk_data'
    - 'C:\\Program Files\\WindowsApps\\PythonSoftwareFoundation.Python.3.13_3.13.1008.0_x64__qbz5n2kfra8p0\\lib\\nltk_data'
    - 'C:\\Users\\Dickson\\AppData\\Roaming\\nltk_data'
    - 'C:\\nltk_data'
    - 'D:\\nltk_data'
    - 'E:\\nltk_data'
**********************************************************************

2025-04-27 23:21:12,331 - __main__ - ERROR - Error calculating TF-IDF scores: 
**********************************************************************
  Resource [93mpunkt_tab[0m not found.
  Please use the NLTK Downloader to obtain the resource:

  [31m>>> import nltk
  >>> nltk.download('punkt_tab')
  [0m
  For more information see: https://www.nltk.org/data.html

  Attempted to load [93mtokenizers/punkt_tab/english/[0m

  Searched in:
    - 'C:\\Users\\Dickson/nltk_data'
    - 'C:\\Program Files\\WindowsApps\\PythonSoftwareFoundation.Python.3.13_3.13.1008.0_x64__qbz5n2kfra8p0\\nltk_data'
    - 'C:\\Program Files\\WindowsApps\\PythonSoftwareFoundation.Python.3.13_3.13.1008.0_x64__qbz5n2kfra8p0\\share\\nltk_data'
    - 'C:\\Program Files\\WindowsApps\\PythonSoftwareFoundation.Python.3.13_3.13.1008.0_x64__qbz5n2kfra8p0\\lib\\nltk_data'
    - 'C:\\Users\\Dickson\\AppData\\Roaming\\nltk_data'
    - 'C:\\nltk_data'
    - 'D:\\nltk_data'
    - 'E:\\nltk_data'
**********************************************************************

2025-04-27 23:21:12,334 - __main__ - WARNING - NLTK sentence tokenization failed: 
**********************************************************************
  Resource [93mpunkt_tab[0m not found.
  Please use the NLTK Downloader to obtain the resource:

  [31m>>> import nltk
  >>> nltk.download('punkt_tab')
  [0m
  For more information see: https://www.nltk.org/data.html

  Attempted to load [93mtokenizers/punkt_tab/english/[0m

  Searched in:
    - 'C:\\Users\\Dickson/nltk_data'
    - 'C:\\Program Files\\WindowsApps\\PythonSoftwareFoundation.Python.3.13_3.13.1008.0_x64__qbz5n2kfra8p0\\nltk_data'
    - 'C:\\Program Files\\WindowsApps\\PythonSoftwareFoundation.Python.3.13_3.13.1008.0_x64__qbz5n2kfra8p0\\share\\nltk_data'
    - 'C:\\Program Files\\WindowsApps\\PythonSoftwareFoundation.Python.3.13_3.13.1008.0_x64__qbz5n2kfra8p0\\lib\\nltk_data'
    - 'C:\\Users\\Dickson\\AppData\\Roaming\\nltk_data'
    - 'C:\\nltk_data'
    - 'D:\\nltk_data'
    - 'E:\\nltk_data'
**********************************************************************

2025-04-27 23:21:12,335 - __main__ - INFO - Regex tokenization found 33 sentences
2025-04-27 23:21:12,338 - __main__ - WARNING - NLTK sentence tokenization failed: 
**********************************************************************
  Resource [93mpunkt_tab[0m not found.
  Please use the NLTK Downloader to obtain the resource:

  [31m>>> import nltk
  >>> nltk.download('punkt_tab')
  [0m
  For more information see: https://www.nltk.org/data.html

  Attempted to load [93mtokenizers/punkt_tab/english/[0m

  Searched in:
    - 'C:\\Users\\Dickson/nltk_data'
    - 'C:\\Program Files\\WindowsApps\\PythonSoftwareFoundation.Python.3.13_3.13.1008.0_x64__qbz5n2kfra8p0\\nltk_data'
    - 'C:\\Program Files\\WindowsApps\\PythonSoftwareFoundation.Python.3.13_3.13.1008.0_x64__qbz5n2kfra8p0\\share\\nltk_data'
    - 'C:\\Program Files\\WindowsApps\\PythonSoftwareFoundation.Python.3.13_3.13.1008.0_x64__qbz5n2kfra8p0\\lib\\nltk_data'
    - 'C:\\Users\\Dickson\\AppData\\Roaming\\nltk_data'
    - 'C:\\nltk_data'
    - 'D:\\nltk_data'
    - 'E:\\nltk_data'
**********************************************************************

2025-04-27 23:21:12,338 - __main__ - INFO - Regex tokenization found 24 sentences
2025-04-27 23:21:12,339 - __main__ - INFO - Structured summarization succeeded
2025-04-27 23:21:12,341 - __main__ - DEBUG - Removed temporary file: uploads\Robert_S._Witte_John_S._Witte_Statisticsz-lib.org.pdf
2025-04-27 23:21:12,344 - __main__ - WARNING - NLTK sentence tokenization failed: 
**********************************************************************
  Resource [93mpunkt_tab[0m not found.
  Please use the NLTK Downloader to obtain the resource:

  [31m>>> import nltk
  >>> nltk.download('punkt_tab')
  [0m
  For more information see: https://www.nltk.org/data.html

  Attempted to load [93mtokenizers/punkt_tab/english/[0m

  Searched in:
    - 'C:\\Users\\Dickson/nltk_data'
    - 'C:\\Program Files\\WindowsApps\\PythonSoftwareFoundation.Python.3.13_3.13.1008.0_x64__qbz5n2kfra8p0\\nltk_data'
    - 'C:\\Program Files\\WindowsApps\\PythonSoftwareFoundation.Python.3.13_3.13.1008.0_x64__qbz5n2kfra8p0\\share\\nltk_data'
    - 'C:\\Program Files\\WindowsApps\\PythonSoftwareFoundation.Python.3.13_3.13.1008.0_x64__qbz5n2kfra8p0\\lib\\nltk_data'
    - 'C:\\Users\\Dickson\\AppData\\Roaming\\nltk_data'
    - 'C:\\nltk_data'
    - 'D:\\nltk_data'
    - 'E:\\nltk_data'
**********************************************************************

2025-04-27 23:21:12,345 - __main__ - INFO - Regex tokenization found 116 sentences
2025-04-27 23:21:12,346 - werkzeug - INFO - 127.0.0.1 - - [27/Apr/2025 23:21:12] "POST /upload HTTP/1.1" 200 -
2025-04-27 23:31:57,388 - werkzeug - INFO -  * Detected change in 'c:\\Users\\Dickson\\OneDrive\\Desktop\\Chat bot\\app.py', reloading
2025-04-27 23:31:57,394 - werkzeug - INFO -  * Detected change in 'c:\\Users\\Dickson\\OneDrive\\Desktop\\Chat bot\\app.py', reloading
2025-04-27 23:31:57,395 - werkzeug - INFO -  * Detected change in 'c:\\Users\\Dickson\\OneDrive\\Desktop\\Chat bot\\app.py', reloading
2025-04-27 23:31:57,826 - werkzeug - INFO -  * Restarting with watchdog (windowsapi)
2025-04-27 23:39:07,058 - __main__ - WARNING - Transformers library not found. ML-based summarization will not be available.
2025-04-27 23:39:10,541 - __main__ - INFO - NLTK initialized successfully
2025-04-27 23:39:10,543 - __main__ - INFO - Loading knowledge base from knowledge_base.json
2025-04-27 23:39:10,545 - __main__ - INFO - Starting PDF Summarization Chatbot
2025-04-27 23:39:10,562 - werkzeug - INFO - [31m[1mWARNING: This is a development server. Do not use it in a production deployment. Use a production WSGI server instead.[0m
 * Running on http://127.0.0.1:5000
2025-04-27 23:39:10,562 - werkzeug - INFO - [33mPress CTRL+C to quit[0m
2025-04-27 23:39:10,570 - werkzeug - INFO -  * Restarting with watchdog (windowsapi)
2025-04-27 23:39:12,600 - __main__ - WARNING - Transformers library not found. ML-based summarization will not be available.
2025-04-27 23:39:16,589 - __main__ - INFO - NLTK initialized successfully
2025-04-27 23:39:16,590 - __main__ - INFO - Loading knowledge base from knowledge_base.json
2025-04-27 23:39:16,592 - __main__ - INFO - Starting PDF Summarization Chatbot
2025-04-27 23:39:16,601 - werkzeug - WARNING -  * Debugger is active!
2025-04-27 23:39:16,605 - werkzeug - INFO -  * Debugger PIN: 321-018-428
2025-04-27 23:39:25,017 - werkzeug - INFO - 127.0.0.1 - - [27/Apr/2025 23:39:25] "GET / HTTP/1.1" 200 -
2025-04-27 23:39:44,788 - __main__ - INFO - Received file upload request
2025-04-27 23:39:44,838 - __main__ - INFO - Processing file: [Robert_S._Witte,_John_S._Witte]_Statistics(z-lib.org).pdf
2025-04-27 23:39:44,865 - __main__ - INFO - Beginning PDF extraction
2025-04-27 23:39:44,963 - __main__ - INFO - PDF has 501 pages
2025-04-27 23:39:44,963 - __main__ - DEBUG - Processing page 1/501
2025-04-27 23:39:44,965 - __main__ - WARNING - No text extracted from page 1
2025-04-27 23:39:44,965 - __main__ - DEBUG - Processing page 2/501
2025-04-27 23:39:44,986 - __main__ - DEBUG - Processing page 3/501
2025-04-27 23:39:45,011 - __main__ - DEBUG - Processing page 4/501
2025-04-27 23:39:45,035 - __main__ - DEBUG - Processing page 5/501
2025-04-27 23:39:45,051 - __main__ - DEBUG - Processing page 6/501
2025-04-27 23:39:45,071 - __main__ - DEBUG - Processing page 7/501
2025-04-27 23:39:45,095 - __main__ - DEBUG - Processing page 8/501
2025-04-27 23:39:45,116 - __main__ - DEBUG - Processing page 9/501
2025-04-27 23:39:45,139 - __main__ - DEBUG - Processing page 10/501
2025-04-27 23:39:45,163 - __main__ - DEBUG - Processing page 11/501
2025-04-27 23:39:45,185 - __main__ - DEBUG - Processing page 12/501
2025-04-27 23:39:45,213 - __main__ - DEBUG - Processing page 13/501
2025-04-27 23:39:45,237 - __main__ - DEBUG - Processing page 14/501
2025-04-27 23:39:45,262 - __main__ - DEBUG - Processing page 15/501
2025-04-27 23:39:45,288 - __main__ - DEBUG - Processing page 16/501
2025-04-27 23:39:45,309 - __main__ - DEBUG - Processing page 17/501
2025-04-27 23:39:45,327 - __main__ - DEBUG - Processing page 18/501
2025-04-27 23:39:45,343 - __main__ - DEBUG - Processing page 19/501
2025-04-27 23:39:45,363 - __main__ - DEBUG - Processing page 20/501
2025-04-27 23:39:45,391 - __main__ - DEBUG - Processing page 21/501
2025-04-27 23:39:45,422 - __main__ - DEBUG - Processing page 22/501
2025-04-27 23:39:45,447 - __main__ - DEBUG - Processing page 23/501
2025-04-27 23:39:45,473 - __main__ - DEBUG - Processing page 24/501
2025-04-27 23:39:45,503 - __main__ - DEBUG - Processing page 25/501
2025-04-27 23:39:45,529 - __main__ - DEBUG - Processing page 26/501
2025-04-27 23:39:45,553 - __main__ - DEBUG - Processing page 27/501
2025-04-27 23:39:45,575 - __main__ - DEBUG - Processing page 28/501
2025-04-27 23:39:45,600 - __main__ - DEBUG - Processing page 29/501
2025-04-27 23:39:45,625 - __main__ - DEBUG - Processing page 30/501
2025-04-27 23:39:45,649 - __main__ - DEBUG - Processing page 31/501
2025-04-27 23:39:45,674 - __main__ - DEBUG - Processing page 32/501
2025-04-27 23:39:45,699 - __main__ - DEBUG - Processing page 33/501
2025-04-27 23:39:45,725 - __main__ - DEBUG - Processing page 34/501
2025-04-27 23:39:45,748 - __main__ - DEBUG - Processing page 35/501
2025-04-27 23:39:45,772 - __main__ - DEBUG - Processing page 36/501
2025-04-27 23:39:45,853 - __main__ - DEBUG - Processing page 37/501
2025-04-27 23:39:45,885 - __main__ - DEBUG - Processing page 38/501
2025-04-27 23:39:45,901 - __main__ - DEBUG - Processing page 39/501
2025-04-27 23:39:45,925 - __main__ - DEBUG - Processing page 40/501
2025-04-27 23:39:45,946 - __main__ - DEBUG - Processing page 41/501
2025-04-27 23:39:45,991 - __main__ - DEBUG - Processing page 42/501
2025-04-27 23:39:46,025 - __main__ - DEBUG - Processing page 43/501
2025-04-27 23:39:46,056 - __main__ - DEBUG - Processing page 44/501
2025-04-27 23:39:46,088 - __main__ - DEBUG - Processing page 45/501
2025-04-27 23:39:46,132 - __main__ - DEBUG - Processing page 46/501
2025-04-27 23:39:46,159 - __main__ - DEBUG - Processing page 47/501
2025-04-27 23:39:46,184 - __main__ - DEBUG - Processing page 48/501
2025-04-27 23:39:46,209 - __main__ - DEBUG - Processing page 49/501
2025-04-27 23:39:46,234 - __main__ - DEBUG - Processing page 50/501
2025-04-27 23:39:46,259 - __main__ - DEBUG - Processing page 51/501
2025-04-27 23:39:46,284 - __main__ - DEBUG - Processing page 52/501
2025-04-27 23:39:46,310 - __main__ - DEBUG - Processing page 53/501
2025-04-27 23:39:46,347 - __main__ - DEBUG - Processing page 54/501
2025-04-27 23:39:46,374 - __main__ - DEBUG - Processing page 55/501
2025-04-27 23:39:46,398 - __main__ - DEBUG - Processing page 56/501
2025-04-27 23:39:46,422 - __main__ - DEBUG - Processing page 57/501
2025-04-27 23:39:46,447 - __main__ - DEBUG - Processing page 58/501
2025-04-27 23:39:46,469 - __main__ - DEBUG - Processing page 59/501
2025-04-27 23:39:46,496 - __main__ - DEBUG - Processing page 60/501
2025-04-27 23:39:46,521 - __main__ - DEBUG - Processing page 61/501
2025-04-27 23:39:46,543 - __main__ - DEBUG - Processing page 62/501
2025-04-27 23:39:46,568 - __main__ - DEBUG - Processing page 63/501
2025-04-27 23:39:46,596 - __main__ - DEBUG - Processing page 64/501
2025-04-27 23:39:46,630 - __main__ - DEBUG - Processing page 65/501
2025-04-27 23:39:46,651 - __main__ - DEBUG - Processing page 66/501
2025-04-27 23:39:46,682 - __main__ - DEBUG - Processing page 67/501
2025-04-27 23:39:46,714 - __main__ - DEBUG - Processing page 68/501
2025-04-27 23:39:46,744 - __main__ - DEBUG - Processing page 69/501
2025-04-27 23:39:46,776 - __main__ - DEBUG - Processing page 70/501
2025-04-27 23:39:46,805 - __main__ - DEBUG - Processing page 71/501
2025-04-27 23:39:46,833 - __main__ - DEBUG - Processing page 72/501
2025-04-27 23:39:46,861 - __main__ - DEBUG - Processing page 73/501
2025-04-27 23:39:46,891 - __main__ - DEBUG - Processing page 74/501
2025-04-27 23:39:46,915 - __main__ - DEBUG - Processing page 75/501
2025-04-27 23:39:46,942 - __main__ - DEBUG - Processing page 76/501
2025-04-27 23:39:46,966 - __main__ - DEBUG - Processing page 77/501
2025-04-27 23:39:46,989 - __main__ - DEBUG - Processing page 78/501
2025-04-27 23:39:47,009 - __main__ - DEBUG - Processing page 79/501
2025-04-27 23:39:47,043 - __main__ - DEBUG - Processing page 80/501
2025-04-27 23:39:47,095 - __main__ - DEBUG - Processing page 81/501
2025-04-27 23:39:47,150 - __main__ - DEBUG - Processing page 82/501
2025-04-27 23:39:47,194 - __main__ - DEBUG - Processing page 83/501
2025-04-27 23:39:47,229 - __main__ - DEBUG - Processing page 84/501
2025-04-27 23:39:47,259 - __main__ - DEBUG - Processing page 85/501
2025-04-27 23:39:47,287 - __main__ - DEBUG - Processing page 86/501
2025-04-27 23:39:47,318 - __main__ - DEBUG - Processing page 87/501
2025-04-27 23:39:47,355 - __main__ - DEBUG - Processing page 88/501
2025-04-27 23:39:47,392 - __main__ - DEBUG - Processing page 89/501
2025-04-27 23:39:47,483 - __main__ - DEBUG - Processing page 90/501
2025-04-27 23:39:47,513 - __main__ - DEBUG - Processing page 91/501
2025-04-27 23:39:47,545 - __main__ - DEBUG - Processing page 92/501
2025-04-27 23:39:47,582 - __main__ - DEBUG - Processing page 93/501
2025-04-27 23:39:47,611 - __main__ - DEBUG - Processing page 94/501
2025-04-27 23:39:47,638 - __main__ - DEBUG - Processing page 95/501
2025-04-27 23:39:47,665 - __main__ - DEBUG - Processing page 96/501
2025-04-27 23:39:47,688 - __main__ - DEBUG - Processing page 97/501
2025-04-27 23:39:47,718 - __main__ - DEBUG - Processing page 98/501
2025-04-27 23:39:47,744 - __main__ - DEBUG - Processing page 99/501
2025-04-27 23:39:47,764 - __main__ - DEBUG - Processing page 100/501
2025-04-27 23:39:47,784 - __main__ - DEBUG - Processing page 101/501
2025-04-27 23:39:47,810 - __main__ - DEBUG - Processing page 102/501
2025-04-27 23:39:47,834 - __main__ - DEBUG - Processing page 103/501
2025-04-27 23:39:47,861 - __main__ - DEBUG - Processing page 104/501
2025-04-27 23:39:47,891 - __main__ - DEBUG - Processing page 105/501
2025-04-27 23:39:47,930 - __main__ - DEBUG - Processing page 106/501
2025-04-27 23:39:47,956 - __main__ - DEBUG - Processing page 107/501
2025-04-27 23:39:47,988 - __main__ - DEBUG - Processing page 108/501
2025-04-27 23:39:48,016 - __main__ - DEBUG - Processing page 109/501
2025-04-27 23:39:48,047 - __main__ - DEBUG - Processing page 110/501
2025-04-27 23:39:48,073 - __main__ - DEBUG - Processing page 111/501
2025-04-27 23:39:48,099 - __main__ - DEBUG - Processing page 112/501
2025-04-27 23:39:48,126 - __main__ - DEBUG - Processing page 113/501
2025-04-27 23:39:48,154 - __main__ - DEBUG - Processing page 114/501
2025-04-27 23:39:48,181 - __main__ - DEBUG - Processing page 115/501
2025-04-27 23:39:48,207 - __main__ - DEBUG - Processing page 116/501
2025-04-27 23:39:48,230 - __main__ - DEBUG - Processing page 117/501
2025-04-27 23:39:48,262 - __main__ - DEBUG - Processing page 118/501
2025-04-27 23:39:48,287 - __main__ - DEBUG - Processing page 119/501
2025-04-27 23:39:48,315 - __main__ - DEBUG - Processing page 120/501
2025-04-27 23:39:48,341 - __main__ - DEBUG - Processing page 121/501
2025-04-27 23:39:48,395 - __main__ - DEBUG - Processing page 122/501
2025-04-27 23:39:48,432 - __main__ - DEBUG - Processing page 123/501
2025-04-27 23:39:48,455 - __main__ - DEBUG - Processing page 124/501
2025-04-27 23:39:48,477 - __main__ - DEBUG - Processing page 125/501
2025-04-27 23:39:48,496 - __main__ - DEBUG - Processing page 126/501
2025-04-27 23:39:48,523 - __main__ - DEBUG - Processing page 127/501
2025-04-27 23:39:48,550 - __main__ - DEBUG - Processing page 128/501
2025-04-27 23:39:48,574 - __main__ - DEBUG - Processing page 129/501
2025-04-27 23:39:48,667 - __main__ - DEBUG - Processing page 130/501
2025-04-27 23:39:48,775 - __main__ - DEBUG - Processing page 131/501
2025-04-27 23:39:48,801 - __main__ - DEBUG - Processing page 132/501
2025-04-27 23:39:48,828 - __main__ - DEBUG - Processing page 133/501
2025-04-27 23:39:48,858 - __main__ - DEBUG - Processing page 134/501
2025-04-27 23:39:48,881 - __main__ - DEBUG - Processing page 135/501
2025-04-27 23:39:48,916 - __main__ - DEBUG - Processing page 136/501
2025-04-27 23:39:48,959 - __main__ - DEBUG - Processing page 137/501
2025-04-27 23:39:48,988 - __main__ - DEBUG - Processing page 138/501
2025-04-27 23:39:49,014 - __main__ - DEBUG - Processing page 139/501
2025-04-27 23:39:49,043 - __main__ - DEBUG - Processing page 140/501
2025-04-27 23:39:49,075 - __main__ - DEBUG - Processing page 141/501
2025-04-27 23:39:49,099 - __main__ - DEBUG - Processing page 142/501
2025-04-27 23:39:49,130 - __main__ - DEBUG - Processing page 143/501
2025-04-27 23:39:49,158 - __main__ - DEBUG - Processing page 144/501
2025-04-27 23:39:49,184 - __main__ - DEBUG - Processing page 145/501
2025-04-27 23:39:49,213 - __main__ - DEBUG - Processing page 146/501
2025-04-27 23:39:49,238 - __main__ - DEBUG - Processing page 147/501
2025-04-27 23:39:49,263 - __main__ - DEBUG - Processing page 148/501
2025-04-27 23:39:49,287 - __main__ - DEBUG - Processing page 149/501
2025-04-27 23:39:49,318 - __main__ - DEBUG - Processing page 150/501
2025-04-27 23:39:49,356 - __main__ - DEBUG - Processing page 151/501
2025-04-27 23:39:49,396 - __main__ - DEBUG - Processing page 152/501
2025-04-27 23:39:49,428 - __main__ - DEBUG - Processing page 153/501
2025-04-27 23:39:49,456 - __main__ - DEBUG - Processing page 154/501
2025-04-27 23:39:49,505 - __main__ - DEBUG - Processing page 155/501
2025-04-27 23:39:49,534 - __main__ - DEBUG - Processing page 156/501
2025-04-27 23:39:49,576 - __main__ - DEBUG - Processing page 157/501
2025-04-27 23:39:49,608 - __main__ - DEBUG - Processing page 158/501
2025-04-27 23:39:49,647 - __main__ - DEBUG - Processing page 159/501
2025-04-27 23:39:49,678 - __main__ - DEBUG - Processing page 160/501
2025-04-27 23:39:49,717 - __main__ - DEBUG - Processing page 161/501
2025-04-27 23:39:49,750 - __main__ - DEBUG - Processing page 162/501
2025-04-27 23:39:49,790 - __main__ - DEBUG - Processing page 163/501
2025-04-27 23:39:49,825 - __main__ - DEBUG - Processing page 164/501
2025-04-27 23:39:49,843 - __main__ - DEBUG - Processing page 165/501
2025-04-27 23:39:49,865 - __main__ - DEBUG - Processing page 166/501
2025-04-27 23:39:49,885 - __main__ - DEBUG - Processing page 167/501
2025-04-27 23:39:49,912 - __main__ - DEBUG - Processing page 168/501
2025-04-27 23:39:49,936 - __main__ - DEBUG - Processing page 169/501
2025-04-27 23:39:49,967 - __main__ - DEBUG - Processing page 170/501
2025-04-27 23:39:49,992 - __main__ - DEBUG - Processing page 171/501
2025-04-27 23:39:50,016 - __main__ - DEBUG - Processing page 172/501
2025-04-27 23:39:50,044 - __main__ - DEBUG - Processing page 173/501
2025-04-27 23:39:50,074 - __main__ - DEBUG - Processing page 174/501
2025-04-27 23:39:50,101 - __main__ - DEBUG - Processing page 175/501
2025-04-27 23:39:50,136 - __main__ - DEBUG - Processing page 176/501
2025-04-27 23:39:50,174 - __main__ - DEBUG - Processing page 177/501
2025-04-27 23:39:50,227 - __main__ - DEBUG - Processing page 178/501
2025-04-27 23:39:50,250 - __main__ - DEBUG - Processing page 179/501
2025-04-27 23:39:50,276 - __main__ - DEBUG - Processing page 180/501
2025-04-27 23:39:50,301 - __main__ - DEBUG - Processing page 181/501
2025-04-27 23:39:50,329 - __main__ - DEBUG - Processing page 182/501
2025-04-27 23:39:50,420 - __main__ - DEBUG - Processing page 183/501
2025-04-27 23:39:50,445 - __main__ - DEBUG - Processing page 184/501
2025-04-27 23:39:50,470 - __main__ - DEBUG - Processing page 185/501
2025-04-27 23:39:50,491 - __main__ - DEBUG - Processing page 186/501
2025-04-27 23:39:50,511 - __main__ - DEBUG - Processing page 187/501
2025-04-27 23:39:50,534 - __main__ - DEBUG - Processing page 188/501
2025-04-27 23:39:50,562 - __main__ - DEBUG - Processing page 189/501
2025-04-27 23:39:50,591 - __main__ - DEBUG - Processing page 190/501
2025-04-27 23:39:50,628 - __main__ - DEBUG - Processing page 191/501
2025-04-27 23:39:50,668 - __main__ - DEBUG - Processing page 192/501
2025-04-27 23:39:50,697 - __main__ - DEBUG - Processing page 193/501
2025-04-27 23:39:50,726 - __main__ - DEBUG - Processing page 194/501
2025-04-27 23:39:50,751 - __main__ - DEBUG - Processing page 195/501
2025-04-27 23:39:50,777 - __main__ - DEBUG - Processing page 196/501
2025-04-27 23:39:50,800 - __main__ - DEBUG - Processing page 197/501
2025-04-27 23:39:50,831 - __main__ - DEBUG - Processing page 198/501
2025-04-27 23:39:50,854 - __main__ - DEBUG - Processing page 199/501
2025-04-27 23:39:50,875 - __main__ - DEBUG - Processing page 200/501
2025-04-27 23:39:50,896 - __main__ - DEBUG - Processing page 201/501
2025-04-27 23:39:50,924 - __main__ - DEBUG - Processing page 202/501
2025-04-27 23:39:50,959 - __main__ - DEBUG - Processing page 203/501
2025-04-27 23:39:50,991 - __main__ - DEBUG - Processing page 204/501
2025-04-27 23:39:51,029 - __main__ - DEBUG - Processing page 205/501
2025-04-27 23:39:51,058 - __main__ - DEBUG - Processing page 206/501
2025-04-27 23:39:51,092 - __main__ - DEBUG - Processing page 207/501
2025-04-27 23:39:51,125 - __main__ - DEBUG - Processing page 208/501
2025-04-27 23:39:51,163 - __main__ - DEBUG - Processing page 209/501
2025-04-27 23:39:51,191 - __main__ - DEBUG - Processing page 210/501
2025-04-27 23:39:51,225 - __main__ - DEBUG - Processing page 211/501
2025-04-27 23:39:51,257 - __main__ - DEBUG - Processing page 212/501
2025-04-27 23:39:51,288 - __main__ - DEBUG - Processing page 213/501
2025-04-27 23:39:51,314 - __main__ - DEBUG - Processing page 214/501
2025-04-27 23:39:51,342 - __main__ - DEBUG - Processing page 215/501
2025-04-27 23:39:51,372 - __main__ - DEBUG - Processing page 216/501
2025-04-27 23:39:51,406 - __main__ - DEBUG - Processing page 217/501
2025-04-27 23:39:51,433 - __main__ - DEBUG - Processing page 218/501
2025-04-27 23:39:51,461 - __main__ - DEBUG - Processing page 219/501
2025-04-27 23:39:51,487 - __main__ - DEBUG - Processing page 220/501
2025-04-27 23:39:51,514 - __main__ - DEBUG - Processing page 221/501
2025-04-27 23:39:51,541 - __main__ - DEBUG - Processing page 222/501
2025-04-27 23:39:51,565 - __main__ - DEBUG - Processing page 223/501
2025-04-27 23:39:51,594 - __main__ - DEBUG - Processing page 224/501
2025-04-27 23:39:51,621 - __main__ - DEBUG - Processing page 225/501
2025-04-27 23:39:51,651 - __main__ - DEBUG - Processing page 226/501
2025-04-27 23:39:51,681 - __main__ - DEBUG - Processing page 227/501
2025-04-27 23:39:51,705 - __main__ - DEBUG - Processing page 228/501
2025-04-27 23:39:51,731 - __main__ - DEBUG - Processing page 229/501
2025-04-27 23:39:51,757 - __main__ - DEBUG - Processing page 230/501
2025-04-27 23:39:51,783 - __main__ - DEBUG - Processing page 231/501
2025-04-27 23:39:51,808 - __main__ - DEBUG - Processing page 232/501
2025-04-27 23:39:51,832 - __main__ - DEBUG - Processing page 233/501
2025-04-27 23:39:51,855 - __main__ - DEBUG - Processing page 234/501
2025-04-27 23:39:51,881 - __main__ - DEBUG - Processing page 235/501
2025-04-27 23:39:51,911 - __main__ - DEBUG - Processing page 236/501
2025-04-27 23:39:51,993 - __main__ - DEBUG - Processing page 237/501
2025-04-27 23:39:52,015 - __main__ - DEBUG - Processing page 238/501
2025-04-27 23:39:52,033 - __main__ - DEBUG - Processing page 239/501
2025-04-27 23:39:52,051 - __main__ - DEBUG - Processing page 240/501
2025-04-27 23:39:52,075 - __main__ - DEBUG - Processing page 241/501
2025-04-27 23:39:52,100 - __main__ - DEBUG - Processing page 242/501
2025-04-27 23:39:52,130 - __main__ - DEBUG - Processing page 243/501
2025-04-27 23:39:52,156 - __main__ - DEBUG - Processing page 244/501
2025-04-27 23:39:52,182 - __main__ - DEBUG - Processing page 245/501
2025-04-27 23:39:52,208 - __main__ - DEBUG - Processing page 246/501
2025-04-27 23:39:52,232 - __main__ - DEBUG - Processing page 247/501
2025-04-27 23:39:52,256 - __main__ - DEBUG - Processing page 248/501
2025-04-27 23:39:52,278 - __main__ - DEBUG - Processing page 249/501
2025-04-27 23:39:52,301 - __main__ - DEBUG - Processing page 250/501
2025-04-27 23:39:52,319 - __main__ - DEBUG - Processing page 251/501
2025-04-27 23:39:52,342 - __main__ - DEBUG - Processing page 252/501
2025-04-27 23:39:52,368 - __main__ - DEBUG - Processing page 253/501
2025-04-27 23:39:52,394 - __main__ - DEBUG - Processing page 254/501
2025-04-27 23:39:52,419 - __main__ - DEBUG - Processing page 255/501
2025-04-27 23:39:52,451 - __main__ - DEBUG - Processing page 256/501
2025-04-27 23:39:52,479 - __main__ - DEBUG - Processing page 257/501
2025-04-27 23:39:52,511 - __main__ - DEBUG - Processing page 258/501
2025-04-27 23:39:52,551 - __main__ - DEBUG - Processing page 259/501
2025-04-27 23:39:52,600 - __main__ - DEBUG - Processing page 260/501
2025-04-27 23:39:52,634 - __main__ - DEBUG - Processing page 261/501
2025-04-27 23:39:52,660 - __main__ - DEBUG - Processing page 262/501
2025-04-27 23:39:52,685 - __main__ - DEBUG - Processing page 263/501
2025-04-27 23:39:52,709 - __main__ - DEBUG - Processing page 264/501
2025-04-27 23:39:52,743 - __main__ - DEBUG - Processing page 265/501
2025-04-27 23:39:52,769 - __main__ - DEBUG - Processing page 266/501
2025-04-27 23:39:52,798 - __main__ - DEBUG - Processing page 267/501
2025-04-27 23:39:52,835 - __main__ - DEBUG - Processing page 268/501
2025-04-27 23:39:52,875 - __main__ - DEBUG - Processing page 269/501
2025-04-27 23:39:52,908 - __main__ - DEBUG - Processing page 270/501
2025-04-27 23:39:52,945 - __main__ - DEBUG - Processing page 271/501
2025-04-27 23:39:52,993 - __main__ - DEBUG - Processing page 272/501
2025-04-27 23:39:53,036 - __main__ - DEBUG - Processing page 273/501
2025-04-27 23:39:53,071 - __main__ - DEBUG - Processing page 274/501
2025-04-27 23:39:53,105 - __main__ - DEBUG - Processing page 275/501
2025-04-27 23:39:53,139 - __main__ - DEBUG - Processing page 276/501
2025-04-27 23:39:53,167 - __main__ - DEBUG - Processing page 277/501
2025-04-27 23:39:53,195 - __main__ - DEBUG - Processing page 278/501
2025-04-27 23:39:53,230 - __main__ - DEBUG - Processing page 279/501
2025-04-27 23:39:53,256 - __main__ - DEBUG - Processing page 280/501
2025-04-27 23:39:53,287 - __main__ - DEBUG - Processing page 281/501
2025-04-27 23:39:53,330 - __main__ - DEBUG - Processing page 282/501
2025-04-27 23:39:53,359 - __main__ - DEBUG - Processing page 283/501
2025-04-27 23:39:53,388 - __main__ - DEBUG - Processing page 284/501
2025-04-27 23:39:53,417 - __main__ - DEBUG - Processing page 285/501
2025-04-27 23:39:53,518 - __main__ - DEBUG - Processing page 286/501
2025-04-27 23:39:53,558 - __main__ - DEBUG - Processing page 287/501
2025-04-27 23:39:53,592 - __main__ - DEBUG - Processing page 288/501
2025-04-27 23:39:53,620 - __main__ - DEBUG - Processing page 289/501
2025-04-27 23:39:53,651 - __main__ - DEBUG - Processing page 290/501
2025-04-27 23:39:53,674 - __main__ - DEBUG - Processing page 291/501
2025-04-27 23:39:53,698 - __main__ - DEBUG - Processing page 292/501
2025-04-27 23:39:53,737 - __main__ - DEBUG - Processing page 293/501
2025-04-27 23:39:53,769 - __main__ - DEBUG - Processing page 294/501
2025-04-27 23:39:53,797 - __main__ - DEBUG - Processing page 295/501
2025-04-27 23:39:53,831 - __main__ - DEBUG - Processing page 296/501
2025-04-27 23:39:53,860 - __main__ - DEBUG - Processing page 297/501
2025-04-27 23:39:53,886 - __main__ - DEBUG - Processing page 298/501
2025-04-27 23:39:53,921 - __main__ - DEBUG - Processing page 299/501
2025-04-27 23:39:53,949 - __main__ - DEBUG - Processing page 300/501
2025-04-27 23:39:53,976 - __main__ - DEBUG - Processing page 301/501
2025-04-27 23:39:54,000 - __main__ - DEBUG - Processing page 302/501
2025-04-27 23:39:54,037 - __main__ - DEBUG - Processing page 303/501
2025-04-27 23:39:54,063 - __main__ - DEBUG - Processing page 304/501
2025-04-27 23:39:54,088 - __main__ - DEBUG - Processing page 305/501
2025-04-27 23:39:54,115 - __main__ - DEBUG - Processing page 306/501
2025-04-27 23:39:54,149 - __main__ - DEBUG - Processing page 307/501
2025-04-27 23:39:54,176 - __main__ - DEBUG - Processing page 308/501
2025-04-27 23:39:54,199 - __main__ - DEBUG - Processing page 309/501
2025-04-27 23:39:54,220 - __main__ - DEBUG - Processing page 310/501
2025-04-27 23:39:54,242 - __main__ - DEBUG - Processing page 311/501
2025-04-27 23:39:54,270 - __main__ - DEBUG - Processing page 312/501
2025-04-27 23:39:54,299 - __main__ - DEBUG - Processing page 313/501
2025-04-27 23:39:54,330 - __main__ - DEBUG - Processing page 314/501
2025-04-27 23:39:54,357 - __main__ - DEBUG - Processing page 315/501
2025-04-27 23:39:54,383 - __main__ - DEBUG - Processing page 316/501
2025-04-27 23:39:54,410 - __main__ - DEBUG - Processing page 317/501
2025-04-27 23:39:54,436 - __main__ - DEBUG - Processing page 318/501
2025-04-27 23:39:54,469 - __main__ - DEBUG - Processing page 319/501
2025-04-27 23:39:54,499 - __main__ - DEBUG - Processing page 320/501
2025-04-27 23:39:54,540 - __main__ - DEBUG - Processing page 321/501
2025-04-27 23:39:54,571 - __main__ - DEBUG - Processing page 322/501
2025-04-27 23:39:54,596 - __main__ - DEBUG - Processing page 323/501
2025-04-27 23:39:54,626 - __main__ - DEBUG - Processing page 324/501
2025-04-27 23:39:54,654 - __main__ - DEBUG - Processing page 325/501
2025-04-27 23:39:54,685 - __main__ - DEBUG - Processing page 326/501
2025-04-27 23:39:54,714 - __main__ - DEBUG - Processing page 327/501
2025-04-27 23:39:54,746 - __main__ - DEBUG - Processing page 328/501
2025-04-27 23:39:54,836 - __main__ - DEBUG - Processing page 329/501
2025-04-27 23:39:54,864 - __main__ - DEBUG - Processing page 330/501
2025-04-27 23:39:54,891 - __main__ - DEBUG - Processing page 331/501
2025-04-27 23:39:54,919 - __main__ - DEBUG - Processing page 332/501
2025-04-27 23:39:54,947 - __main__ - DEBUG - Processing page 333/501
2025-04-27 23:39:54,975 - __main__ - DEBUG - Processing page 334/501
2025-04-27 23:39:54,999 - __main__ - DEBUG - Processing page 335/501
2025-04-27 23:39:55,028 - __main__ - DEBUG - Processing page 336/501
2025-04-27 23:39:55,052 - __main__ - DEBUG - Processing page 337/501
2025-04-27 23:39:55,079 - __main__ - DEBUG - Processing page 338/501
2025-04-27 23:39:55,108 - __main__ - DEBUG - Processing page 339/501
2025-04-27 23:39:55,133 - __main__ - DEBUG - Processing page 340/501
2025-04-27 23:39:55,151 - __main__ - DEBUG - Processing page 341/501
2025-04-27 23:39:55,180 - __main__ - DEBUG - Processing page 342/501
2025-04-27 23:39:55,208 - __main__ - DEBUG - Processing page 343/501
2025-04-27 23:39:55,233 - __main__ - DEBUG - Processing page 344/501
2025-04-27 23:39:55,262 - __main__ - DEBUG - Processing page 345/501
2025-04-27 23:39:55,294 - __main__ - DEBUG - Processing page 346/501
2025-04-27 23:39:55,337 - __main__ - DEBUG - Processing page 347/501
2025-04-27 23:39:55,369 - __main__ - DEBUG - Processing page 348/501
2025-04-27 23:39:55,396 - __main__ - DEBUG - Processing page 349/501
2025-04-27 23:39:55,428 - __main__ - DEBUG - Processing page 350/501
2025-04-27 23:39:55,453 - __main__ - DEBUG - Processing page 351/501
2025-04-27 23:39:55,491 - __main__ - DEBUG - Processing page 352/501
2025-04-27 23:39:55,521 - __main__ - DEBUG - Processing page 353/501
2025-04-27 23:39:55,554 - __main__ - DEBUG - Processing page 354/501
2025-04-27 23:39:55,579 - __main__ - DEBUG - Processing page 355/501
2025-04-27 23:39:55,606 - __main__ - DEBUG - Processing page 356/501
2025-04-27 23:39:55,633 - __main__ - DEBUG - Processing page 357/501
2025-04-27 23:39:55,652 - __main__ - DEBUG - Processing page 358/501
2025-04-27 23:39:55,680 - __main__ - DEBUG - Processing page 359/501
2025-04-27 23:39:55,710 - __main__ - DEBUG - Processing page 360/501
2025-04-27 23:39:55,733 - __main__ - DEBUG - Processing page 361/501
2025-04-27 23:39:55,760 - __main__ - DEBUG - Processing page 362/501
2025-04-27 23:39:55,786 - __main__ - DEBUG - Processing page 363/501
2025-04-27 23:39:55,816 - __main__ - DEBUG - Processing page 364/501
2025-04-27 23:39:55,851 - __main__ - DEBUG - Processing page 365/501
2025-04-27 23:39:55,880 - __main__ - DEBUG - Processing page 366/501
2025-04-27 23:39:55,920 - __main__ - DEBUG - Processing page 367/501
2025-04-27 23:39:55,960 - __main__ - DEBUG - Processing page 368/501
2025-04-27 23:39:56,063 - __main__ - DEBUG - Processing page 369/501
2025-04-27 23:39:56,093 - __main__ - DEBUG - Processing page 370/501
2025-04-27 23:39:56,129 - __main__ - DEBUG - Processing page 371/501
2025-04-27 23:39:56,164 - __main__ - DEBUG - Processing page 372/501
2025-04-27 23:39:56,197 - __main__ - DEBUG - Processing page 373/501
2025-04-27 23:39:56,229 - __main__ - DEBUG - Processing page 374/501
2025-04-27 23:39:56,260 - __main__ - DEBUG - Processing page 375/501
2025-04-27 23:39:56,289 - __main__ - DEBUG - Processing page 376/501
2025-04-27 23:39:56,319 - __main__ - DEBUG - Processing page 377/501
2025-04-27 23:39:56,353 - __main__ - DEBUG - Processing page 378/501
2025-04-27 23:39:56,379 - __main__ - DEBUG - Processing page 379/501
2025-04-27 23:39:56,407 - __main__ - DEBUG - Processing page 380/501
2025-04-27 23:39:56,438 - __main__ - DEBUG - Processing page 381/501
2025-04-27 23:39:56,464 - __main__ - DEBUG - Processing page 382/501
2025-04-27 23:39:56,514 - __main__ - DEBUG - Processing page 383/501
2025-04-27 23:39:56,536 - __main__ - DEBUG - Processing page 384/501
2025-04-27 23:39:56,564 - __main__ - DEBUG - Processing page 385/501
2025-04-27 23:39:56,593 - __main__ - DEBUG - Processing page 386/501
2025-04-27 23:39:56,623 - __main__ - DEBUG - Processing page 387/501
2025-04-27 23:39:56,659 - __main__ - DEBUG - Processing page 388/501
2025-04-27 23:39:56,688 - __main__ - DEBUG - Processing page 389/501
2025-04-27 23:39:56,714 - __main__ - DEBUG - Processing page 390/501
2025-04-27 23:39:56,742 - __main__ - DEBUG - Processing page 391/501
2025-04-27 23:39:56,767 - __main__ - DEBUG - Processing page 392/501
2025-04-27 23:39:56,794 - __main__ - DEBUG - Processing page 393/501
2025-04-27 23:39:56,827 - __main__ - DEBUG - Processing page 394/501
2025-04-27 23:39:56,854 - __main__ - DEBUG - Processing page 395/501
2025-04-27 23:39:56,886 - __main__ - DEBUG - Processing page 396/501
2025-04-27 23:39:56,928 - __main__ - DEBUG - Processing page 397/501
2025-04-27 23:39:56,958 - __main__ - DEBUG - Processing page 398/501
2025-04-27 23:39:56,987 - __main__ - DEBUG - Processing page 399/501
2025-04-27 23:39:57,013 - __main__ - DEBUG - Processing page 400/501
2025-04-27 23:39:57,046 - __main__ - DEBUG - Processing page 401/501
2025-04-27 23:39:57,083 - __main__ - DEBUG - Processing page 402/501
2025-04-27 23:39:57,128 - __main__ - DEBUG - Processing page 403/501
2025-04-27 23:39:57,167 - __main__ - DEBUG - Processing page 404/501
2025-04-27 23:39:57,186 - __main__ - DEBUG - Processing page 405/501
2025-04-27 23:39:57,215 - __main__ - DEBUG - Processing page 406/501
2025-04-27 23:39:57,242 - __main__ - DEBUG - Processing page 407/501
2025-04-27 23:39:57,275 - __main__ - DEBUG - Processing page 408/501
2025-04-27 23:39:57,303 - __main__ - DEBUG - Processing page 409/501
2025-04-27 23:39:57,388 - __main__ - DEBUG - Processing page 410/501
2025-04-27 23:39:57,411 - __main__ - DEBUG - Processing page 411/501
2025-04-27 23:39:57,441 - __main__ - DEBUG - Processing page 412/501
2025-04-27 23:39:57,469 - __main__ - DEBUG - Processing page 413/501
2025-04-27 23:39:57,494 - __main__ - DEBUG - Processing page 414/501
2025-04-27 23:39:57,518 - __main__ - DEBUG - Processing page 415/501
2025-04-27 23:39:57,551 - __main__ - DEBUG - Processing page 416/501
2025-04-27 23:39:57,578 - __main__ - DEBUG - Processing page 417/501
2025-04-27 23:39:57,601 - __main__ - DEBUG - Processing page 418/501
2025-04-27 23:39:57,627 - __main__ - DEBUG - Processing page 419/501
2025-04-27 23:39:57,652 - __main__ - DEBUG - Processing page 420/501
2025-04-27 23:39:57,674 - __main__ - DEBUG - Processing page 421/501
2025-04-27 23:39:57,692 - __main__ - DEBUG - Processing page 422/501
2025-04-27 23:39:57,714 - __main__ - DEBUG - Processing page 423/501
2025-04-27 23:39:57,739 - __main__ - DEBUG - Processing page 424/501
2025-04-27 23:39:57,765 - __main__ - DEBUG - Processing page 425/501
2025-04-27 23:39:57,787 - __main__ - DEBUG - Processing page 426/501
2025-04-27 23:39:57,813 - __main__ - DEBUG - Processing page 427/501
2025-04-27 23:39:57,834 - __main__ - DEBUG - Processing page 428/501
2025-04-27 23:39:57,853 - __main__ - DEBUG - Processing page 429/501
2025-04-27 23:39:57,875 - __main__ - DEBUG - Processing page 430/501
2025-04-27 23:39:57,911 - __main__ - DEBUG - Processing page 431/501
2025-04-27 23:39:57,940 - __main__ - DEBUG - Processing page 432/501
2025-04-27 23:39:57,971 - __main__ - DEBUG - Processing page 433/501
2025-04-27 23:39:58,000 - __main__ - DEBUG - Processing page 434/501
2025-04-27 23:39:58,036 - __main__ - DEBUG - Processing page 435/501
2025-04-27 23:39:58,067 - __main__ - DEBUG - Processing page 436/501
2025-04-27 23:39:58,095 - __main__ - DEBUG - Processing page 437/501
2025-04-27 23:39:58,114 - __main__ - DEBUG - Processing page 438/501
2025-04-27 23:39:58,143 - __main__ - DEBUG - Processing page 439/501
2025-04-27 23:39:58,173 - __main__ - DEBUG - Processing page 440/501
2025-04-27 23:39:58,204 - __main__ - DEBUG - Processing page 441/501
2025-04-27 23:39:58,231 - __main__ - DEBUG - Processing page 442/501
2025-04-27 23:39:58,263 - __main__ - DEBUG - Processing page 443/501
2025-04-27 23:39:58,295 - __main__ - DEBUG - Processing page 444/501
2025-04-27 23:39:58,332 - __main__ - DEBUG - Processing page 445/501
2025-04-27 23:39:58,367 - __main__ - DEBUG - Processing page 446/501
2025-04-27 23:39:58,406 - __main__ - DEBUG - Processing page 447/501
2025-04-27 23:39:58,437 - __main__ - DEBUG - Processing page 448/501
2025-04-27 23:39:58,476 - __main__ - DEBUG - Processing page 449/501
2025-04-27 23:39:58,510 - __main__ - DEBUG - Processing page 450/501
2025-04-27 23:39:58,603 - __main__ - DEBUG - Processing page 451/501
2025-04-27 23:39:58,634 - __main__ - DEBUG - Processing page 452/501
2025-04-27 23:39:58,664 - __main__ - DEBUG - Processing page 453/501
2025-04-27 23:39:58,702 - __main__ - DEBUG - Processing page 454/501
2025-04-27 23:39:58,743 - __main__ - DEBUG - Processing page 455/501
2025-04-27 23:39:58,781 - __main__ - DEBUG - Processing page 456/501
2025-04-27 23:39:58,816 - __main__ - DEBUG - Processing page 457/501
2025-04-27 23:39:58,847 - __main__ - DEBUG - Processing page 458/501
2025-04-27 23:39:58,880 - __main__ - DEBUG - Processing page 459/501
2025-04-27 23:39:58,911 - __main__ - DEBUG - Processing page 460/501
2025-04-27 23:39:58,945 - __main__ - DEBUG - Processing page 461/501
2025-04-27 23:39:58,974 - __main__ - DEBUG - Processing page 462/501
2025-04-27 23:39:59,010 - __main__ - DEBUG - Processing page 463/501
2025-04-27 23:39:59,046 - __main__ - DEBUG - Processing page 464/501
2025-04-27 23:39:59,080 - __main__ - DEBUG - Processing page 465/501
2025-04-27 23:39:59,115 - __main__ - DEBUG - Processing page 466/501
2025-04-27 23:39:59,152 - __main__ - DEBUG - Processing page 467/501
2025-04-27 23:39:59,187 - __main__ - DEBUG - Processing page 468/501
2025-04-27 23:39:59,221 - __main__ - DEBUG - Processing page 469/501
2025-04-27 23:39:59,259 - __main__ - DEBUG - Processing page 470/501
2025-04-27 23:39:59,296 - __main__ - DEBUG - Processing page 471/501
2025-04-27 23:39:59,329 - __main__ - DEBUG - Processing page 472/501
2025-04-27 23:39:59,361 - __main__ - DEBUG - Processing page 473/501
2025-04-27 23:39:59,390 - __main__ - DEBUG - Processing page 474/501
2025-04-27 23:39:59,417 - __main__ - DEBUG - Processing page 475/501
2025-04-27 23:39:59,441 - __main__ - DEBUG - Processing page 476/501
2025-04-27 23:39:59,470 - __main__ - DEBUG - Processing page 477/501
2025-04-27 23:39:59,500 - __main__ - DEBUG - Processing page 478/501
2025-04-27 23:39:59,524 - __main__ - DEBUG - Processing page 479/501
2025-04-27 23:39:59,546 - __main__ - DEBUG - Processing page 480/501
2025-04-27 23:39:59,567 - __main__ - DEBUG - Processing page 481/501
2025-04-27 23:39:59,589 - __main__ - DEBUG - Processing page 482/501
2025-04-27 23:39:59,613 - __main__ - DEBUG - Processing page 483/501
2025-04-27 23:39:59,643 - __main__ - DEBUG - Processing page 484/501
2025-04-27 23:40:00,048 - __main__ - DEBUG - Processing page 485/501
2025-04-27 23:40:00,381 - __main__ - DEBUG - Processing page 486/501
2025-04-27 23:40:00,667 - __main__ - DEBUG - Processing page 487/501
2025-04-27 23:40:01,115 - __main__ - DEBUG - Processing page 488/501
2025-04-27 23:40:01,997 - __main__ - DEBUG - Processing page 489/501
2025-04-27 23:40:02,016 - __main__ - DEBUG - Processing page 490/501
2025-04-27 23:40:02,051 - __main__ - DEBUG - Processing page 491/501
2025-04-27 23:40:02,097 - __main__ - DEBUG - Processing page 492/501
2025-04-27 23:40:02,199 - __main__ - DEBUG - Processing page 493/501
2025-04-27 23:40:02,236 - __main__ - DEBUG - Processing page 494/501
2025-04-27 23:40:02,261 - __main__ - DEBUG - Processing page 495/501
2025-04-27 23:40:02,285 - __main__ - DEBUG - Processing page 496/501
2025-04-27 23:40:02,311 - __main__ - DEBUG - Processing page 497/501
2025-04-27 23:40:02,336 - __main__ - DEBUG - Processing page 498/501
2025-04-27 23:40:02,373 - __main__ - DEBUG - Processing page 499/501
2025-04-27 23:40:02,430 - __main__ - DEBUG - Processing page 500/501
2025-04-27 23:40:02,456 - __main__ - DEBUG - Processing page 501/501
2025-04-27 23:40:02,468 - __main__ - INFO - Successfully extracted 1143668 characters from PDF
2025-04-27 23:40:02,469 - __main__ - INFO - Requested summary: 200 sentences, paragraph format, structured type, ML: True
2025-04-27 23:40:02,469 - __main__ - INFO - Using traditional summarization methods
2025-04-27 23:40:02,469 - __main__ - INFO - Generating structured summary for [Robert_S._Witte,_John_S._Witte]_Statistics(z-lib.org).pdf
2025-04-27 23:40:05,791 - __main__ - WARNING - NLTK sentence tokenization failed: 
**********************************************************************
  Resource [93mpunkt_tab[0m not found.
  Please use the NLTK Downloader to obtain the resource:

  [31m>>> import nltk
  >>> nltk.download('punkt_tab')
  [0m
  For more information see: https://www.nltk.org/data.html

  Attempted to load [93mtokenizers/punkt_tab/english/[0m

  Searched in:
    - 'C:\\Users\\Dickson/nltk_data'
    - 'C:\\Program Files\\WindowsApps\\PythonSoftwareFoundation.Python.3.13_3.13.1008.0_x64__qbz5n2kfra8p0\\nltk_data'
    - 'C:\\Program Files\\WindowsApps\\PythonSoftwareFoundation.Python.3.13_3.13.1008.0_x64__qbz5n2kfra8p0\\share\\nltk_data'
    - 'C:\\Program Files\\WindowsApps\\PythonSoftwareFoundation.Python.3.13_3.13.1008.0_x64__qbz5n2kfra8p0\\lib\\nltk_data'
    - 'C:\\Users\\Dickson\\AppData\\Roaming\\nltk_data'
    - 'C:\\nltk_data'
    - 'D:\\nltk_data'
    - 'E:\\nltk_data'
**********************************************************************

2025-04-27 23:40:05,792 - __main__ - INFO - Regex tokenization found 42 sentences
2025-04-27 23:40:05,795 - __main__ - WARNING - NLTK sentence tokenization failed: 
**********************************************************************
  Resource [93mpunkt_tab[0m not found.
  Please use the NLTK Downloader to obtain the resource:

  [31m>>> import nltk
  >>> nltk.download('punkt_tab')
  [0m
  For more information see: https://www.nltk.org/data.html

  Attempted to load [93mtokenizers/punkt_tab/english/[0m

  Searched in:
    - 'C:\\Users\\Dickson/nltk_data'
    - 'C:\\Program Files\\WindowsApps\\PythonSoftwareFoundation.Python.3.13_3.13.1008.0_x64__qbz5n2kfra8p0\\nltk_data'
    - 'C:\\Program Files\\WindowsApps\\PythonSoftwareFoundation.Python.3.13_3.13.1008.0_x64__qbz5n2kfra8p0\\share\\nltk_data'
    - 'C:\\Program Files\\WindowsApps\\PythonSoftwareFoundation.Python.3.13_3.13.1008.0_x64__qbz5n2kfra8p0\\lib\\nltk_data'
    - 'C:\\Users\\Dickson\\AppData\\Roaming\\nltk_data'
    - 'C:\\nltk_data'
    - 'D:\\nltk_data'
    - 'E:\\nltk_data'
**********************************************************************

2025-04-27 23:40:05,796 - __main__ - INFO - Regex tokenization found 15 sentences
2025-04-27 23:40:05,800 - __main__ - WARNING - NLTK sentence tokenization failed: 
**********************************************************************
  Resource [93mpunkt_tab[0m not found.
  Please use the NLTK Downloader to obtain the resource:

  [31m>>> import nltk
  >>> nltk.download('punkt_tab')
  [0m
  For more information see: https://www.nltk.org/data.html

  Attempted to load [93mtokenizers/punkt_tab/english/[0m

  Searched in:
    - 'C:\\Users\\Dickson/nltk_data'
    - 'C:\\Program Files\\WindowsApps\\PythonSoftwareFoundation.Python.3.13_3.13.1008.0_x64__qbz5n2kfra8p0\\nltk_data'
    - 'C:\\Program Files\\WindowsApps\\PythonSoftwareFoundation.Python.3.13_3.13.1008.0_x64__qbz5n2kfra8p0\\share\\nltk_data'
    - 'C:\\Program Files\\WindowsApps\\PythonSoftwareFoundation.Python.3.13_3.13.1008.0_x64__qbz5n2kfra8p0\\lib\\nltk_data'
    - 'C:\\Users\\Dickson\\AppData\\Roaming\\nltk_data'
    - 'C:\\nltk_data'
    - 'D:\\nltk_data'
    - 'E:\\nltk_data'
**********************************************************************

2025-04-27 23:40:05,800 - __main__ - INFO - Regex tokenization found 14 sentences
2025-04-27 23:40:05,804 - __main__ - WARNING - NLTK sentence tokenization failed: 
**********************************************************************
  Resource [93mpunkt_tab[0m not found.
  Please use the NLTK Downloader to obtain the resource:

  [31m>>> import nltk
  >>> nltk.download('punkt_tab')
  [0m
  For more information see: https://www.nltk.org/data.html

  Attempted to load [93mtokenizers/punkt_tab/english/[0m

  Searched in:
    - 'C:\\Users\\Dickson/nltk_data'
    - 'C:\\Program Files\\WindowsApps\\PythonSoftwareFoundation.Python.3.13_3.13.1008.0_x64__qbz5n2kfra8p0\\nltk_data'
    - 'C:\\Program Files\\WindowsApps\\PythonSoftwareFoundation.Python.3.13_3.13.1008.0_x64__qbz5n2kfra8p0\\share\\nltk_data'
    - 'C:\\Program Files\\WindowsApps\\PythonSoftwareFoundation.Python.3.13_3.13.1008.0_x64__qbz5n2kfra8p0\\lib\\nltk_data'
    - 'C:\\Users\\Dickson\\AppData\\Roaming\\nltk_data'
    - 'C:\\nltk_data'
    - 'D:\\nltk_data'
    - 'E:\\nltk_data'
**********************************************************************

2025-04-27 23:40:05,804 - __main__ - INFO - Regex tokenization found 33 sentences
2025-04-27 23:40:05,807 - __main__ - WARNING - NLTK sentence tokenization failed: 
**********************************************************************
  Resource [93mpunkt_tab[0m not found.
  Please use the NLTK Downloader to obtain the resource:

  [31m>>> import nltk
  >>> nltk.download('punkt_tab')
  [0m
  For more information see: https://www.nltk.org/data.html

  Attempted to load [93mtokenizers/punkt_tab/english/[0m

  Searched in:
    - 'C:\\Users\\Dickson/nltk_data'
    - 'C:\\Program Files\\WindowsApps\\PythonSoftwareFoundation.Python.3.13_3.13.1008.0_x64__qbz5n2kfra8p0\\nltk_data'
    - 'C:\\Program Files\\WindowsApps\\PythonSoftwareFoundation.Python.3.13_3.13.1008.0_x64__qbz5n2kfra8p0\\share\\nltk_data'
    - 'C:\\Program Files\\WindowsApps\\PythonSoftwareFoundation.Python.3.13_3.13.1008.0_x64__qbz5n2kfra8p0\\lib\\nltk_data'
    - 'C:\\Users\\Dickson\\AppData\\Roaming\\nltk_data'
    - 'C:\\nltk_data'
    - 'D:\\nltk_data'
    - 'E:\\nltk_data'
**********************************************************************

2025-04-27 23:40:05,808 - __main__ - INFO - Regex tokenization found 8 sentences
2025-04-27 23:40:05,812 - __main__ - WARNING - NLTK sentence tokenization failed: 
**********************************************************************
  Resource [93mpunkt_tab[0m not found.
  Please use the NLTK Downloader to obtain the resource:

  [31m>>> import nltk
  >>> nltk.download('punkt_tab')
  [0m
  For more information see: https://www.nltk.org/data.html

  Attempted to load [93mtokenizers/punkt_tab/english/[0m

  Searched in:
    - 'C:\\Users\\Dickson/nltk_data'
    - 'C:\\Program Files\\WindowsApps\\PythonSoftwareFoundation.Python.3.13_3.13.1008.0_x64__qbz5n2kfra8p0\\nltk_data'
    - 'C:\\Program Files\\WindowsApps\\PythonSoftwareFoundation.Python.3.13_3.13.1008.0_x64__qbz5n2kfra8p0\\share\\nltk_data'
    - 'C:\\Program Files\\WindowsApps\\PythonSoftwareFoundation.Python.3.13_3.13.1008.0_x64__qbz5n2kfra8p0\\lib\\nltk_data'
    - 'C:\\Users\\Dickson\\AppData\\Roaming\\nltk_data'
    - 'C:\\nltk_data'
    - 'D:\\nltk_data'
    - 'E:\\nltk_data'
**********************************************************************

2025-04-27 23:40:05,812 - __main__ - INFO - Regex tokenization found 24 sentences
2025-04-27 23:40:05,816 - __main__ - WARNING - NLTK sentence tokenization failed: 
**********************************************************************
  Resource [93mpunkt_tab[0m not found.
  Please use the NLTK Downloader to obtain the resource:

  [31m>>> import nltk
  >>> nltk.download('punkt_tab')
  [0m
  For more information see: https://www.nltk.org/data.html

  Attempted to load [93mtokenizers/punkt_tab/english/[0m

  Searched in:
    - 'C:\\Users\\Dickson/nltk_data'
    - 'C:\\Program Files\\WindowsApps\\PythonSoftwareFoundation.Python.3.13_3.13.1008.0_x64__qbz5n2kfra8p0\\nltk_data'
    - 'C:\\Program Files\\WindowsApps\\PythonSoftwareFoundation.Python.3.13_3.13.1008.0_x64__qbz5n2kfra8p0\\share\\nltk_data'
    - 'C:\\Program Files\\WindowsApps\\PythonSoftwareFoundation.Python.3.13_3.13.1008.0_x64__qbz5n2kfra8p0\\lib\\nltk_data'
    - 'C:\\Users\\Dickson\\AppData\\Roaming\\nltk_data'
    - 'C:\\nltk_data'
    - 'D:\\nltk_data'
    - 'E:\\nltk_data'
**********************************************************************

2025-04-27 23:40:05,841 - __main__ - INFO - Regex tokenization found 5219 sentences
2025-04-27 23:40:05,856 - __main__ - ERROR - Error calculating term frequency: 
**********************************************************************
  Resource [93mpunkt_tab[0m not found.
  Please use the NLTK Downloader to obtain the resource:

  [31m>>> import nltk
  >>> nltk.download('punkt_tab')
  [0m
  For more information see: https://www.nltk.org/data.html

  Attempted to load [93mtokenizers/punkt_tab/english/[0m

  Searched in:
    - 'C:\\Users\\Dickson/nltk_data'
    - 'C:\\Program Files\\WindowsApps\\PythonSoftwareFoundation.Python.3.13_3.13.1008.0_x64__qbz5n2kfra8p0\\nltk_data'
    - 'C:\\Program Files\\WindowsApps\\PythonSoftwareFoundation.Python.3.13_3.13.1008.0_x64__qbz5n2kfra8p0\\share\\nltk_data'
    - 'C:\\Program Files\\WindowsApps\\PythonSoftwareFoundation.Python.3.13_3.13.1008.0_x64__qbz5n2kfra8p0\\lib\\nltk_data'
    - 'C:\\Users\\Dickson\\AppData\\Roaming\\nltk_data'
    - 'C:\\nltk_data'
    - 'D:\\nltk_data'
    - 'E:\\nltk_data'
**********************************************************************

2025-04-27 23:40:05,967 - __main__ - ERROR - Error calculating TF-IDF scores: 
**********************************************************************
  Resource [93mpunkt_tab[0m not found.
  Please use the NLTK Downloader to obtain the resource:

  [31m>>> import nltk
  >>> nltk.download('punkt_tab')
  [0m
  For more information see: https://www.nltk.org/data.html

  Attempted to load [93mtokenizers/punkt_tab/english/[0m

  Searched in:
    - 'C:\\Users\\Dickson/nltk_data'
    - 'C:\\Program Files\\WindowsApps\\PythonSoftwareFoundation.Python.3.13_3.13.1008.0_x64__qbz5n2kfra8p0\\nltk_data'
    - 'C:\\Program Files\\WindowsApps\\PythonSoftwareFoundation.Python.3.13_3.13.1008.0_x64__qbz5n2kfra8p0\\share\\nltk_data'
    - 'C:\\Program Files\\WindowsApps\\PythonSoftwareFoundation.Python.3.13_3.13.1008.0_x64__qbz5n2kfra8p0\\lib\\nltk_data'
    - 'C:\\Users\\Dickson\\AppData\\Roaming\\nltk_data'
    - 'C:\\nltk_data'
    - 'D:\\nltk_data'
    - 'E:\\nltk_data'
**********************************************************************

2025-04-27 23:40:05,992 - __main__ - WARNING - NLTK sentence tokenization failed: 
**********************************************************************
  Resource [93mpunkt_tab[0m not found.
  Please use the NLTK Downloader to obtain the resource:

  [31m>>> import nltk
  >>> nltk.download('punkt_tab')
  [0m
  For more information see: https://www.nltk.org/data.html

  Attempted to load [93mtokenizers/punkt_tab/english/[0m

  Searched in:
    - 'C:\\Users\\Dickson/nltk_data'
    - 'C:\\Program Files\\WindowsApps\\PythonSoftwareFoundation.Python.3.13_3.13.1008.0_x64__qbz5n2kfra8p0\\nltk_data'
    - 'C:\\Program Files\\WindowsApps\\PythonSoftwareFoundation.Python.3.13_3.13.1008.0_x64__qbz5n2kfra8p0\\share\\nltk_data'
    - 'C:\\Program Files\\WindowsApps\\PythonSoftwareFoundation.Python.3.13_3.13.1008.0_x64__qbz5n2kfra8p0\\lib\\nltk_data'
    - 'C:\\Users\\Dickson\\AppData\\Roaming\\nltk_data'
    - 'C:\\nltk_data'
    - 'D:\\nltk_data'
    - 'E:\\nltk_data'
**********************************************************************

2025-04-27 23:40:06,016 - __main__ - INFO - Regex tokenization found 5219 sentences
2025-04-27 23:40:06,603 - __main__ - ERROR - Error calculating term frequency: 
**********************************************************************
  Resource [93mpunkt_tab[0m not found.
  Please use the NLTK Downloader to obtain the resource:

  [31m>>> import nltk
  >>> nltk.download('punkt_tab')
  [0m
  For more information see: https://www.nltk.org/data.html

  Attempted to load [93mtokenizers/punkt_tab/english/[0m

  Searched in:
    - 'C:\\Users\\Dickson/nltk_data'
    - 'C:\\Program Files\\WindowsApps\\PythonSoftwareFoundation.Python.3.13_3.13.1008.0_x64__qbz5n2kfra8p0\\nltk_data'
    - 'C:\\Program Files\\WindowsApps\\PythonSoftwareFoundation.Python.3.13_3.13.1008.0_x64__qbz5n2kfra8p0\\share\\nltk_data'
    - 'C:\\Program Files\\WindowsApps\\PythonSoftwareFoundation.Python.3.13_3.13.1008.0_x64__qbz5n2kfra8p0\\lib\\nltk_data'
    - 'C:\\Users\\Dickson\\AppData\\Roaming\\nltk_data'
    - 'C:\\nltk_data'
    - 'D:\\nltk_data'
    - 'E:\\nltk_data'
**********************************************************************

2025-04-27 23:40:06,716 - __main__ - ERROR - Error calculating TF-IDF scores: 
**********************************************************************
  Resource [93mpunkt_tab[0m not found.
  Please use the NLTK Downloader to obtain the resource:

  [31m>>> import nltk
  >>> nltk.download('punkt_tab')
  [0m
  For more information see: https://www.nltk.org/data.html

  Attempted to load [93mtokenizers/punkt_tab/english/[0m

  Searched in:
    - 'C:\\Users\\Dickson/nltk_data'
    - 'C:\\Program Files\\WindowsApps\\PythonSoftwareFoundation.Python.3.13_3.13.1008.0_x64__qbz5n2kfra8p0\\nltk_data'
    - 'C:\\Program Files\\WindowsApps\\PythonSoftwareFoundation.Python.3.13_3.13.1008.0_x64__qbz5n2kfra8p0\\share\\nltk_data'
    - 'C:\\Program Files\\WindowsApps\\PythonSoftwareFoundation.Python.3.13_3.13.1008.0_x64__qbz5n2kfra8p0\\lib\\nltk_data'
    - 'C:\\Users\\Dickson\\AppData\\Roaming\\nltk_data'
    - 'C:\\nltk_data'
    - 'D:\\nltk_data'
    - 'E:\\nltk_data'
**********************************************************************

2025-04-27 23:40:06,722 - __main__ - WARNING - NLTK sentence tokenization failed: 
**********************************************************************
  Resource [93mpunkt_tab[0m not found.
  Please use the NLTK Downloader to obtain the resource:

  [31m>>> import nltk
  >>> nltk.download('punkt_tab')
  [0m
  For more information see: https://www.nltk.org/data.html

  Attempted to load [93mtokenizers/punkt_tab/english/[0m

  Searched in:
    - 'C:\\Users\\Dickson/nltk_data'
    - 'C:\\Program Files\\WindowsApps\\PythonSoftwareFoundation.Python.3.13_3.13.1008.0_x64__qbz5n2kfra8p0\\nltk_data'
    - 'C:\\Program Files\\WindowsApps\\PythonSoftwareFoundation.Python.3.13_3.13.1008.0_x64__qbz5n2kfra8p0\\share\\nltk_data'
    - 'C:\\Program Files\\WindowsApps\\PythonSoftwareFoundation.Python.3.13_3.13.1008.0_x64__qbz5n2kfra8p0\\lib\\nltk_data'
    - 'C:\\Users\\Dickson\\AppData\\Roaming\\nltk_data'
    - 'C:\\nltk_data'
    - 'D:\\nltk_data'
    - 'E:\\nltk_data'
**********************************************************************

2025-04-27 23:40:06,723 - __main__ - INFO - Regex tokenization found 33 sentences
2025-04-27 23:40:06,726 - __main__ - WARNING - NLTK sentence tokenization failed: 
**********************************************************************
  Resource [93mpunkt_tab[0m not found.
  Please use the NLTK Downloader to obtain the resource:

  [31m>>> import nltk
  >>> nltk.download('punkt_tab')
  [0m
  For more information see: https://www.nltk.org/data.html

  Attempted to load [93mtokenizers/punkt_tab/english/[0m

  Searched in:
    - 'C:\\Users\\Dickson/nltk_data'
    - 'C:\\Program Files\\WindowsApps\\PythonSoftwareFoundation.Python.3.13_3.13.1008.0_x64__qbz5n2kfra8p0\\nltk_data'
    - 'C:\\Program Files\\WindowsApps\\PythonSoftwareFoundation.Python.3.13_3.13.1008.0_x64__qbz5n2kfra8p0\\share\\nltk_data'
    - 'C:\\Program Files\\WindowsApps\\PythonSoftwareFoundation.Python.3.13_3.13.1008.0_x64__qbz5n2kfra8p0\\lib\\nltk_data'
    - 'C:\\Users\\Dickson\\AppData\\Roaming\\nltk_data'
    - 'C:\\nltk_data'
    - 'D:\\nltk_data'
    - 'E:\\nltk_data'
**********************************************************************

2025-04-27 23:40:06,727 - __main__ - INFO - Regex tokenization found 24 sentences
2025-04-27 23:40:06,729 - __main__ - DEBUG - Removed temporary file: uploads\Robert_S._Witte_John_S._Witte_Statisticsz-lib.org.pdf
2025-04-27 23:40:06,732 - __main__ - WARNING - NLTK sentence tokenization failed: 
**********************************************************************
  Resource [93mpunkt_tab[0m not found.
  Please use the NLTK Downloader to obtain the resource:

  [31m>>> import nltk
  >>> nltk.download('punkt_tab')
  [0m
  For more information see: https://www.nltk.org/data.html

  Attempted to load [93mtokenizers/punkt_tab/english/[0m

  Searched in:
    - 'C:\\Users\\Dickson/nltk_data'
    - 'C:\\Program Files\\WindowsApps\\PythonSoftwareFoundation.Python.3.13_3.13.1008.0_x64__qbz5n2kfra8p0\\nltk_data'
    - 'C:\\Program Files\\WindowsApps\\PythonSoftwareFoundation.Python.3.13_3.13.1008.0_x64__qbz5n2kfra8p0\\share\\nltk_data'
    - 'C:\\Program Files\\WindowsApps\\PythonSoftwareFoundation.Python.3.13_3.13.1008.0_x64__qbz5n2kfra8p0\\lib\\nltk_data'
    - 'C:\\Users\\Dickson\\AppData\\Roaming\\nltk_data'
    - 'C:\\nltk_data'
    - 'D:\\nltk_data'
    - 'E:\\nltk_data'
**********************************************************************

2025-04-27 23:40:06,733 - __main__ - INFO - Regex tokenization found 116 sentences
2025-04-27 23:40:06,736 - werkzeug - INFO - 127.0.0.1 - - [27/Apr/2025 23:40:06] "POST /upload HTTP/1.1" 200 -
2025-04-28 08:26:39,369 - werkzeug - INFO - 127.0.0.1 - - [28/Apr/2025 08:26:39] "GET / HTTP/1.1" 200 -
2025-04-28 08:27:27,404 - __main__ - INFO - Received file upload request
2025-04-28 08:27:27,421 - __main__ - INFO - Processing file: 528267_BENIN-2023-HUMAN-RIGHTS-REPORT.pdf
2025-04-28 08:27:27,485 - __main__ - INFO - Beginning PDF extraction
2025-04-28 08:27:27,563 - __main__ - INFO - PDF has 38 pages
2025-04-28 08:27:27,564 - __main__ - DEBUG - Processing page 1/38
2025-04-28 08:27:27,643 - __main__ - DEBUG - Processing page 2/38
2025-04-28 08:27:27,733 - __main__ - DEBUG - Processing page 3/38
2025-04-28 08:27:27,777 - __main__ - DEBUG - Processing page 4/38
2025-04-28 08:27:27,863 - __main__ - DEBUG - Processing page 5/38
2025-04-28 08:27:27,941 - __main__ - DEBUG - Processing page 6/38
2025-04-28 08:27:28,018 - __main__ - DEBUG - Processing page 7/38
2025-04-28 08:27:28,117 - __main__ - DEBUG - Processing page 8/38
2025-04-28 08:27:28,194 - __main__ - DEBUG - Processing page 9/38
2025-04-28 08:27:28,257 - __main__ - DEBUG - Processing page 10/38
2025-04-28 08:27:28,333 - __main__ - DEBUG - Processing page 11/38
2025-04-28 08:27:28,426 - __main__ - DEBUG - Processing page 12/38
2025-04-28 08:27:28,521 - __main__ - DEBUG - Processing page 13/38
2025-04-28 08:27:28,583 - __main__ - DEBUG - Processing page 14/38
2025-04-28 08:27:28,650 - __main__ - DEBUG - Processing page 15/38
2025-04-28 08:27:28,716 - __main__ - DEBUG - Processing page 16/38
2025-04-28 08:27:28,818 - __main__ - DEBUG - Processing page 17/38
2025-04-28 08:27:28,894 - __main__ - DEBUG - Processing page 18/38
2025-04-28 08:27:28,964 - __main__ - DEBUG - Processing page 19/38
2025-04-28 08:27:29,042 - __main__ - DEBUG - Processing page 20/38
2025-04-28 08:27:29,116 - __main__ - DEBUG - Processing page 21/38
2025-04-28 08:27:29,172 - __main__ - DEBUG - Processing page 22/38
2025-04-28 08:27:29,269 - __main__ - DEBUG - Processing page 23/38
2025-04-28 08:27:29,332 - __main__ - DEBUG - Processing page 24/38
2025-04-28 08:27:29,401 - __main__ - DEBUG - Processing page 25/38
2025-04-28 08:27:29,449 - __main__ - DEBUG - Processing page 26/38
2025-04-28 08:27:29,512 - __main__ - DEBUG - Processing page 27/38
2025-04-28 08:27:29,571 - __main__ - DEBUG - Processing page 28/38
2025-04-28 08:27:29,612 - __main__ - DEBUG - Processing page 29/38
2025-04-28 08:27:29,655 - __main__ - DEBUG - Processing page 30/38
2025-04-28 08:27:29,685 - __main__ - DEBUG - Processing page 31/38
2025-04-28 08:27:29,721 - __main__ - DEBUG - Processing page 32/38
2025-04-28 08:27:29,803 - __main__ - DEBUG - Processing page 33/38
2025-04-28 08:27:29,895 - __main__ - DEBUG - Processing page 34/38
2025-04-28 08:27:30,020 - __main__ - DEBUG - Processing page 35/38
2025-04-28 08:27:30,099 - __main__ - DEBUG - Processing page 36/38
2025-04-28 08:27:30,223 - __main__ - DEBUG - Processing page 37/38
2025-04-28 08:27:30,343 - __main__ - DEBUG - Processing page 38/38
2025-04-28 08:27:30,396 - __main__ - INFO - Successfully extracted 57219 characters from PDF
2025-04-28 08:27:30,397 - __main__ - INFO - Requested summary: 200 sentences, paragraph format, structured type, ML: True
2025-04-28 08:27:30,398 - __main__ - INFO - Using traditional summarization methods
2025-04-28 08:27:30,398 - __main__ - INFO - Generating structured summary for 528267_BENIN-2023-HUMAN-RIGHTS-REPORT.pdf
2025-04-28 08:27:30,732 - __main__ - WARNING - NLTK sentence tokenization failed: 
**********************************************************************
  Resource [93mpunkt_tab[0m not found.
  Please use the NLTK Downloader to obtain the resource:

  [31m>>> import nltk
  >>> nltk.download('punkt_tab')
  [0m
  For more information see: https://www.nltk.org/data.html

  Attempted to load [93mtokenizers/punkt_tab/english/[0m

  Searched in:
    - 'C:\\Users\\Dickson/nltk_data'
    - 'C:\\Program Files\\WindowsApps\\PythonSoftwareFoundation.Python.3.13_3.13.1008.0_x64__qbz5n2kfra8p0\\nltk_data'
    - 'C:\\Program Files\\WindowsApps\\PythonSoftwareFoundation.Python.3.13_3.13.1008.0_x64__qbz5n2kfra8p0\\share\\nltk_data'
    - 'C:\\Program Files\\WindowsApps\\PythonSoftwareFoundation.Python.3.13_3.13.1008.0_x64__qbz5n2kfra8p0\\lib\\nltk_data'
    - 'C:\\Users\\Dickson\\AppData\\Roaming\\nltk_data'
    - 'C:\\nltk_data'
    - 'D:\\nltk_data'
    - 'E:\\nltk_data'
**********************************************************************

2025-04-28 08:27:30,734 - __main__ - INFO - Regex tokenization found 55 sentences
2025-04-28 08:27:30,751 - __main__ - WARNING - NLTK sentence tokenization failed: 
**********************************************************************
  Resource [93mpunkt_tab[0m not found.
  Please use the NLTK Downloader to obtain the resource:

  [31m>>> import nltk
  >>> nltk.download('punkt_tab')
  [0m
  For more information see: https://www.nltk.org/data.html

  Attempted to load [93mtokenizers/punkt_tab/english/[0m

  Searched in:
    - 'C:\\Users\\Dickson/nltk_data'
    - 'C:\\Program Files\\WindowsApps\\PythonSoftwareFoundation.Python.3.13_3.13.1008.0_x64__qbz5n2kfra8p0\\nltk_data'
    - 'C:\\Program Files\\WindowsApps\\PythonSoftwareFoundation.Python.3.13_3.13.1008.0_x64__qbz5n2kfra8p0\\share\\nltk_data'
    - 'C:\\Program Files\\WindowsApps\\PythonSoftwareFoundation.Python.3.13_3.13.1008.0_x64__qbz5n2kfra8p0\\lib\\nltk_data'
    - 'C:\\Users\\Dickson\\AppData\\Roaming\\nltk_data'
    - 'C:\\nltk_data'
    - 'D:\\nltk_data'
    - 'E:\\nltk_data'
**********************************************************************

2025-04-28 08:27:30,776 - __main__ - INFO - Regex tokenization found 287 sentences
2025-04-28 08:27:30,791 - __main__ - WARNING - NLTK sentence tokenization failed: 
**********************************************************************
  Resource [93mpunkt_tab[0m not found.
  Please use the NLTK Downloader to obtain the resource:

  [31m>>> import nltk
  >>> nltk.download('punkt_tab')
  [0m
  For more information see: https://www.nltk.org/data.html

  Attempted to load [93mtokenizers/punkt_tab/english/[0m

  Searched in:
    - 'C:\\Users\\Dickson/nltk_data'
    - 'C:\\Program Files\\WindowsApps\\PythonSoftwareFoundation.Python.3.13_3.13.1008.0_x64__qbz5n2kfra8p0\\nltk_data'
    - 'C:\\Program Files\\WindowsApps\\PythonSoftwareFoundation.Python.3.13_3.13.1008.0_x64__qbz5n2kfra8p0\\share\\nltk_data'
    - 'C:\\Program Files\\WindowsApps\\PythonSoftwareFoundation.Python.3.13_3.13.1008.0_x64__qbz5n2kfra8p0\\lib\\nltk_data'
    - 'C:\\Users\\Dickson\\AppData\\Roaming\\nltk_data'
    - 'C:\\nltk_data'
    - 'D:\\nltk_data'
    - 'E:\\nltk_data'
**********************************************************************

2025-04-28 08:27:30,792 - __main__ - INFO - Regex tokenization found 55 sentences
2025-04-28 08:27:30,799 - __main__ - ERROR - Error calculating term frequency: 
**********************************************************************
  Resource [93mpunkt_tab[0m not found.
  Please use the NLTK Downloader to obtain the resource:

  [31m>>> import nltk
  >>> nltk.download('punkt_tab')
  [0m
  For more information see: https://www.nltk.org/data.html

  Attempted to load [93mtokenizers/punkt_tab/english/[0m

  Searched in:
    - 'C:\\Users\\Dickson/nltk_data'
    - 'C:\\Program Files\\WindowsApps\\PythonSoftwareFoundation.Python.3.13_3.13.1008.0_x64__qbz5n2kfra8p0\\nltk_data'
    - 'C:\\Program Files\\WindowsApps\\PythonSoftwareFoundation.Python.3.13_3.13.1008.0_x64__qbz5n2kfra8p0\\share\\nltk_data'
    - 'C:\\Program Files\\WindowsApps\\PythonSoftwareFoundation.Python.3.13_3.13.1008.0_x64__qbz5n2kfra8p0\\lib\\nltk_data'
    - 'C:\\Users\\Dickson\\AppData\\Roaming\\nltk_data'
    - 'C:\\nltk_data'
    - 'D:\\nltk_data'
    - 'E:\\nltk_data'
**********************************************************************

2025-04-28 08:27:30,830 - __main__ - ERROR - Error calculating TF-IDF scores: 
**********************************************************************
  Resource [93mpunkt_tab[0m not found.
  Please use the NLTK Downloader to obtain the resource:

  [31m>>> import nltk
  >>> nltk.download('punkt_tab')
  [0m
  For more information see: https://www.nltk.org/data.html

  Attempted to load [93mtokenizers/punkt_tab/english/[0m

  Searched in:
    - 'C:\\Users\\Dickson/nltk_data'
    - 'C:\\Program Files\\WindowsApps\\PythonSoftwareFoundation.Python.3.13_3.13.1008.0_x64__qbz5n2kfra8p0\\nltk_data'
    - 'C:\\Program Files\\WindowsApps\\PythonSoftwareFoundation.Python.3.13_3.13.1008.0_x64__qbz5n2kfra8p0\\share\\nltk_data'
    - 'C:\\Program Files\\WindowsApps\\PythonSoftwareFoundation.Python.3.13_3.13.1008.0_x64__qbz5n2kfra8p0\\lib\\nltk_data'
    - 'C:\\Users\\Dickson\\AppData\\Roaming\\nltk_data'
    - 'C:\\nltk_data'
    - 'D:\\nltk_data'
    - 'E:\\nltk_data'
**********************************************************************

2025-04-28 08:27:30,913 - __main__ - WARNING - NLTK sentence tokenization failed: 
**********************************************************************
  Resource [93mpunkt_tab[0m not found.
  Please use the NLTK Downloader to obtain the resource:

  [31m>>> import nltk
  >>> nltk.download('punkt_tab')
  [0m
  For more information see: https://www.nltk.org/data.html

  Attempted to load [93mtokenizers/punkt_tab/english/[0m

  Searched in:
    - 'C:\\Users\\Dickson/nltk_data'
    - 'C:\\Program Files\\WindowsApps\\PythonSoftwareFoundation.Python.3.13_3.13.1008.0_x64__qbz5n2kfra8p0\\nltk_data'
    - 'C:\\Program Files\\WindowsApps\\PythonSoftwareFoundation.Python.3.13_3.13.1008.0_x64__qbz5n2kfra8p0\\share\\nltk_data'
    - 'C:\\Program Files\\WindowsApps\\PythonSoftwareFoundation.Python.3.13_3.13.1008.0_x64__qbz5n2kfra8p0\\lib\\nltk_data'
    - 'C:\\Users\\Dickson\\AppData\\Roaming\\nltk_data'
    - 'C:\\nltk_data'
    - 'D:\\nltk_data'
    - 'E:\\nltk_data'
**********************************************************************

2025-04-28 08:27:30,918 - __main__ - INFO - Regex tokenization found 341 sentences
2025-04-28 08:27:31,009 - __main__ - ERROR - Error calculating term frequency: 
**********************************************************************
  Resource [93mpunkt_tab[0m not found.
  Please use the NLTK Downloader to obtain the resource:

  [31m>>> import nltk
  >>> nltk.download('punkt_tab')
  [0m
  For more information see: https://www.nltk.org/data.html

  Attempted to load [93mtokenizers/punkt_tab/english/[0m

  Searched in:
    - 'C:\\Users\\Dickson/nltk_data'
    - 'C:\\Program Files\\WindowsApps\\PythonSoftwareFoundation.Python.3.13_3.13.1008.0_x64__qbz5n2kfra8p0\\nltk_data'
    - 'C:\\Program Files\\WindowsApps\\PythonSoftwareFoundation.Python.3.13_3.13.1008.0_x64__qbz5n2kfra8p0\\share\\nltk_data'
    - 'C:\\Program Files\\WindowsApps\\PythonSoftwareFoundation.Python.3.13_3.13.1008.0_x64__qbz5n2kfra8p0\\lib\\nltk_data'
    - 'C:\\Users\\Dickson\\AppData\\Roaming\\nltk_data'
    - 'C:\\nltk_data'
    - 'D:\\nltk_data'
    - 'E:\\nltk_data'
**********************************************************************

2025-04-28 08:27:31,045 - __main__ - ERROR - Error calculating TF-IDF scores: 
**********************************************************************
  Resource [93mpunkt_tab[0m not found.
  Please use the NLTK Downloader to obtain the resource:

  [31m>>> import nltk
  >>> nltk.download('punkt_tab')
  [0m
  For more information see: https://www.nltk.org/data.html

  Attempted to load [93mtokenizers/punkt_tab/english/[0m

  Searched in:
    - 'C:\\Users\\Dickson/nltk_data'
    - 'C:\\Program Files\\WindowsApps\\PythonSoftwareFoundation.Python.3.13_3.13.1008.0_x64__qbz5n2kfra8p0\\nltk_data'
    - 'C:\\Program Files\\WindowsApps\\PythonSoftwareFoundation.Python.3.13_3.13.1008.0_x64__qbz5n2kfra8p0\\share\\nltk_data'
    - 'C:\\Program Files\\WindowsApps\\PythonSoftwareFoundation.Python.3.13_3.13.1008.0_x64__qbz5n2kfra8p0\\lib\\nltk_data'
    - 'C:\\Users\\Dickson\\AppData\\Roaming\\nltk_data'
    - 'C:\\nltk_data'
    - 'D:\\nltk_data'
    - 'E:\\nltk_data'
**********************************************************************

2025-04-28 08:27:31,054 - __main__ - WARNING - NLTK sentence tokenization failed: 
**********************************************************************
  Resource [93mpunkt_tab[0m not found.
  Please use the NLTK Downloader to obtain the resource:

  [31m>>> import nltk
  >>> nltk.download('punkt_tab')
  [0m
  For more information see: https://www.nltk.org/data.html

  Attempted to load [93mtokenizers/punkt_tab/english/[0m

  Searched in:
    - 'C:\\Users\\Dickson/nltk_data'
    - 'C:\\Program Files\\WindowsApps\\PythonSoftwareFoundation.Python.3.13_3.13.1008.0_x64__qbz5n2kfra8p0\\nltk_data'
    - 'C:\\Program Files\\WindowsApps\\PythonSoftwareFoundation.Python.3.13_3.13.1008.0_x64__qbz5n2kfra8p0\\share\\nltk_data'
    - 'C:\\Program Files\\WindowsApps\\PythonSoftwareFoundation.Python.3.13_3.13.1008.0_x64__qbz5n2kfra8p0\\lib\\nltk_data'
    - 'C:\\Users\\Dickson\\AppData\\Roaming\\nltk_data'
    - 'C:\\nltk_data'
    - 'D:\\nltk_data'
    - 'E:\\nltk_data'
**********************************************************************

2025-04-28 08:27:31,057 - __main__ - INFO - Regex tokenization found 287 sentences
2025-04-28 08:27:31,063 - __main__ - WARNING - NLTK sentence tokenization failed: 
**********************************************************************
  Resource [93mpunkt_tab[0m not found.
  Please use the NLTK Downloader to obtain the resource:

  [31m>>> import nltk
  >>> nltk.download('punkt_tab')
  [0m
  For more information see: https://www.nltk.org/data.html

  Attempted to load [93mtokenizers/punkt_tab/english/[0m

  Searched in:
    - 'C:\\Users\\Dickson/nltk_data'
    - 'C:\\Program Files\\WindowsApps\\PythonSoftwareFoundation.Python.3.13_3.13.1008.0_x64__qbz5n2kfra8p0\\nltk_data'
    - 'C:\\Program Files\\WindowsApps\\PythonSoftwareFoundation.Python.3.13_3.13.1008.0_x64__qbz5n2kfra8p0\\share\\nltk_data'
    - 'C:\\Program Files\\WindowsApps\\PythonSoftwareFoundation.Python.3.13_3.13.1008.0_x64__qbz5n2kfra8p0\\lib\\nltk_data'
    - 'C:\\Users\\Dickson\\AppData\\Roaming\\nltk_data'
    - 'C:\\nltk_data'
    - 'D:\\nltk_data'
    - 'E:\\nltk_data'
**********************************************************************

2025-04-28 08:27:31,067 - __main__ - INFO - Regex tokenization found 55 sentences
2025-04-28 08:27:31,078 - __main__ - DEBUG - Removed temporary file: uploads\528267_BENIN-2023-HUMAN-RIGHTS-REPORT.pdf
2025-04-28 08:27:31,095 - __main__ - WARNING - NLTK sentence tokenization failed: 
**********************************************************************
  Resource [93mpunkt_tab[0m not found.
  Please use the NLTK Downloader to obtain the resource:

  [31m>>> import nltk
  >>> nltk.download('punkt_tab')
  [0m
  For more information see: https://www.nltk.org/data.html

  Attempted to load [93mtokenizers/punkt_tab/english/[0m

  Searched in:
    - 'C:\\Users\\Dickson/nltk_data'
    - 'C:\\Program Files\\WindowsApps\\PythonSoftwareFoundation.Python.3.13_3.13.1008.0_x64__qbz5n2kfra8p0\\nltk_data'
    - 'C:\\Program Files\\WindowsApps\\PythonSoftwareFoundation.Python.3.13_3.13.1008.0_x64__qbz5n2kfra8p0\\share\\nltk_data'
    - 'C:\\Program Files\\WindowsApps\\PythonSoftwareFoundation.Python.3.13_3.13.1008.0_x64__qbz5n2kfra8p0\\lib\\nltk_data'
    - 'C:\\Users\\Dickson\\AppData\\Roaming\\nltk_data'
    - 'C:\\nltk_data'
    - 'D:\\nltk_data'
    - 'E:\\nltk_data'
**********************************************************************

2025-04-28 08:27:31,099 - __main__ - INFO - Regex tokenization found 116 sentences
2025-04-28 08:27:31,100 - werkzeug - INFO - 127.0.0.1 - - [28/Apr/2025 08:27:31] "POST /upload HTTP/1.1" 200 -
2025-04-28 08:53:51,000 - werkzeug - INFO - 127.0.0.1 - - [28/Apr/2025 08:53:51] "GET / HTTP/1.1" 200 -
2025-04-28 08:53:52,333 - werkzeug - INFO - 127.0.0.1 - - [28/Apr/2025 08:53:52] "[33mGET /favicon.ico HTTP/1.1[0m" 404 -
2025-04-28 08:54:27,567 - werkzeug - INFO - 127.0.0.1 - - [28/Apr/2025 08:54:27] "GET / HTTP/1.1" 200 -
2025-04-28 08:54:53,397 - werkzeug - INFO - 127.0.0.1 - - [28/Apr/2025 08:54:53] "GET / HTTP/1.1" 200 -
2025-04-28 08:55:25,589 - __main__ - INFO - Received file upload request
2025-04-28 08:55:26,855 - __main__ - INFO - Processing file: It_is_an_immense_honor_to_stand_before_you_today_as_a_special_guest.pdf
2025-04-28 08:55:26,898 - __main__ - INFO - Beginning PDF extraction
2025-04-28 08:55:26,904 - __main__ - INFO - PDF has 3 pages
2025-04-28 08:55:26,905 - __main__ - DEBUG - Processing page 1/3
2025-04-28 08:55:26,984 - __main__ - DEBUG - Processing page 2/3
2025-04-28 08:55:27,056 - __main__ - DEBUG - Processing page 3/3
2025-04-28 08:55:27,096 - __main__ - INFO - Successfully extracted 4456 characters from PDF
2025-04-28 08:55:27,096 - __main__ - INFO - Requested summary: 148 sentences, paragraph format, structured type, ML: True
2025-04-28 08:55:27,097 - __main__ - INFO - Using traditional summarization methods
2025-04-28 08:55:27,097 - __main__ - INFO - Generating structured summary for It_is_an_immense_honor_to_stand_before_you_today_as_a_special_guest.pdf
2025-04-28 08:55:27,121 - __main__ - WARNING - NLTK sentence tokenization failed: 
**********************************************************************
  Resource [93mpunkt_tab[0m not found.
  Please use the NLTK Downloader to obtain the resource:

  [31m>>> import nltk
  >>> nltk.download('punkt_tab')
  [0m
  For more information see: https://www.nltk.org/data.html

  Attempted to load [93mtokenizers/punkt_tab/english/[0m

  Searched in:
    - 'C:\\Users\\Dickson/nltk_data'
    - 'C:\\Program Files\\WindowsApps\\PythonSoftwareFoundation.Python.3.13_3.13.1008.0_x64__qbz5n2kfra8p0\\nltk_data'
    - 'C:\\Program Files\\WindowsApps\\PythonSoftwareFoundation.Python.3.13_3.13.1008.0_x64__qbz5n2kfra8p0\\share\\nltk_data'
    - 'C:\\Program Files\\WindowsApps\\PythonSoftwareFoundation.Python.3.13_3.13.1008.0_x64__qbz5n2kfra8p0\\lib\\nltk_data'
    - 'C:\\Users\\Dickson\\AppData\\Roaming\\nltk_data'
    - 'C:\\nltk_data'
    - 'D:\\nltk_data'
    - 'E:\\nltk_data'
**********************************************************************

2025-04-28 08:55:27,123 - __main__ - INFO - Regex tokenization found 36 sentences
2025-04-28 08:55:27,132 - __main__ - ERROR - Error calculating term frequency: 
**********************************************************************
  Resource [93mpunkt_tab[0m not found.
  Please use the NLTK Downloader to obtain the resource:

  [31m>>> import nltk
  >>> nltk.download('punkt_tab')
  [0m
  For more information see: https://www.nltk.org/data.html

  Attempted to load [93mtokenizers/punkt_tab/english/[0m

  Searched in:
    - 'C:\\Users\\Dickson/nltk_data'
    - 'C:\\Program Files\\WindowsApps\\PythonSoftwareFoundation.Python.3.13_3.13.1008.0_x64__qbz5n2kfra8p0\\nltk_data'
    - 'C:\\Program Files\\WindowsApps\\PythonSoftwareFoundation.Python.3.13_3.13.1008.0_x64__qbz5n2kfra8p0\\share\\nltk_data'
    - 'C:\\Program Files\\WindowsApps\\PythonSoftwareFoundation.Python.3.13_3.13.1008.0_x64__qbz5n2kfra8p0\\lib\\nltk_data'
    - 'C:\\Users\\Dickson\\AppData\\Roaming\\nltk_data'
    - 'C:\\nltk_data'
    - 'D:\\nltk_data'
    - 'E:\\nltk_data'
**********************************************************************

2025-04-28 08:55:27,145 - __main__ - ERROR - Error calculating TF-IDF scores: 
**********************************************************************
  Resource [93mpunkt_tab[0m not found.
  Please use the NLTK Downloader to obtain the resource:

  [31m>>> import nltk
  >>> nltk.download('punkt_tab')
  [0m
  For more information see: https://www.nltk.org/data.html

  Attempted to load [93mtokenizers/punkt_tab/english/[0m

  Searched in:
    - 'C:\\Users\\Dickson/nltk_data'
    - 'C:\\Program Files\\WindowsApps\\PythonSoftwareFoundation.Python.3.13_3.13.1008.0_x64__qbz5n2kfra8p0\\nltk_data'
    - 'C:\\Program Files\\WindowsApps\\PythonSoftwareFoundation.Python.3.13_3.13.1008.0_x64__qbz5n2kfra8p0\\share\\nltk_data'
    - 'C:\\Program Files\\WindowsApps\\PythonSoftwareFoundation.Python.3.13_3.13.1008.0_x64__qbz5n2kfra8p0\\lib\\nltk_data'
    - 'C:\\Users\\Dickson\\AppData\\Roaming\\nltk_data'
    - 'C:\\nltk_data'
    - 'D:\\nltk_data'
    - 'E:\\nltk_data'
**********************************************************************

2025-04-28 08:55:27,153 - __main__ - WARNING - NLTK sentence tokenization failed: 
**********************************************************************
  Resource [93mpunkt_tab[0m not found.
  Please use the NLTK Downloader to obtain the resource:

  [31m>>> import nltk
  >>> nltk.download('punkt_tab')
  [0m
  For more information see: https://www.nltk.org/data.html

  Attempted to load [93mtokenizers/punkt_tab/english/[0m

  Searched in:
    - 'C:\\Users\\Dickson/nltk_data'
    - 'C:\\Program Files\\WindowsApps\\PythonSoftwareFoundation.Python.3.13_3.13.1008.0_x64__qbz5n2kfra8p0\\nltk_data'
    - 'C:\\Program Files\\WindowsApps\\PythonSoftwareFoundation.Python.3.13_3.13.1008.0_x64__qbz5n2kfra8p0\\share\\nltk_data'
    - 'C:\\Program Files\\WindowsApps\\PythonSoftwareFoundation.Python.3.13_3.13.1008.0_x64__qbz5n2kfra8p0\\lib\\nltk_data'
    - 'C:\\Users\\Dickson\\AppData\\Roaming\\nltk_data'
    - 'C:\\nltk_data'
    - 'D:\\nltk_data'
    - 'E:\\nltk_data'
**********************************************************************

2025-04-28 08:55:27,155 - __main__ - INFO - Regex tokenization found 36 sentences
2025-04-28 08:55:27,163 - __main__ - ERROR - Error calculating term frequency: 
**********************************************************************
  Resource [93mpunkt_tab[0m not found.
  Please use the NLTK Downloader to obtain the resource:

  [31m>>> import nltk
  >>> nltk.download('punkt_tab')
  [0m
  For more information see: https://www.nltk.org/data.html

  Attempted to load [93mtokenizers/punkt_tab/english/[0m

  Searched in:
    - 'C:\\Users\\Dickson/nltk_data'
    - 'C:\\Program Files\\WindowsApps\\PythonSoftwareFoundation.Python.3.13_3.13.1008.0_x64__qbz5n2kfra8p0\\nltk_data'
    - 'C:\\Program Files\\WindowsApps\\PythonSoftwareFoundation.Python.3.13_3.13.1008.0_x64__qbz5n2kfra8p0\\share\\nltk_data'
    - 'C:\\Program Files\\WindowsApps\\PythonSoftwareFoundation.Python.3.13_3.13.1008.0_x64__qbz5n2kfra8p0\\lib\\nltk_data'
    - 'C:\\Users\\Dickson\\AppData\\Roaming\\nltk_data'
    - 'C:\\nltk_data'
    - 'D:\\nltk_data'
    - 'E:\\nltk_data'
**********************************************************************

2025-04-28 08:55:27,173 - __main__ - ERROR - Error calculating TF-IDF scores: 
**********************************************************************
  Resource [93mpunkt_tab[0m not found.
  Please use the NLTK Downloader to obtain the resource:

  [31m>>> import nltk
  >>> nltk.download('punkt_tab')
  [0m
  For more information see: https://www.nltk.org/data.html

  Attempted to load [93mtokenizers/punkt_tab/english/[0m

  Searched in:
    - 'C:\\Users\\Dickson/nltk_data'
    - 'C:\\Program Files\\WindowsApps\\PythonSoftwareFoundation.Python.3.13_3.13.1008.0_x64__qbz5n2kfra8p0\\nltk_data'
    - 'C:\\Program Files\\WindowsApps\\PythonSoftwareFoundation.Python.3.13_3.13.1008.0_x64__qbz5n2kfra8p0\\share\\nltk_data'
    - 'C:\\Program Files\\WindowsApps\\PythonSoftwareFoundation.Python.3.13_3.13.1008.0_x64__qbz5n2kfra8p0\\lib\\nltk_data'
    - 'C:\\Users\\Dickson\\AppData\\Roaming\\nltk_data'
    - 'C:\\nltk_data'
    - 'D:\\nltk_data'
    - 'E:\\nltk_data'
**********************************************************************

2025-04-28 08:55:27,193 - __main__ - WARNING - NLTK sentence tokenization failed: 
**********************************************************************
  Resource [93mpunkt_tab[0m not found.
  Please use the NLTK Downloader to obtain the resource:

  [31m>>> import nltk
  >>> nltk.download('punkt_tab')
  [0m
  For more information see: https://www.nltk.org/data.html

  Attempted to load [93mtokenizers/punkt_tab/english/[0m

  Searched in:
    - 'C:\\Users\\Dickson/nltk_data'
    - 'C:\\Program Files\\WindowsApps\\PythonSoftwareFoundation.Python.3.13_3.13.1008.0_x64__qbz5n2kfra8p0\\nltk_data'
    - 'C:\\Program Files\\WindowsApps\\PythonSoftwareFoundation.Python.3.13_3.13.1008.0_x64__qbz5n2kfra8p0\\share\\nltk_data'
    - 'C:\\Program Files\\WindowsApps\\PythonSoftwareFoundation.Python.3.13_3.13.1008.0_x64__qbz5n2kfra8p0\\lib\\nltk_data'
    - 'C:\\Users\\Dickson\\AppData\\Roaming\\nltk_data'
    - 'C:\\nltk_data'
    - 'D:\\nltk_data'
    - 'E:\\nltk_data'
**********************************************************************

2025-04-28 08:55:27,196 - __main__ - INFO - Regex tokenization found 36 sentences
2025-04-28 08:55:27,205 - __main__ - WARNING - NLTK sentence tokenization failed: 
**********************************************************************
  Resource [93mpunkt_tab[0m not found.
  Please use the NLTK Downloader to obtain the resource:

  [31m>>> import nltk
  >>> nltk.download('punkt_tab')
  [0m
  For more information see: https://www.nltk.org/data.html

  Attempted to load [93mtokenizers/punkt_tab/english/[0m

  Searched in:
    - 'C:\\Users\\Dickson/nltk_data'
    - 'C:\\Program Files\\WindowsApps\\PythonSoftwareFoundation.Python.3.13_3.13.1008.0_x64__qbz5n2kfra8p0\\nltk_data'
    - 'C:\\Program Files\\WindowsApps\\PythonSoftwareFoundation.Python.3.13_3.13.1008.0_x64__qbz5n2kfra8p0\\share\\nltk_data'
    - 'C:\\Program Files\\WindowsApps\\PythonSoftwareFoundation.Python.3.13_3.13.1008.0_x64__qbz5n2kfra8p0\\lib\\nltk_data'
    - 'C:\\Users\\Dickson\\AppData\\Roaming\\nltk_data'
    - 'C:\\nltk_data'
    - 'D:\\nltk_data'
    - 'E:\\nltk_data'
**********************************************************************

2025-04-28 08:55:27,207 - __main__ - INFO - Regex tokenization found 36 sentences
2025-04-28 08:55:27,217 - __main__ - WARNING - NLTK sentence tokenization failed: 
**********************************************************************
  Resource [93mpunkt_tab[0m not found.
  Please use the NLTK Downloader to obtain the resource:

  [31m>>> import nltk
  >>> nltk.download('punkt_tab')
  [0m
  For more information see: https://www.nltk.org/data.html

  Attempted to load [93mtokenizers/punkt_tab/english/[0m

  Searched in:
    - 'C:\\Users\\Dickson/nltk_data'
    - 'C:\\Program Files\\WindowsApps\\PythonSoftwareFoundation.Python.3.13_3.13.1008.0_x64__qbz5n2kfra8p0\\nltk_data'
    - 'C:\\Program Files\\WindowsApps\\PythonSoftwareFoundation.Python.3.13_3.13.1008.0_x64__qbz5n2kfra8p0\\share\\nltk_data'
    - 'C:\\Program Files\\WindowsApps\\PythonSoftwareFoundation.Python.3.13_3.13.1008.0_x64__qbz5n2kfra8p0\\lib\\nltk_data'
    - 'C:\\Users\\Dickson\\AppData\\Roaming\\nltk_data'
    - 'C:\\nltk_data'
    - 'D:\\nltk_data'
    - 'E:\\nltk_data'
**********************************************************************

2025-04-28 08:55:27,220 - __main__ - INFO - Regex tokenization found 36 sentences
2025-04-28 08:55:27,222 - __main__ - DEBUG - Removed temporary file: uploads\It_is_an_immense_honor_to_stand_before_you_today_as_a_special_guest.pdf
2025-04-28 08:55:27,231 - __main__ - WARNING - NLTK sentence tokenization failed: 
**********************************************************************
  Resource [93mpunkt_tab[0m not found.
  Please use the NLTK Downloader to obtain the resource:

  [31m>>> import nltk
  >>> nltk.download('punkt_tab')
  [0m
  For more information see: https://www.nltk.org/data.html

  Attempted to load [93mtokenizers/punkt_tab/english/[0m

  Searched in:
    - 'C:\\Users\\Dickson/nltk_data'
    - 'C:\\Program Files\\WindowsApps\\PythonSoftwareFoundation.Python.3.13_3.13.1008.0_x64__qbz5n2kfra8p0\\nltk_data'
    - 'C:\\Program Files\\WindowsApps\\PythonSoftwareFoundation.Python.3.13_3.13.1008.0_x64__qbz5n2kfra8p0\\share\\nltk_data'
    - 'C:\\Program Files\\WindowsApps\\PythonSoftwareFoundation.Python.3.13_3.13.1008.0_x64__qbz5n2kfra8p0\\lib\\nltk_data'
    - 'C:\\Users\\Dickson\\AppData\\Roaming\\nltk_data'
    - 'C:\\nltk_data'
    - 'D:\\nltk_data'
    - 'E:\\nltk_data'
**********************************************************************

2025-04-28 08:55:27,233 - __main__ - INFO - Regex tokenization found 35 sentences
2025-04-28 08:55:27,235 - werkzeug - INFO - 127.0.0.1 - - [28/Apr/2025 08:55:27] "POST /upload HTTP/1.1" 200 -
2025-04-28 09:20:06,630 - werkzeug - INFO -  * Detected change in 'c:\\Users\\Dickson\\OneDrive\\Desktop\\Chat bot\\app.py', reloading
2025-04-28 09:20:06,631 - werkzeug - INFO -  * Detected change in 'c:\\Users\\Dickson\\OneDrive\\Desktop\\Chat bot\\app.py', reloading
2025-04-28 09:20:07,975 - werkzeug - INFO -  * Restarting with watchdog (windowsapi)
2025-04-28 09:20:12,110 - __main__ - WARNING - Transformers library not found. ML-based summarization will not be available.
2025-04-28 09:20:14,979 - __main__ - INFO - NLTK initialized successfully
2025-04-28 09:20:14,981 - __main__ - INFO - Loading knowledge base from knowledge_base.json
2025-04-28 09:20:14,984 - __main__ - INFO - Starting Akoo PDF Summarization Chatbot
2025-04-28 09:20:15,002 - werkzeug - WARNING -  * Debugger is active!
2025-04-28 09:20:15,007 - werkzeug - INFO -  * Debugger PIN: 321-018-428
2025-04-28 09:24:58,892 - werkzeug - INFO - 127.0.0.1 - - [28/Apr/2025 09:24:58] "GET / HTTP/1.1" 200 -
2025-04-28 09:26:41,780 - werkzeug - INFO - 127.0.0.1 - - [28/Apr/2025 09:26:41] "GET / HTTP/1.1" 200 -
2025-04-28 09:26:42,829 - werkzeug - INFO - 127.0.0.1 - - [28/Apr/2025 09:26:42] "[33mGET /favicon.ico HTTP/1.1[0m" 404 -
2025-04-28 09:28:38,279 - werkzeug - INFO - 127.0.0.1 - - [28/Apr/2025 09:28:38] "GET / HTTP/1.1" 200 -
2025-04-28 09:29:01,608 - werkzeug - INFO - 127.0.0.1 - - [28/Apr/2025 09:29:01] "GET / HTTP/1.1" 200 -
2025-04-28 09:31:57,568 - werkzeug - INFO - 127.0.0.1 - - [28/Apr/2025 09:31:57] "GET / HTTP/1.1" 200 -
2025-04-28 09:33:12,919 - werkzeug - INFO - 127.0.0.1 - - [28/Apr/2025 09:33:12] "GET / HTTP/1.1" 200 -
2025-04-28 09:33:14,869 - werkzeug - INFO - 127.0.0.1 - - [28/Apr/2025 09:33:14] "[33mGET /favicon.ico HTTP/1.1[0m" 404 -
2025-04-28 09:33:18,078 - werkzeug - INFO - 127.0.0.1 - - [28/Apr/2025 09:33:18] "GET / HTTP/1.1" 200 -
2025-04-28 09:34:57,017 - werkzeug - INFO - 127.0.0.1 - - [28/Apr/2025 09:34:57] "GET / HTTP/1.1" 200 -
2025-04-28 09:34:58,018 - werkzeug - INFO - 127.0.0.1 - - [28/Apr/2025 09:34:58] "[33mGET /favicon.ico HTTP/1.1[0m" 404 -
2025-04-28 09:35:04,094 - __main__ - INFO - Received file upload request
2025-04-28 09:35:28,012 - __main__ - INFO - Processing file: 1-s2.0-S2666920X23000085-main.pdf
2025-04-28 09:35:28,055 - __main__ - INFO - Processing progress: {'status': 'processing', 'progress': 10, 'message': 'Starting document extraction...'}
2025-04-28 09:35:28,080 - __main__ - INFO - Beginning PDF extraction
2025-04-28 09:35:28,090 - __main__ - INFO - PDF has 10 pages
2025-04-28 09:35:28,091 - __main__ - DEBUG - Processing page 1/10
2025-04-28 09:35:28,192 - __main__ - DEBUG - Processing page 2/10
2025-04-28 09:35:28,329 - __main__ - DEBUG - Processing page 3/10
2025-04-28 09:35:28,552 - __main__ - DEBUG - Processing page 4/10
2025-04-28 09:35:29,256 - __main__ - DEBUG - Processing page 5/10
2025-04-28 09:35:29,803 - __main__ - DEBUG - Processing page 6/10
2025-04-28 09:35:32,629 - __main__ - DEBUG - Processing page 7/10
2025-04-28 09:35:33,195 - __main__ - DEBUG - Processing page 8/10
2025-04-28 09:35:33,449 - werkzeug - INFO - 127.0.0.1 - - [28/Apr/2025 09:35:33] "GET / HTTP/1.1" 200 -
2025-04-28 09:35:33,598 - __main__ - DEBUG - Processing page 9/10
2025-04-28 09:35:37,394 - __main__ - DEBUG - Processing page 10/10
2025-04-28 09:35:37,539 - __main__ - INFO - Successfully extracted 48823 characters from PDF
2025-04-28 09:35:37,540 - __main__ - INFO - Processing progress: {'status': 'processing', 'progress': 30, 'message': 'Document extracted, analyzing content...'}
2025-04-28 09:35:37,540 - __main__ - INFO - Requested summary: 97 sentences, paragraph format, structured type, ML: True
2025-04-28 09:35:37,541 - __main__ - INFO - Using traditional summarization methods
2025-04-28 09:35:37,541 - __main__ - INFO - Processing progress: {'status': 'processing', 'progress': 65, 'message': 'Generating summary using rule-based approach...'}
2025-04-28 09:35:37,542 - __main__ - INFO - Generating structured summary for 1-s2.0-S2666920X23000085-main.pdf
2025-04-28 09:35:37,657 - __main__ - WARNING - NLTK sentence tokenization failed: 
**********************************************************************
  Resource [93mpunkt_tab[0m not found.
  Please use the NLTK Downloader to obtain the resource:

  [31m>>> import nltk
  >>> nltk.download('punkt_tab')
  [0m
  For more information see: https://www.nltk.org/data.html

  Attempted to load [93mtokenizers/punkt_tab/english/[0m

  Searched in:
    - 'C:\\Users\\Dickson/nltk_data'
    - 'C:\\Program Files\\WindowsApps\\PythonSoftwareFoundation.Python.3.13_3.13.1008.0_x64__qbz5n2kfra8p0\\nltk_data'
    - 'C:\\Program Files\\WindowsApps\\PythonSoftwareFoundation.Python.3.13_3.13.1008.0_x64__qbz5n2kfra8p0\\share\\nltk_data'
    - 'C:\\Program Files\\WindowsApps\\PythonSoftwareFoundation.Python.3.13_3.13.1008.0_x64__qbz5n2kfra8p0\\lib\\nltk_data'
    - 'C:\\Users\\Dickson\\AppData\\Roaming\\nltk_data'
    - 'C:\\nltk_data'
    - 'D:\\nltk_data'
    - 'E:\\nltk_data'
**********************************************************************

2025-04-28 09:35:37,658 - __main__ - INFO - Regex tokenization found 4 sentences
2025-04-28 09:35:37,661 - __main__ - WARNING - NLTK sentence tokenization failed: 
**********************************************************************
  Resource [93mpunkt_tab[0m not found.
  Please use the NLTK Downloader to obtain the resource:

  [31m>>> import nltk
  >>> nltk.download('punkt_tab')
  [0m
  For more information see: https://www.nltk.org/data.html

  Attempted to load [93mtokenizers/punkt_tab/english/[0m

  Searched in:
    - 'C:\\Users\\Dickson/nltk_data'
    - 'C:\\Program Files\\WindowsApps\\PythonSoftwareFoundation.Python.3.13_3.13.1008.0_x64__qbz5n2kfra8p0\\nltk_data'
    - 'C:\\Program Files\\WindowsApps\\PythonSoftwareFoundation.Python.3.13_3.13.1008.0_x64__qbz5n2kfra8p0\\share\\nltk_data'
    - 'C:\\Program Files\\WindowsApps\\PythonSoftwareFoundation.Python.3.13_3.13.1008.0_x64__qbz5n2kfra8p0\\lib\\nltk_data'
    - 'C:\\Users\\Dickson\\AppData\\Roaming\\nltk_data'
    - 'C:\\nltk_data'
    - 'D:\\nltk_data'
    - 'E:\\nltk_data'
**********************************************************************

2025-04-28 09:35:37,662 - __main__ - INFO - Regex tokenization found 3 sentences
2025-04-28 09:35:37,665 - __main__ - WARNING - NLTK sentence tokenization failed: 
**********************************************************************
  Resource [93mpunkt_tab[0m not found.
  Please use the NLTK Downloader to obtain the resource:

  [31m>>> import nltk
  >>> nltk.download('punkt_tab')
  [0m
  For more information see: https://www.nltk.org/data.html

  Attempted to load [93mtokenizers/punkt_tab/english/[0m

  Searched in:
    - 'C:\\Users\\Dickson/nltk_data'
    - 'C:\\Program Files\\WindowsApps\\PythonSoftwareFoundation.Python.3.13_3.13.1008.0_x64__qbz5n2kfra8p0\\nltk_data'
    - 'C:\\Program Files\\WindowsApps\\PythonSoftwareFoundation.Python.3.13_3.13.1008.0_x64__qbz5n2kfra8p0\\share\\nltk_data'
    - 'C:\\Program Files\\WindowsApps\\PythonSoftwareFoundation.Python.3.13_3.13.1008.0_x64__qbz5n2kfra8p0\\lib\\nltk_data'
    - 'C:\\Users\\Dickson\\AppData\\Roaming\\nltk_data'
    - 'C:\\nltk_data'
    - 'D:\\nltk_data'
    - 'E:\\nltk_data'
**********************************************************************

2025-04-28 09:35:37,665 - __main__ - INFO - Regex tokenization found 24 sentences
2025-04-28 09:35:37,669 - __main__ - WARNING - NLTK sentence tokenization failed: 
**********************************************************************
  Resource [93mpunkt_tab[0m not found.
  Please use the NLTK Downloader to obtain the resource:

  [31m>>> import nltk
  >>> nltk.download('punkt_tab')
  [0m
  For more information see: https://www.nltk.org/data.html

  Attempted to load [93mtokenizers/punkt_tab/english/[0m

  Searched in:
    - 'C:\\Users\\Dickson/nltk_data'
    - 'C:\\Program Files\\WindowsApps\\PythonSoftwareFoundation.Python.3.13_3.13.1008.0_x64__qbz5n2kfra8p0\\nltk_data'
    - 'C:\\Program Files\\WindowsApps\\PythonSoftwareFoundation.Python.3.13_3.13.1008.0_x64__qbz5n2kfra8p0\\share\\nltk_data'
    - 'C:\\Program Files\\WindowsApps\\PythonSoftwareFoundation.Python.3.13_3.13.1008.0_x64__qbz5n2kfra8p0\\lib\\nltk_data'
    - 'C:\\Users\\Dickson\\AppData\\Roaming\\nltk_data'
    - 'C:\\nltk_data'
    - 'D:\\nltk_data'
    - 'E:\\nltk_data'
**********************************************************************

2025-04-28 09:35:37,669 - __main__ - INFO - Regex tokenization found 4 sentences
2025-04-28 09:35:37,673 - __main__ - WARNING - NLTK sentence tokenization failed: 
**********************************************************************
  Resource [93mpunkt_tab[0m not found.
  Please use the NLTK Downloader to obtain the resource:

  [31m>>> import nltk
  >>> nltk.download('punkt_tab')
  [0m
  For more information see: https://www.nltk.org/data.html

  Attempted to load [93mtokenizers/punkt_tab/english/[0m

  Searched in:
    - 'C:\\Users\\Dickson/nltk_data'
    - 'C:\\Program Files\\WindowsApps\\PythonSoftwareFoundation.Python.3.13_3.13.1008.0_x64__qbz5n2kfra8p0\\nltk_data'
    - 'C:\\Program Files\\WindowsApps\\PythonSoftwareFoundation.Python.3.13_3.13.1008.0_x64__qbz5n2kfra8p0\\share\\nltk_data'
    - 'C:\\Program Files\\WindowsApps\\PythonSoftwareFoundation.Python.3.13_3.13.1008.0_x64__qbz5n2kfra8p0\\lib\\nltk_data'
    - 'C:\\Users\\Dickson\\AppData\\Roaming\\nltk_data'
    - 'C:\\nltk_data'
    - 'D:\\nltk_data'
    - 'E:\\nltk_data'
**********************************************************************

2025-04-28 09:35:37,674 - __main__ - INFO - Regex tokenization found 189 sentences
2025-04-28 09:35:37,678 - __main__ - ERROR - Error calculating term frequency: 
**********************************************************************
  Resource [93mpunkt_tab[0m not found.
  Please use the NLTK Downloader to obtain the resource:

  [31m>>> import nltk
  >>> nltk.download('punkt_tab')
  [0m
  For more information see: https://www.nltk.org/data.html

  Attempted to load [93mtokenizers/punkt_tab/english/[0m

  Searched in:
    - 'C:\\Users\\Dickson/nltk_data'
    - 'C:\\Program Files\\WindowsApps\\PythonSoftwareFoundation.Python.3.13_3.13.1008.0_x64__qbz5n2kfra8p0\\nltk_data'
    - 'C:\\Program Files\\WindowsApps\\PythonSoftwareFoundation.Python.3.13_3.13.1008.0_x64__qbz5n2kfra8p0\\share\\nltk_data'
    - 'C:\\Program Files\\WindowsApps\\PythonSoftwareFoundation.Python.3.13_3.13.1008.0_x64__qbz5n2kfra8p0\\lib\\nltk_data'
    - 'C:\\Users\\Dickson\\AppData\\Roaming\\nltk_data'
    - 'C:\\nltk_data'
    - 'D:\\nltk_data'
    - 'E:\\nltk_data'
**********************************************************************

2025-04-28 09:35:37,687 - __main__ - ERROR - Error calculating TF-IDF scores: 
**********************************************************************
  Resource [93mpunkt_tab[0m not found.
  Please use the NLTK Downloader to obtain the resource:

  [31m>>> import nltk
  >>> nltk.download('punkt_tab')
  [0m
  For more information see: https://www.nltk.org/data.html

  Attempted to load [93mtokenizers/punkt_tab/english/[0m

  Searched in:
    - 'C:\\Users\\Dickson/nltk_data'
    - 'C:\\Program Files\\WindowsApps\\PythonSoftwareFoundation.Python.3.13_3.13.1008.0_x64__qbz5n2kfra8p0\\nltk_data'
    - 'C:\\Program Files\\WindowsApps\\PythonSoftwareFoundation.Python.3.13_3.13.1008.0_x64__qbz5n2kfra8p0\\share\\nltk_data'
    - 'C:\\Program Files\\WindowsApps\\PythonSoftwareFoundation.Python.3.13_3.13.1008.0_x64__qbz5n2kfra8p0\\lib\\nltk_data'
    - 'C:\\Users\\Dickson\\AppData\\Roaming\\nltk_data'
    - 'C:\\nltk_data'
    - 'D:\\nltk_data'
    - 'E:\\nltk_data'
**********************************************************************

2025-04-28 09:35:37,695 - __main__ - WARNING - NLTK sentence tokenization failed: 
**********************************************************************
  Resource [93mpunkt_tab[0m not found.
  Please use the NLTK Downloader to obtain the resource:

  [31m>>> import nltk
  >>> nltk.download('punkt_tab')
  [0m
  For more information see: https://www.nltk.org/data.html

  Attempted to load [93mtokenizers/punkt_tab/english/[0m

  Searched in:
    - 'C:\\Users\\Dickson/nltk_data'
    - 'C:\\Program Files\\WindowsApps\\PythonSoftwareFoundation.Python.3.13_3.13.1008.0_x64__qbz5n2kfra8p0\\nltk_data'
    - 'C:\\Program Files\\WindowsApps\\PythonSoftwareFoundation.Python.3.13_3.13.1008.0_x64__qbz5n2kfra8p0\\share\\nltk_data'
    - 'C:\\Program Files\\WindowsApps\\PythonSoftwareFoundation.Python.3.13_3.13.1008.0_x64__qbz5n2kfra8p0\\lib\\nltk_data'
    - 'C:\\Users\\Dickson\\AppData\\Roaming\\nltk_data'
    - 'C:\\nltk_data'
    - 'D:\\nltk_data'
    - 'E:\\nltk_data'
**********************************************************************

2025-04-28 09:35:37,696 - __main__ - INFO - Regex tokenization found 401 sentences
2025-04-28 09:35:37,722 - __main__ - ERROR - Error calculating term frequency: 
**********************************************************************
  Resource [93mpunkt_tab[0m not found.
  Please use the NLTK Downloader to obtain the resource:

  [31m>>> import nltk
  >>> nltk.download('punkt_tab')
  [0m
  For more information see: https://www.nltk.org/data.html

  Attempted to load [93mtokenizers/punkt_tab/english/[0m

  Searched in:
    - 'C:\\Users\\Dickson/nltk_data'
    - 'C:\\Program Files\\WindowsApps\\PythonSoftwareFoundation.Python.3.13_3.13.1008.0_x64__qbz5n2kfra8p0\\nltk_data'
    - 'C:\\Program Files\\WindowsApps\\PythonSoftwareFoundation.Python.3.13_3.13.1008.0_x64__qbz5n2kfra8p0\\share\\nltk_data'
    - 'C:\\Program Files\\WindowsApps\\PythonSoftwareFoundation.Python.3.13_3.13.1008.0_x64__qbz5n2kfra8p0\\lib\\nltk_data'
    - 'C:\\Users\\Dickson\\AppData\\Roaming\\nltk_data'
    - 'C:\\nltk_data'
    - 'D:\\nltk_data'
    - 'E:\\nltk_data'
**********************************************************************

2025-04-28 09:35:37,730 - __main__ - ERROR - Error calculating TF-IDF scores: 
**********************************************************************
  Resource [93mpunkt_tab[0m not found.
  Please use the NLTK Downloader to obtain the resource:

  [31m>>> import nltk
  >>> nltk.download('punkt_tab')
  [0m
  For more information see: https://www.nltk.org/data.html

  Attempted to load [93mtokenizers/punkt_tab/english/[0m

  Searched in:
    - 'C:\\Users\\Dickson/nltk_data'
    - 'C:\\Program Files\\WindowsApps\\PythonSoftwareFoundation.Python.3.13_3.13.1008.0_x64__qbz5n2kfra8p0\\nltk_data'
    - 'C:\\Program Files\\WindowsApps\\PythonSoftwareFoundation.Python.3.13_3.13.1008.0_x64__qbz5n2kfra8p0\\share\\nltk_data'
    - 'C:\\Program Files\\WindowsApps\\PythonSoftwareFoundation.Python.3.13_3.13.1008.0_x64__qbz5n2kfra8p0\\lib\\nltk_data'
    - 'C:\\Users\\Dickson\\AppData\\Roaming\\nltk_data'
    - 'C:\\nltk_data'
    - 'D:\\nltk_data'
    - 'E:\\nltk_data'
**********************************************************************

2025-04-28 09:35:37,734 - __main__ - WARNING - NLTK sentence tokenization failed: 
**********************************************************************
  Resource [93mpunkt_tab[0m not found.
  Please use the NLTK Downloader to obtain the resource:

  [31m>>> import nltk
  >>> nltk.download('punkt_tab')
  [0m
  For more information see: https://www.nltk.org/data.html

  Attempted to load [93mtokenizers/punkt_tab/english/[0m

  Searched in:
    - 'C:\\Users\\Dickson/nltk_data'
    - 'C:\\Program Files\\WindowsApps\\PythonSoftwareFoundation.Python.3.13_3.13.1008.0_x64__qbz5n2kfra8p0\\nltk_data'
    - 'C:\\Program Files\\WindowsApps\\PythonSoftwareFoundation.Python.3.13_3.13.1008.0_x64__qbz5n2kfra8p0\\share\\nltk_data'
    - 'C:\\Program Files\\WindowsApps\\PythonSoftwareFoundation.Python.3.13_3.13.1008.0_x64__qbz5n2kfra8p0\\lib\\nltk_data'
    - 'C:\\Users\\Dickson\\AppData\\Roaming\\nltk_data'
    - 'C:\\nltk_data'
    - 'D:\\nltk_data'
    - 'E:\\nltk_data'
**********************************************************************

2025-04-28 09:35:37,735 - __main__ - INFO - Regex tokenization found 401 sentences
2025-04-28 09:35:37,738 - __main__ - WARNING - NLTK sentence tokenization failed: 
**********************************************************************
  Resource [93mpunkt_tab[0m not found.
  Please use the NLTK Downloader to obtain the resource:

  [31m>>> import nltk
  >>> nltk.download('punkt_tab')
  [0m
  For more information see: https://www.nltk.org/data.html

  Attempted to load [93mtokenizers/punkt_tab/english/[0m

  Searched in:
    - 'C:\\Users\\Dickson/nltk_data'
    - 'C:\\Program Files\\WindowsApps\\PythonSoftwareFoundation.Python.3.13_3.13.1008.0_x64__qbz5n2kfra8p0\\nltk_data'
    - 'C:\\Program Files\\WindowsApps\\PythonSoftwareFoundation.Python.3.13_3.13.1008.0_x64__qbz5n2kfra8p0\\share\\nltk_data'
    - 'C:\\Program Files\\WindowsApps\\PythonSoftwareFoundation.Python.3.13_3.13.1008.0_x64__qbz5n2kfra8p0\\lib\\nltk_data'
    - 'C:\\Users\\Dickson\\AppData\\Roaming\\nltk_data'
    - 'C:\\nltk_data'
    - 'D:\\nltk_data'
    - 'E:\\nltk_data'
**********************************************************************

2025-04-28 09:35:37,739 - __main__ - INFO - Regex tokenization found 189 sentences
2025-04-28 09:35:37,740 - __main__ - INFO - Processing progress: {'status': 'completed', 'progress': 100, 'message': 'Summary generated successfully!'}
2025-04-28 09:35:37,740 - __main__ - DEBUG - Removed temporary file: uploads\1-s2.0-S2666920X23000085-main.pdf
2025-04-28 09:35:37,744 - __main__ - WARNING - NLTK sentence tokenization failed: 
**********************************************************************
  Resource [93mpunkt_tab[0m not found.
  Please use the NLTK Downloader to obtain the resource:

  [31m>>> import nltk
  >>> nltk.download('punkt_tab')
  [0m
  For more information see: https://www.nltk.org/data.html

  Attempted to load [93mtokenizers/punkt_tab/english/[0m

  Searched in:
    - 'C:\\Users\\Dickson/nltk_data'
    - 'C:\\Program Files\\WindowsApps\\PythonSoftwareFoundation.Python.3.13_3.13.1008.0_x64__qbz5n2kfra8p0\\nltk_data'
    - 'C:\\Program Files\\WindowsApps\\PythonSoftwareFoundation.Python.3.13_3.13.1008.0_x64__qbz5n2kfra8p0\\share\\nltk_data'
    - 'C:\\Program Files\\WindowsApps\\PythonSoftwareFoundation.Python.3.13_3.13.1008.0_x64__qbz5n2kfra8p0\\lib\\nltk_data'
    - 'C:\\Users\\Dickson\\AppData\\Roaming\\nltk_data'
    - 'C:\\nltk_data'
    - 'D:\\nltk_data'
    - 'E:\\nltk_data'
**********************************************************************

2025-04-28 09:35:37,744 - __main__ - INFO - Regex tokenization found 57 sentences
2025-04-28 09:35:37,745 - werkzeug - INFO - 127.0.0.1 - - [28/Apr/2025 09:35:37] "POST /upload HTTP/1.1" 200 -
2025-04-28 09:36:01,032 - werkzeug - INFO - 127.0.0.1 - - [28/Apr/2025 09:36:01] "GET / HTTP/1.1" 200 -
2025-04-28 09:36:02,506 - werkzeug - INFO - 127.0.0.1 - - [28/Apr/2025 09:36:02] "GET / HTTP/1.1" 200 -
2025-04-28 09:36:59,983 - __main__ - INFO - Received file upload request
2025-04-28 09:37:00,400 - __main__ - WARNING - Invalid file format: TRANSPORT DEPARTMENT.docx
2025-04-28 09:37:00,401 - werkzeug - INFO - 127.0.0.1 - - [28/Apr/2025 09:37:00] "[31m[1mPOST /upload HTTP/1.1[0m" 400 -
2025-04-28 09:37:22,575 - werkzeug - INFO - 127.0.0.1 - - [28/Apr/2025 09:37:22] "GET / HTTP/1.1" 200 -
2025-04-28 09:38:15,019 - werkzeug - INFO - 127.0.0.1 - - [28/Apr/2025 09:38:15] "GET / HTTP/1.1" 200 -
2025-04-28 09:38:16,482 - werkzeug - INFO - 127.0.0.1 - - [28/Apr/2025 09:38:16] "[33mGET /favicon.ico HTTP/1.1[0m" 404 -
2025-04-28 09:38:37,106 - __main__ - INFO - Received file upload request
2025-04-28 09:38:39,178 - __main__ - INFO - Processing file: Development theories- A comparative approach (1).pdf
2025-04-28 09:38:39,183 - __main__ - INFO - Processing progress: {'status': 'processing', 'progress': 10, 'message': 'Starting document extraction...'}
2025-04-28 09:38:39,199 - __main__ - INFO - Beginning PDF extraction
2025-04-28 09:38:39,204 - __main__ - INFO - PDF has 21 pages
2025-04-28 09:38:39,205 - __main__ - DEBUG - Processing page 1/21
2025-04-28 09:38:39,228 - __main__ - DEBUG - Processing page 2/21
2025-04-28 09:38:39,246 - __main__ - DEBUG - Processing page 3/21
2025-04-28 09:38:39,259 - __main__ - DEBUG - Processing page 4/21
2025-04-28 09:38:39,269 - __main__ - DEBUG - Processing page 5/21
2025-04-28 09:38:39,276 - __main__ - DEBUG - Processing page 6/21
2025-04-28 09:38:39,286 - __main__ - DEBUG - Processing page 7/21
2025-04-28 09:38:39,295 - __main__ - DEBUG - Processing page 8/21
2025-04-28 09:38:39,301 - __main__ - DEBUG - Processing page 9/21
2025-04-28 09:38:39,307 - __main__ - DEBUG - Processing page 10/21
2025-04-28 09:38:39,315 - __main__ - DEBUG - Processing page 11/21
2025-04-28 09:38:39,321 - __main__ - DEBUG - Processing page 12/21
2025-04-28 09:38:39,328 - __main__ - DEBUG - Processing page 13/21
2025-04-28 09:38:39,335 - __main__ - DEBUG - Processing page 14/21
2025-04-28 09:38:39,342 - __main__ - DEBUG - Processing page 15/21
2025-04-28 09:38:39,349 - __main__ - DEBUG - Processing page 16/21
2025-04-28 09:38:39,354 - __main__ - DEBUG - Processing page 17/21
2025-04-28 09:38:39,361 - __main__ - DEBUG - Processing page 18/21
2025-04-28 09:38:39,366 - __main__ - DEBUG - Processing page 19/21
2025-04-28 09:38:39,377 - __main__ - DEBUG - Processing page 20/21
2025-04-28 09:38:39,398 - __main__ - DEBUG - Processing page 21/21
2025-04-28 09:38:39,404 - __main__ - INFO - Successfully extracted 91448 characters from PDF
2025-04-28 09:38:39,405 - __main__ - INFO - Processing progress: {'status': 'processing', 'progress': 30, 'message': 'Document extracted, analyzing content...'}
2025-04-28 09:38:39,405 - __main__ - INFO - Requested summary: 91 sentences, paragraph format, structured type, ML: True
2025-04-28 09:38:39,405 - __main__ - INFO - Processing progress: {'status': 'processing', 'progress': 50, 'message': 'Large document detected, preparing summarization...'}
2025-04-28 09:38:39,406 - __main__ - INFO - Using traditional summarization methods
2025-04-28 09:38:39,406 - __main__ - INFO - Processing progress: {'status': 'processing', 'progress': 65, 'message': 'Generating summary using rule-based approach...'}
2025-04-28 09:38:39,406 - __main__ - INFO - Generating structured summary for Development theories- A comparative approach (1).pdf
2025-04-28 09:38:39,550 - __main__ - WARNING - NLTK sentence tokenization failed: 
**********************************************************************
  Resource [93mpunkt_tab[0m not found.
  Please use the NLTK Downloader to obtain the resource:

  [31m>>> import nltk
  >>> nltk.download('punkt_tab')
  [0m
  For more information see: https://www.nltk.org/data.html

  Attempted to load [93mtokenizers/punkt_tab/english/[0m

  Searched in:
    - 'C:\\Users\\Dickson/nltk_data'
    - 'C:\\Program Files\\WindowsApps\\PythonSoftwareFoundation.Python.3.13_3.13.1008.0_x64__qbz5n2kfra8p0\\nltk_data'
    - 'C:\\Program Files\\WindowsApps\\PythonSoftwareFoundation.Python.3.13_3.13.1008.0_x64__qbz5n2kfra8p0\\share\\nltk_data'
    - 'C:\\Program Files\\WindowsApps\\PythonSoftwareFoundation.Python.3.13_3.13.1008.0_x64__qbz5n2kfra8p0\\lib\\nltk_data'
    - 'C:\\Users\\Dickson\\AppData\\Roaming\\nltk_data'
    - 'C:\\nltk_data'
    - 'D:\\nltk_data'
    - 'E:\\nltk_data'
**********************************************************************

2025-04-28 09:38:39,552 - __main__ - INFO - Regex tokenization found 427 sentences
2025-04-28 09:38:39,556 - __main__ - WARNING - NLTK sentence tokenization failed: 
**********************************************************************
  Resource [93mpunkt_tab[0m not found.
  Please use the NLTK Downloader to obtain the resource:

  [31m>>> import nltk
  >>> nltk.download('punkt_tab')
  [0m
  For more information see: https://www.nltk.org/data.html

  Attempted to load [93mtokenizers/punkt_tab/english/[0m

  Searched in:
    - 'C:\\Users\\Dickson/nltk_data'
    - 'C:\\Program Files\\WindowsApps\\PythonSoftwareFoundation.Python.3.13_3.13.1008.0_x64__qbz5n2kfra8p0\\nltk_data'
    - 'C:\\Program Files\\WindowsApps\\PythonSoftwareFoundation.Python.3.13_3.13.1008.0_x64__qbz5n2kfra8p0\\share\\nltk_data'
    - 'C:\\Program Files\\WindowsApps\\PythonSoftwareFoundation.Python.3.13_3.13.1008.0_x64__qbz5n2kfra8p0\\lib\\nltk_data'
    - 'C:\\Users\\Dickson\\AppData\\Roaming\\nltk_data'
    - 'C:\\nltk_data'
    - 'D:\\nltk_data'
    - 'E:\\nltk_data'
**********************************************************************

2025-04-28 09:38:39,557 - __main__ - INFO - Regex tokenization found 169 sentences
2025-04-28 09:38:39,561 - __main__ - WARNING - NLTK sentence tokenization failed: 
**********************************************************************
  Resource [93mpunkt_tab[0m not found.
  Please use the NLTK Downloader to obtain the resource:

  [31m>>> import nltk
  >>> nltk.download('punkt_tab')
  [0m
  For more information see: https://www.nltk.org/data.html

  Attempted to load [93mtokenizers/punkt_tab/english/[0m

  Searched in:
    - 'C:\\Users\\Dickson/nltk_data'
    - 'C:\\Program Files\\WindowsApps\\PythonSoftwareFoundation.Python.3.13_3.13.1008.0_x64__qbz5n2kfra8p0\\nltk_data'
    - 'C:\\Program Files\\WindowsApps\\PythonSoftwareFoundation.Python.3.13_3.13.1008.0_x64__qbz5n2kfra8p0\\share\\nltk_data'
    - 'C:\\Program Files\\WindowsApps\\PythonSoftwareFoundation.Python.3.13_3.13.1008.0_x64__qbz5n2kfra8p0\\lib\\nltk_data'
    - 'C:\\Users\\Dickson\\AppData\\Roaming\\nltk_data'
    - 'C:\\nltk_data'
    - 'D:\\nltk_data'
    - 'E:\\nltk_data'
**********************************************************************

2025-04-28 09:38:39,562 - __main__ - INFO - Regex tokenization found 73 sentences
2025-04-28 09:38:39,565 - __main__ - WARNING - NLTK sentence tokenization failed: 
**********************************************************************
  Resource [93mpunkt_tab[0m not found.
  Please use the NLTK Downloader to obtain the resource:

  [31m>>> import nltk
  >>> nltk.download('punkt_tab')
  [0m
  For more information see: https://www.nltk.org/data.html

  Attempted to load [93mtokenizers/punkt_tab/english/[0m

  Searched in:
    - 'C:\\Users\\Dickson/nltk_data'
    - 'C:\\Program Files\\WindowsApps\\PythonSoftwareFoundation.Python.3.13_3.13.1008.0_x64__qbz5n2kfra8p0\\nltk_data'
    - 'C:\\Program Files\\WindowsApps\\PythonSoftwareFoundation.Python.3.13_3.13.1008.0_x64__qbz5n2kfra8p0\\share\\nltk_data'
    - 'C:\\Program Files\\WindowsApps\\PythonSoftwareFoundation.Python.3.13_3.13.1008.0_x64__qbz5n2kfra8p0\\lib\\nltk_data'
    - 'C:\\Users\\Dickson\\AppData\\Roaming\\nltk_data'
    - 'C:\\nltk_data'
    - 'D:\\nltk_data'
    - 'E:\\nltk_data'
**********************************************************************

2025-04-28 09:38:39,567 - __main__ - INFO - Regex tokenization found 89 sentences
2025-04-28 09:38:39,571 - __main__ - ERROR - Error calculating term frequency: 
**********************************************************************
  Resource [93mpunkt_tab[0m not found.
  Please use the NLTK Downloader to obtain the resource:

  [31m>>> import nltk
  >>> nltk.download('punkt_tab')
  [0m
  For more information see: https://www.nltk.org/data.html

  Attempted to load [93mtokenizers/punkt_tab/english/[0m

  Searched in:
    - 'C:\\Users\\Dickson/nltk_data'
    - 'C:\\Program Files\\WindowsApps\\PythonSoftwareFoundation.Python.3.13_3.13.1008.0_x64__qbz5n2kfra8p0\\nltk_data'
    - 'C:\\Program Files\\WindowsApps\\PythonSoftwareFoundation.Python.3.13_3.13.1008.0_x64__qbz5n2kfra8p0\\share\\nltk_data'
    - 'C:\\Program Files\\WindowsApps\\PythonSoftwareFoundation.Python.3.13_3.13.1008.0_x64__qbz5n2kfra8p0\\lib\\nltk_data'
    - 'C:\\Users\\Dickson\\AppData\\Roaming\\nltk_data'
    - 'C:\\nltk_data'
    - 'D:\\nltk_data'
    - 'E:\\nltk_data'
**********************************************************************

2025-04-28 09:38:39,583 - __main__ - ERROR - Error calculating TF-IDF scores: 
**********************************************************************
  Resource [93mpunkt_tab[0m not found.
  Please use the NLTK Downloader to obtain the resource:

  [31m>>> import nltk
  >>> nltk.download('punkt_tab')
  [0m
  For more information see: https://www.nltk.org/data.html

  Attempted to load [93mtokenizers/punkt_tab/english/[0m

  Searched in:
    - 'C:\\Users\\Dickson/nltk_data'
    - 'C:\\Program Files\\WindowsApps\\PythonSoftwareFoundation.Python.3.13_3.13.1008.0_x64__qbz5n2kfra8p0\\nltk_data'
    - 'C:\\Program Files\\WindowsApps\\PythonSoftwareFoundation.Python.3.13_3.13.1008.0_x64__qbz5n2kfra8p0\\share\\nltk_data'
    - 'C:\\Program Files\\WindowsApps\\PythonSoftwareFoundation.Python.3.13_3.13.1008.0_x64__qbz5n2kfra8p0\\lib\\nltk_data'
    - 'C:\\Users\\Dickson\\AppData\\Roaming\\nltk_data'
    - 'C:\\nltk_data'
    - 'D:\\nltk_data'
    - 'E:\\nltk_data'
**********************************************************************

2025-04-28 09:38:39,590 - __main__ - WARNING - NLTK sentence tokenization failed: 
**********************************************************************
  Resource [93mpunkt_tab[0m not found.
  Please use the NLTK Downloader to obtain the resource:

  [31m>>> import nltk
  >>> nltk.download('punkt_tab')
  [0m
  For more information see: https://www.nltk.org/data.html

  Attempted to load [93mtokenizers/punkt_tab/english/[0m

  Searched in:
    - 'C:\\Users\\Dickson/nltk_data'
    - 'C:\\Program Files\\WindowsApps\\PythonSoftwareFoundation.Python.3.13_3.13.1008.0_x64__qbz5n2kfra8p0\\nltk_data'
    - 'C:\\Program Files\\WindowsApps\\PythonSoftwareFoundation.Python.3.13_3.13.1008.0_x64__qbz5n2kfra8p0\\share\\nltk_data'
    - 'C:\\Program Files\\WindowsApps\\PythonSoftwareFoundation.Python.3.13_3.13.1008.0_x64__qbz5n2kfra8p0\\lib\\nltk_data'
    - 'C:\\Users\\Dickson\\AppData\\Roaming\\nltk_data'
    - 'C:\\nltk_data'
    - 'D:\\nltk_data'
    - 'E:\\nltk_data'
**********************************************************************

2025-04-28 09:38:39,592 - __main__ - INFO - Regex tokenization found 427 sentences
2025-04-28 09:38:39,630 - __main__ - ERROR - Error calculating term frequency: 
**********************************************************************
  Resource [93mpunkt_tab[0m not found.
  Please use the NLTK Downloader to obtain the resource:

  [31m>>> import nltk
  >>> nltk.download('punkt_tab')
  [0m
  For more information see: https://www.nltk.org/data.html

  Attempted to load [93mtokenizers/punkt_tab/english/[0m

  Searched in:
    - 'C:\\Users\\Dickson/nltk_data'
    - 'C:\\Program Files\\WindowsApps\\PythonSoftwareFoundation.Python.3.13_3.13.1008.0_x64__qbz5n2kfra8p0\\nltk_data'
    - 'C:\\Program Files\\WindowsApps\\PythonSoftwareFoundation.Python.3.13_3.13.1008.0_x64__qbz5n2kfra8p0\\share\\nltk_data'
    - 'C:\\Program Files\\WindowsApps\\PythonSoftwareFoundation.Python.3.13_3.13.1008.0_x64__qbz5n2kfra8p0\\lib\\nltk_data'
    - 'C:\\Users\\Dickson\\AppData\\Roaming\\nltk_data'
    - 'C:\\nltk_data'
    - 'D:\\nltk_data'
    - 'E:\\nltk_data'
**********************************************************************

2025-04-28 09:38:39,643 - __main__ - ERROR - Error calculating TF-IDF scores: 
**********************************************************************
  Resource [93mpunkt_tab[0m not found.
  Please use the NLTK Downloader to obtain the resource:

  [31m>>> import nltk
  >>> nltk.download('punkt_tab')
  [0m
  For more information see: https://www.nltk.org/data.html

  Attempted to load [93mtokenizers/punkt_tab/english/[0m

  Searched in:
    - 'C:\\Users\\Dickson/nltk_data'
    - 'C:\\Program Files\\WindowsApps\\PythonSoftwareFoundation.Python.3.13_3.13.1008.0_x64__qbz5n2kfra8p0\\nltk_data'
    - 'C:\\Program Files\\WindowsApps\\PythonSoftwareFoundation.Python.3.13_3.13.1008.0_x64__qbz5n2kfra8p0\\share\\nltk_data'
    - 'C:\\Program Files\\WindowsApps\\PythonSoftwareFoundation.Python.3.13_3.13.1008.0_x64__qbz5n2kfra8p0\\lib\\nltk_data'
    - 'C:\\Users\\Dickson\\AppData\\Roaming\\nltk_data'
    - 'C:\\nltk_data'
    - 'D:\\nltk_data'
    - 'E:\\nltk_data'
**********************************************************************

2025-04-28 09:38:39,648 - __main__ - WARNING - NLTK sentence tokenization failed: 
**********************************************************************
  Resource [93mpunkt_tab[0m not found.
  Please use the NLTK Downloader to obtain the resource:

  [31m>>> import nltk
  >>> nltk.download('punkt_tab')
  [0m
  For more information see: https://www.nltk.org/data.html

  Attempted to load [93mtokenizers/punkt_tab/english/[0m

  Searched in:
    - 'C:\\Users\\Dickson/nltk_data'
    - 'C:\\Program Files\\WindowsApps\\PythonSoftwareFoundation.Python.3.13_3.13.1008.0_x64__qbz5n2kfra8p0\\nltk_data'
    - 'C:\\Program Files\\WindowsApps\\PythonSoftwareFoundation.Python.3.13_3.13.1008.0_x64__qbz5n2kfra8p0\\share\\nltk_data'
    - 'C:\\Program Files\\WindowsApps\\PythonSoftwareFoundation.Python.3.13_3.13.1008.0_x64__qbz5n2kfra8p0\\lib\\nltk_data'
    - 'C:\\Users\\Dickson\\AppData\\Roaming\\nltk_data'
    - 'C:\\nltk_data'
    - 'D:\\nltk_data'
    - 'E:\\nltk_data'
**********************************************************************

2025-04-28 09:38:39,649 - __main__ - INFO - Regex tokenization found 89 sentences
2025-04-28 09:38:39,653 - __main__ - WARNING - NLTK sentence tokenization failed: 
**********************************************************************
  Resource [93mpunkt_tab[0m not found.
  Please use the NLTK Downloader to obtain the resource:

  [31m>>> import nltk
  >>> nltk.download('punkt_tab')
  [0m
  For more information see: https://www.nltk.org/data.html

  Attempted to load [93mtokenizers/punkt_tab/english/[0m

  Searched in:
    - 'C:\\Users\\Dickson/nltk_data'
    - 'C:\\Program Files\\WindowsApps\\PythonSoftwareFoundation.Python.3.13_3.13.1008.0_x64__qbz5n2kfra8p0\\nltk_data'
    - 'C:\\Program Files\\WindowsApps\\PythonSoftwareFoundation.Python.3.13_3.13.1008.0_x64__qbz5n2kfra8p0\\share\\nltk_data'
    - 'C:\\Program Files\\WindowsApps\\PythonSoftwareFoundation.Python.3.13_3.13.1008.0_x64__qbz5n2kfra8p0\\lib\\nltk_data'
    - 'C:\\Users\\Dickson\\AppData\\Roaming\\nltk_data'
    - 'C:\\nltk_data'
    - 'D:\\nltk_data'
    - 'E:\\nltk_data'
**********************************************************************

2025-04-28 09:38:39,655 - __main__ - INFO - Regex tokenization found 427 sentences
2025-04-28 09:38:39,656 - __main__ - INFO - Processing progress: {'status': 'completed', 'progress': 100, 'message': 'Summary generated successfully!'}
2025-04-28 09:38:39,736 - __main__ - DEBUG - Removed temporary file: uploads\Development_theories-_A_comparative_approach_1.pdf
2025-04-28 09:38:39,739 - __main__ - WARNING - NLTK sentence tokenization failed: 
**********************************************************************
  Resource [93mpunkt_tab[0m not found.
  Please use the NLTK Downloader to obtain the resource:

  [31m>>> import nltk
  >>> nltk.download('punkt_tab')
  [0m
  For more information see: https://www.nltk.org/data.html

  Attempted to load [93mtokenizers/punkt_tab/english/[0m

  Searched in:
    - 'C:\\Users\\Dickson/nltk_data'
    - 'C:\\Program Files\\WindowsApps\\PythonSoftwareFoundation.Python.3.13_3.13.1008.0_x64__qbz5n2kfra8p0\\nltk_data'
    - 'C:\\Program Files\\WindowsApps\\PythonSoftwareFoundation.Python.3.13_3.13.1008.0_x64__qbz5n2kfra8p0\\share\\nltk_data'
    - 'C:\\Program Files\\WindowsApps\\PythonSoftwareFoundation.Python.3.13_3.13.1008.0_x64__qbz5n2kfra8p0\\lib\\nltk_data'
    - 'C:\\Users\\Dickson\\AppData\\Roaming\\nltk_data'
    - 'C:\\nltk_data'
    - 'D:\\nltk_data'
    - 'E:\\nltk_data'
**********************************************************************

2025-04-28 09:38:39,740 - __main__ - INFO - Regex tokenization found 54 sentences
2025-04-28 09:38:39,741 - werkzeug - INFO - 127.0.0.1 - - [28/Apr/2025 09:38:39] "POST /upload HTTP/1.1" 200 -
2025-04-28 09:39:01,159 - __main__ - INFO - Received file upload request
2025-04-28 09:39:06,070 - __main__ - INFO - Processing file: NJSMA HANDING OVER.pdf
2025-04-28 09:39:06,074 - __main__ - INFO - Processing progress: {'status': 'processing', 'progress': 10, 'message': 'Starting document extraction...'}
2025-04-28 09:39:06,194 - __main__ - INFO - Beginning PDF extraction
2025-04-28 09:39:06,290 - __main__ - INFO - PDF has 103 pages
2025-04-28 09:39:06,290 - __main__ - DEBUG - Processing page 1/103
2025-04-28 09:39:06,297 - __main__ - DEBUG - Processing page 2/103
2025-04-28 09:39:06,310 - __main__ - DEBUG - Processing page 3/103
2025-04-28 09:39:06,338 - __main__ - DEBUG - Processing page 4/103
2025-04-28 09:39:06,386 - __main__ - DEBUG - Processing page 5/103
2025-04-28 09:39:06,433 - __main__ - DEBUG - Processing page 6/103
2025-04-28 09:39:06,491 - __main__ - DEBUG - Processing page 7/103
2025-04-28 09:39:06,510 - __main__ - DEBUG - Processing page 8/103
2025-04-28 09:39:06,540 - __main__ - DEBUG - Processing page 9/103
2025-04-28 09:39:06,571 - __main__ - DEBUG - Processing page 10/103
2025-04-28 09:39:06,604 - __main__ - DEBUG - Processing page 11/103
2025-04-28 09:39:06,623 - __main__ - DEBUG - Processing page 12/103
2025-04-28 09:39:06,640 - __main__ - DEBUG - Processing page 13/103
2025-04-28 09:39:06,654 - __main__ - DEBUG - Processing page 14/103
2025-04-28 09:39:06,678 - __main__ - DEBUG - Processing page 15/103
2025-04-28 09:39:06,692 - __main__ - DEBUG - Processing page 16/103
2025-04-28 09:39:06,717 - __main__ - DEBUG - Processing page 17/103
2025-04-28 09:39:06,738 - __main__ - DEBUG - Processing page 18/103
2025-04-28 09:39:06,755 - __main__ - DEBUG - Processing page 19/103
2025-04-28 09:39:06,779 - __main__ - DEBUG - Processing page 20/103
2025-04-28 09:39:06,797 - __main__ - DEBUG - Processing page 21/103
2025-04-28 09:39:06,819 - __main__ - DEBUG - Processing page 22/103
2025-04-28 09:39:06,841 - __main__ - DEBUG - Processing page 23/103
2025-04-28 09:39:06,860 - __main__ - DEBUG - Processing page 24/103
2025-04-28 09:39:06,875 - __main__ - DEBUG - Processing page 25/103
2025-04-28 09:39:06,889 - __main__ - DEBUG - Processing page 26/103
2025-04-28 09:39:06,909 - __main__ - DEBUG - Processing page 27/103
2025-04-28 09:39:06,925 - __main__ - DEBUG - Processing page 28/103
2025-04-28 09:39:06,942 - __main__ - DEBUG - Processing page 29/103
2025-04-28 09:39:06,959 - __main__ - DEBUG - Processing page 30/103
2025-04-28 09:39:06,977 - __main__ - DEBUG - Processing page 31/103
2025-04-28 09:39:06,993 - __main__ - DEBUG - Processing page 32/103
2025-04-28 09:39:07,011 - __main__ - DEBUG - Processing page 33/103
2025-04-28 09:39:07,033 - __main__ - DEBUG - Processing page 34/103
2025-04-28 09:39:07,051 - __main__ - DEBUG - Processing page 35/103
2025-04-28 09:39:07,069 - __main__ - DEBUG - Processing page 36/103
2025-04-28 09:39:07,074 - __main__ - DEBUG - Processing page 37/103
2025-04-28 09:39:07,106 - __main__ - DEBUG - Processing page 38/103
2025-04-28 09:39:07,120 - __main__ - DEBUG - Processing page 39/103
2025-04-28 09:39:07,126 - __main__ - DEBUG - Processing page 40/103
2025-04-28 09:39:07,138 - __main__ - DEBUG - Processing page 41/103
2025-04-28 09:39:07,156 - __main__ - DEBUG - Processing page 42/103
2025-04-28 09:39:07,173 - __main__ - DEBUG - Processing page 43/103
2025-04-28 09:39:07,187 - __main__ - DEBUG - Processing page 44/103
2025-04-28 09:39:07,199 - __main__ - DEBUG - Processing page 45/103
2025-04-28 09:39:07,202 - __main__ - DEBUG - Processing page 46/103
2025-04-28 09:39:07,250 - __main__ - DEBUG - Processing page 47/103
2025-04-28 09:39:07,312 - __main__ - DEBUG - Processing page 48/103
2025-04-28 09:39:07,379 - __main__ - DEBUG - Processing page 49/103
2025-04-28 09:39:07,398 - __main__ - DEBUG - Processing page 50/103
2025-04-28 09:39:07,422 - __main__ - DEBUG - Processing page 51/103
2025-04-28 09:39:07,494 - __main__ - DEBUG - Processing page 52/103
2025-04-28 09:39:07,587 - __main__ - DEBUG - Processing page 53/103
2025-04-28 09:39:07,667 - __main__ - DEBUG - Processing page 54/103
2025-04-28 09:39:07,751 - __main__ - DEBUG - Processing page 55/103
2025-04-28 09:39:07,853 - __main__ - DEBUG - Processing page 56/103
2025-04-28 09:39:07,958 - __main__ - DEBUG - Processing page 57/103
2025-04-28 09:39:08,199 - __main__ - DEBUG - Processing page 58/103
2025-04-28 09:39:08,306 - __main__ - DEBUG - Processing page 59/103
2025-04-28 09:39:08,443 - __main__ - DEBUG - Processing page 60/103
2025-04-28 09:39:08,544 - __main__ - DEBUG - Processing page 61/103
2025-04-28 09:39:08,637 - __main__ - DEBUG - Processing page 62/103
2025-04-28 09:39:08,732 - __main__ - DEBUG - Processing page 63/103
2025-04-28 09:39:08,780 - __main__ - DEBUG - Processing page 64/103
2025-04-28 09:39:08,838 - __main__ - DEBUG - Processing page 65/103
2025-04-28 09:39:08,882 - __main__ - DEBUG - Processing page 66/103
2025-04-28 09:39:09,011 - __main__ - DEBUG - Processing page 67/103
2025-04-28 09:39:09,049 - __main__ - DEBUG - Processing page 68/103
2025-04-28 09:39:09,098 - __main__ - DEBUG - Processing page 69/103
2025-04-28 09:39:09,151 - __main__ - DEBUG - Processing page 70/103
2025-04-28 09:39:09,186 - __main__ - DEBUG - Processing page 71/103
2025-04-28 09:39:09,243 - __main__ - DEBUG - Processing page 72/103
2025-04-28 09:39:09,291 - __main__ - DEBUG - Processing page 73/103
2025-04-28 09:39:09,335 - __main__ - DEBUG - Processing page 74/103
2025-04-28 09:39:09,401 - __main__ - DEBUG - Processing page 75/103
2025-04-28 09:39:09,456 - __main__ - DEBUG - Processing page 76/103
2025-04-28 09:39:09,501 - __main__ - DEBUG - Processing page 77/103
2025-04-28 09:39:09,553 - __main__ - DEBUG - Processing page 78/103
2025-04-28 09:39:09,607 - __main__ - DEBUG - Processing page 79/103
2025-04-28 09:39:09,674 - __main__ - DEBUG - Processing page 80/103
2025-04-28 09:39:09,743 - __main__ - DEBUG - Processing page 81/103
2025-04-28 09:39:09,795 - __main__ - DEBUG - Processing page 82/103
2025-04-28 09:39:09,844 - __main__ - DEBUG - Processing page 83/103
2025-04-28 09:39:09,875 - __main__ - DEBUG - Processing page 84/103
2025-04-28 09:39:09,907 - __main__ - DEBUG - Processing page 85/103
2025-04-28 09:39:09,932 - __main__ - DEBUG - Processing page 86/103
2025-04-28 09:39:09,944 - __main__ - DEBUG - Processing page 87/103
2025-04-28 09:39:10,052 - __main__ - DEBUG - Processing page 88/103
2025-04-28 09:39:10,062 - __main__ - DEBUG - Processing page 89/103
2025-04-28 09:39:10,095 - __main__ - DEBUG - Processing page 90/103
2025-04-28 09:39:10,109 - __main__ - DEBUG - Processing page 91/103
2025-04-28 09:39:10,153 - __main__ - DEBUG - Processing page 92/103
2025-04-28 09:39:10,166 - __main__ - DEBUG - Processing page 93/103
2025-04-28 09:39:10,183 - __main__ - DEBUG - Processing page 94/103
2025-04-28 09:39:10,196 - __main__ - DEBUG - Processing page 95/103
2025-04-28 09:39:10,221 - __main__ - DEBUG - Processing page 96/103
2025-04-28 09:39:10,237 - __main__ - DEBUG - Processing page 97/103
2025-04-28 09:39:10,281 - __main__ - DEBUG - Processing page 98/103
2025-04-28 09:39:10,299 - __main__ - DEBUG - Processing page 99/103
2025-04-28 09:39:10,347 - __main__ - DEBUG - Processing page 100/103
2025-04-28 09:39:10,405 - __main__ - DEBUG - Processing page 101/103
2025-04-28 09:39:10,465 - __main__ - DEBUG - Processing page 102/103
2025-04-28 09:39:10,496 - __main__ - DEBUG - Processing page 103/103
2025-04-28 09:39:10,556 - __main__ - INFO - Successfully extracted 177343 characters from PDF
2025-04-28 09:39:10,556 - __main__ - INFO - Processing progress: {'status': 'processing', 'progress': 30, 'message': 'Document extracted, analyzing content...'}
2025-04-28 09:39:10,556 - __main__ - INFO - Requested summary: 27 sentences, paragraph format, structured type, ML: True
2025-04-28 09:39:10,557 - __main__ - INFO - Processing progress: {'status': 'processing', 'progress': 50, 'message': 'Large document detected, preparing summarization...'}
2025-04-28 09:39:10,557 - __main__ - INFO - Using traditional summarization methods
2025-04-28 09:39:10,557 - __main__ - INFO - Processing progress: {'status': 'processing', 'progress': 65, 'message': 'Generating summary using rule-based approach...'}
2025-04-28 09:39:10,557 - __main__ - INFO - Generating structured summary for NJSMA HANDING OVER.pdf
2025-04-28 09:39:10,795 - __main__ - WARNING - NLTK sentence tokenization failed: 
**********************************************************************
  Resource [93mpunkt_tab[0m not found.
  Please use the NLTK Downloader to obtain the resource:

  [31m>>> import nltk
  >>> nltk.download('punkt_tab')
  [0m
  For more information see: https://www.nltk.org/data.html

  Attempted to load [93mtokenizers/punkt_tab/english/[0m

  Searched in:
    - 'C:\\Users\\Dickson/nltk_data'
    - 'C:\\Program Files\\WindowsApps\\PythonSoftwareFoundation.Python.3.13_3.13.1008.0_x64__qbz5n2kfra8p0\\nltk_data'
    - 'C:\\Program Files\\WindowsApps\\PythonSoftwareFoundation.Python.3.13_3.13.1008.0_x64__qbz5n2kfra8p0\\share\\nltk_data'
    - 'C:\\Program Files\\WindowsApps\\PythonSoftwareFoundation.Python.3.13_3.13.1008.0_x64__qbz5n2kfra8p0\\lib\\nltk_data'
    - 'C:\\Users\\Dickson\\AppData\\Roaming\\nltk_data'
    - 'C:\\nltk_data'
    - 'D:\\nltk_data'
    - 'E:\\nltk_data'
**********************************************************************

2025-04-28 09:39:10,797 - __main__ - INFO - Regex tokenization found 458 sentences
2025-04-28 09:39:10,800 - __main__ - WARNING - NLTK sentence tokenization failed: 
**********************************************************************
  Resource [93mpunkt_tab[0m not found.
  Please use the NLTK Downloader to obtain the resource:

  [31m>>> import nltk
  >>> nltk.download('punkt_tab')
  [0m
  For more information see: https://www.nltk.org/data.html

  Attempted to load [93mtokenizers/punkt_tab/english/[0m

  Searched in:
    - 'C:\\Users\\Dickson/nltk_data'
    - 'C:\\Program Files\\WindowsApps\\PythonSoftwareFoundation.Python.3.13_3.13.1008.0_x64__qbz5n2kfra8p0\\nltk_data'
    - 'C:\\Program Files\\WindowsApps\\PythonSoftwareFoundation.Python.3.13_3.13.1008.0_x64__qbz5n2kfra8p0\\share\\nltk_data'
    - 'C:\\Program Files\\WindowsApps\\PythonSoftwareFoundation.Python.3.13_3.13.1008.0_x64__qbz5n2kfra8p0\\lib\\nltk_data'
    - 'C:\\Users\\Dickson\\AppData\\Roaming\\nltk_data'
    - 'C:\\nltk_data'
    - 'D:\\nltk_data'
    - 'E:\\nltk_data'
**********************************************************************

2025-04-28 09:39:10,802 - __main__ - INFO - Regex tokenization found 526 sentences
2025-04-28 09:39:10,805 - __main__ - WARNING - NLTK sentence tokenization failed: 
**********************************************************************
  Resource [93mpunkt_tab[0m not found.
  Please use the NLTK Downloader to obtain the resource:

  [31m>>> import nltk
  >>> nltk.download('punkt_tab')
  [0m
  For more information see: https://www.nltk.org/data.html

  Attempted to load [93mtokenizers/punkt_tab/english/[0m

  Searched in:
    - 'C:\\Users\\Dickson/nltk_data'
    - 'C:\\Program Files\\WindowsApps\\PythonSoftwareFoundation.Python.3.13_3.13.1008.0_x64__qbz5n2kfra8p0\\nltk_data'
    - 'C:\\Program Files\\WindowsApps\\PythonSoftwareFoundation.Python.3.13_3.13.1008.0_x64__qbz5n2kfra8p0\\share\\nltk_data'
    - 'C:\\Program Files\\WindowsApps\\PythonSoftwareFoundation.Python.3.13_3.13.1008.0_x64__qbz5n2kfra8p0\\lib\\nltk_data'
    - 'C:\\Users\\Dickson\\AppData\\Roaming\\nltk_data'
    - 'C:\\nltk_data'
    - 'D:\\nltk_data'
    - 'E:\\nltk_data'
**********************************************************************

2025-04-28 09:39:10,806 - __main__ - INFO - Regex tokenization found 136 sentences
2025-04-28 09:39:10,810 - __main__ - WARNING - NLTK sentence tokenization failed: 
**********************************************************************
  Resource [93mpunkt_tab[0m not found.
  Please use the NLTK Downloader to obtain the resource:

  [31m>>> import nltk
  >>> nltk.download('punkt_tab')
  [0m
  For more information see: https://www.nltk.org/data.html

  Attempted to load [93mtokenizers/punkt_tab/english/[0m

  Searched in:
    - 'C:\\Users\\Dickson/nltk_data'
    - 'C:\\Program Files\\WindowsApps\\PythonSoftwareFoundation.Python.3.13_3.13.1008.0_x64__qbz5n2kfra8p0\\nltk_data'
    - 'C:\\Program Files\\WindowsApps\\PythonSoftwareFoundation.Python.3.13_3.13.1008.0_x64__qbz5n2kfra8p0\\share\\nltk_data'
    - 'C:\\Program Files\\WindowsApps\\PythonSoftwareFoundation.Python.3.13_3.13.1008.0_x64__qbz5n2kfra8p0\\lib\\nltk_data'
    - 'C:\\Users\\Dickson\\AppData\\Roaming\\nltk_data'
    - 'C:\\nltk_data'
    - 'D:\\nltk_data'
    - 'E:\\nltk_data'
**********************************************************************

2025-04-28 09:39:10,812 - __main__ - INFO - Regex tokenization found 458 sentences
2025-04-28 09:39:10,816 - __main__ - ERROR - Error calculating term frequency: 
**********************************************************************
  Resource [93mpunkt_tab[0m not found.
  Please use the NLTK Downloader to obtain the resource:

  [31m>>> import nltk
  >>> nltk.download('punkt_tab')
  [0m
  For more information see: https://www.nltk.org/data.html

  Attempted to load [93mtokenizers/punkt_tab/english/[0m

  Searched in:
    - 'C:\\Users\\Dickson/nltk_data'
    - 'C:\\Program Files\\WindowsApps\\PythonSoftwareFoundation.Python.3.13_3.13.1008.0_x64__qbz5n2kfra8p0\\nltk_data'
    - 'C:\\Program Files\\WindowsApps\\PythonSoftwareFoundation.Python.3.13_3.13.1008.0_x64__qbz5n2kfra8p0\\share\\nltk_data'
    - 'C:\\Program Files\\WindowsApps\\PythonSoftwareFoundation.Python.3.13_3.13.1008.0_x64__qbz5n2kfra8p0\\lib\\nltk_data'
    - 'C:\\Users\\Dickson\\AppData\\Roaming\\nltk_data'
    - 'C:\\nltk_data'
    - 'D:\\nltk_data'
    - 'E:\\nltk_data'
**********************************************************************

2025-04-28 09:39:10,834 - __main__ - ERROR - Error calculating TF-IDF scores: 
**********************************************************************
  Resource [93mpunkt_tab[0m not found.
  Please use the NLTK Downloader to obtain the resource:

  [31m>>> import nltk
  >>> nltk.download('punkt_tab')
  [0m
  For more information see: https://www.nltk.org/data.html

  Attempted to load [93mtokenizers/punkt_tab/english/[0m

  Searched in:
    - 'C:\\Users\\Dickson/nltk_data'
    - 'C:\\Program Files\\WindowsApps\\PythonSoftwareFoundation.Python.3.13_3.13.1008.0_x64__qbz5n2kfra8p0\\nltk_data'
    - 'C:\\Program Files\\WindowsApps\\PythonSoftwareFoundation.Python.3.13_3.13.1008.0_x64__qbz5n2kfra8p0\\share\\nltk_data'
    - 'C:\\Program Files\\WindowsApps\\PythonSoftwareFoundation.Python.3.13_3.13.1008.0_x64__qbz5n2kfra8p0\\lib\\nltk_data'
    - 'C:\\Users\\Dickson\\AppData\\Roaming\\nltk_data'
    - 'C:\\nltk_data'
    - 'D:\\nltk_data'
    - 'E:\\nltk_data'
**********************************************************************

2025-04-28 09:39:10,838 - __main__ - WARNING - NLTK sentence tokenization failed: 
**********************************************************************
  Resource [93mpunkt_tab[0m not found.
  Please use the NLTK Downloader to obtain the resource:

  [31m>>> import nltk
  >>> nltk.download('punkt_tab')
  [0m
  For more information see: https://www.nltk.org/data.html

  Attempted to load [93mtokenizers/punkt_tab/english/[0m

  Searched in:
    - 'C:\\Users\\Dickson/nltk_data'
    - 'C:\\Program Files\\WindowsApps\\PythonSoftwareFoundation.Python.3.13_3.13.1008.0_x64__qbz5n2kfra8p0\\nltk_data'
    - 'C:\\Program Files\\WindowsApps\\PythonSoftwareFoundation.Python.3.13_3.13.1008.0_x64__qbz5n2kfra8p0\\share\\nltk_data'
    - 'C:\\Program Files\\WindowsApps\\PythonSoftwareFoundation.Python.3.13_3.13.1008.0_x64__qbz5n2kfra8p0\\lib\\nltk_data'
    - 'C:\\Users\\Dickson\\AppData\\Roaming\\nltk_data'
    - 'C:\\nltk_data'
    - 'D:\\nltk_data'
    - 'E:\\nltk_data'
**********************************************************************

2025-04-28 09:39:10,843 - __main__ - INFO - Regex tokenization found 1120 sentences
2025-04-28 09:39:10,880 - __main__ - ERROR - Error calculating term frequency: 
**********************************************************************
  Resource [93mpunkt_tab[0m not found.
  Please use the NLTK Downloader to obtain the resource:

  [31m>>> import nltk
  >>> nltk.download('punkt_tab')
  [0m
  For more information see: https://www.nltk.org/data.html

  Attempted to load [93mtokenizers/punkt_tab/english/[0m

  Searched in:
    - 'C:\\Users\\Dickson/nltk_data'
    - 'C:\\Program Files\\WindowsApps\\PythonSoftwareFoundation.Python.3.13_3.13.1008.0_x64__qbz5n2kfra8p0\\nltk_data'
    - 'C:\\Program Files\\WindowsApps\\PythonSoftwareFoundation.Python.3.13_3.13.1008.0_x64__qbz5n2kfra8p0\\share\\nltk_data'
    - 'C:\\Program Files\\WindowsApps\\PythonSoftwareFoundation.Python.3.13_3.13.1008.0_x64__qbz5n2kfra8p0\\lib\\nltk_data'
    - 'C:\\Users\\Dickson\\AppData\\Roaming\\nltk_data'
    - 'C:\\nltk_data'
    - 'D:\\nltk_data'
    - 'E:\\nltk_data'
**********************************************************************

2025-04-28 09:39:10,898 - __main__ - ERROR - Error calculating TF-IDF scores: 
**********************************************************************
  Resource [93mpunkt_tab[0m not found.
  Please use the NLTK Downloader to obtain the resource:

  [31m>>> import nltk
  >>> nltk.download('punkt_tab')
  [0m
  For more information see: https://www.nltk.org/data.html

  Attempted to load [93mtokenizers/punkt_tab/english/[0m

  Searched in:
    - 'C:\\Users\\Dickson/nltk_data'
    - 'C:\\Program Files\\WindowsApps\\PythonSoftwareFoundation.Python.3.13_3.13.1008.0_x64__qbz5n2kfra8p0\\nltk_data'
    - 'C:\\Program Files\\WindowsApps\\PythonSoftwareFoundation.Python.3.13_3.13.1008.0_x64__qbz5n2kfra8p0\\share\\nltk_data'
    - 'C:\\Program Files\\WindowsApps\\PythonSoftwareFoundation.Python.3.13_3.13.1008.0_x64__qbz5n2kfra8p0\\lib\\nltk_data'
    - 'C:\\Users\\Dickson\\AppData\\Roaming\\nltk_data'
    - 'C:\\nltk_data'
    - 'D:\\nltk_data'
    - 'E:\\nltk_data'
**********************************************************************

2025-04-28 09:39:10,902 - __main__ - WARNING - NLTK sentence tokenization failed: 
**********************************************************************
  Resource [93mpunkt_tab[0m not found.
  Please use the NLTK Downloader to obtain the resource:

  [31m>>> import nltk
  >>> nltk.download('punkt_tab')
  [0m
  For more information see: https://www.nltk.org/data.html

  Attempted to load [93mtokenizers/punkt_tab/english/[0m

  Searched in:
    - 'C:\\Users\\Dickson/nltk_data'
    - 'C:\\Program Files\\WindowsApps\\PythonSoftwareFoundation.Python.3.13_3.13.1008.0_x64__qbz5n2kfra8p0\\nltk_data'
    - 'C:\\Program Files\\WindowsApps\\PythonSoftwareFoundation.Python.3.13_3.13.1008.0_x64__qbz5n2kfra8p0\\share\\nltk_data'
    - 'C:\\Program Files\\WindowsApps\\PythonSoftwareFoundation.Python.3.13_3.13.1008.0_x64__qbz5n2kfra8p0\\lib\\nltk_data'
    - 'C:\\Users\\Dickson\\AppData\\Roaming\\nltk_data'
    - 'C:\\nltk_data'
    - 'D:\\nltk_data'
    - 'E:\\nltk_data'
**********************************************************************

2025-04-28 09:39:10,906 - __main__ - INFO - Regex tokenization found 1120 sentences
2025-04-28 09:39:10,910 - __main__ - WARNING - NLTK sentence tokenization failed: 
**********************************************************************
  Resource [93mpunkt_tab[0m not found.
  Please use the NLTK Downloader to obtain the resource:

  [31m>>> import nltk
  >>> nltk.download('punkt_tab')
  [0m
  For more information see: https://www.nltk.org/data.html

  Attempted to load [93mtokenizers/punkt_tab/english/[0m

  Searched in:
    - 'C:\\Users\\Dickson/nltk_data'
    - 'C:\\Program Files\\WindowsApps\\PythonSoftwareFoundation.Python.3.13_3.13.1008.0_x64__qbz5n2kfra8p0\\nltk_data'
    - 'C:\\Program Files\\WindowsApps\\PythonSoftwareFoundation.Python.3.13_3.13.1008.0_x64__qbz5n2kfra8p0\\share\\nltk_data'
    - 'C:\\Program Files\\WindowsApps\\PythonSoftwareFoundation.Python.3.13_3.13.1008.0_x64__qbz5n2kfra8p0\\lib\\nltk_data'
    - 'C:\\Users\\Dickson\\AppData\\Roaming\\nltk_data'
    - 'C:\\nltk_data'
    - 'D:\\nltk_data'
    - 'E:\\nltk_data'
**********************************************************************

2025-04-28 09:39:10,915 - __main__ - INFO - Regex tokenization found 1120 sentences
2025-04-28 09:39:10,915 - __main__ - INFO - Processing progress: {'status': 'completed', 'progress': 100, 'message': 'Summary generated successfully!'}
2025-04-28 09:39:10,917 - __main__ - DEBUG - Removed temporary file: uploads\NJSMA_HANDING_OVER.pdf
2025-04-28 09:39:10,920 - __main__ - WARNING - NLTK sentence tokenization failed: 
**********************************************************************
  Resource [93mpunkt_tab[0m not found.
  Please use the NLTK Downloader to obtain the resource:

  [31m>>> import nltk
  >>> nltk.download('punkt_tab')
  [0m
  For more information see: https://www.nltk.org/data.html

  Attempted to load [93mtokenizers/punkt_tab/english/[0m

  Searched in:
    - 'C:\\Users\\Dickson/nltk_data'
    - 'C:\\Program Files\\WindowsApps\\PythonSoftwareFoundation.Python.3.13_3.13.1008.0_x64__qbz5n2kfra8p0\\nltk_data'
    - 'C:\\Program Files\\WindowsApps\\PythonSoftwareFoundation.Python.3.13_3.13.1008.0_x64__qbz5n2kfra8p0\\share\\nltk_data'
    - 'C:\\Program Files\\WindowsApps\\PythonSoftwareFoundation.Python.3.13_3.13.1008.0_x64__qbz5n2kfra8p0\\lib\\nltk_data'
    - 'C:\\Users\\Dickson\\AppData\\Roaming\\nltk_data'
    - 'C:\\nltk_data'
    - 'D:\\nltk_data'
    - 'E:\\nltk_data'
**********************************************************************

2025-04-28 09:39:10,921 - __main__ - INFO - Regex tokenization found 15 sentences
2025-04-28 09:39:10,922 - werkzeug - INFO - 127.0.0.1 - - [28/Apr/2025 09:39:10] "POST /upload HTTP/1.1" 200 -
2025-04-28 09:51:22,309 - werkzeug - INFO - 127.0.0.1 - - [28/Apr/2025 09:51:22] "GET / HTTP/1.1" 200 -
2025-04-28 09:57:35,596 - werkzeug - INFO - 127.0.0.1 - - [28/Apr/2025 09:57:35] "GET / HTTP/1.1" 200 -
2025-04-28 09:58:54,306 - werkzeug - INFO - 127.0.0.1 - - [28/Apr/2025 09:58:54] "GET / HTTP/1.1" 200 -
2025-04-28 10:00:06,814 - __main__ - INFO - Received file upload request
2025-04-28 10:00:06,935 - __main__ - INFO - Processing file: PERSONAL STATEMENT_BATSA HELENA.pdf
2025-04-28 10:00:06,937 - __main__ - INFO - Processing progress: {'status': 'processing', 'progress': 10, 'message': 'Starting document extraction...'}
2025-04-28 10:00:06,948 - __main__ - INFO - Beginning PDF extraction
2025-04-28 10:00:06,949 - __main__ - INFO - PDF has 1 pages
2025-04-28 10:00:06,950 - __main__ - DEBUG - Processing page 1/1
2025-04-28 10:00:06,963 - __main__ - INFO - Successfully extracted 1923 characters from PDF
2025-04-28 10:00:06,963 - __main__ - INFO - Processing progress: {'status': 'processing', 'progress': 30, 'message': 'Document extracted, analyzing content...'}
2025-04-28 10:00:06,964 - __main__ - INFO - Requested summary: 30 sentences, paragraph format, structured type, ML: True
2025-04-28 10:00:06,964 - __main__ - INFO - Using traditional summarization methods
2025-04-28 10:00:06,965 - __main__ - INFO - Processing progress: {'status': 'processing', 'progress': 65, 'message': 'Generating summary using rule-based approach...'}
2025-04-28 10:00:06,965 - __main__ - INFO - Generating structured summary for PERSONAL STATEMENT_BATSA HELENA.pdf
2025-04-28 10:00:06,969 - __main__ - WARNING - NLTK sentence tokenization failed: 
**********************************************************************
  Resource [93mpunkt_tab[0m not found.
  Please use the NLTK Downloader to obtain the resource:

  [31m>>> import nltk
  >>> nltk.download('punkt_tab')
  [0m
  For more information see: https://www.nltk.org/data.html

  Attempted to load [93mtokenizers/punkt_tab/english/[0m

  Searched in:
    - 'C:\\Users\\Dickson/nltk_data'
    - 'C:\\Program Files\\WindowsApps\\PythonSoftwareFoundation.Python.3.13_3.13.1008.0_x64__qbz5n2kfra8p0\\nltk_data'
    - 'C:\\Program Files\\WindowsApps\\PythonSoftwareFoundation.Python.3.13_3.13.1008.0_x64__qbz5n2kfra8p0\\share\\nltk_data'
    - 'C:\\Program Files\\WindowsApps\\PythonSoftwareFoundation.Python.3.13_3.13.1008.0_x64__qbz5n2kfra8p0\\lib\\nltk_data'
    - 'C:\\Users\\Dickson\\AppData\\Roaming\\nltk_data'
    - 'C:\\nltk_data'
    - 'D:\\nltk_data'
    - 'E:\\nltk_data'
**********************************************************************

2025-04-28 10:00:06,970 - __main__ - INFO - Regex tokenization found 12 sentences
2025-04-28 10:00:06,974 - __main__ - ERROR - Error calculating term frequency: 
**********************************************************************
  Resource [93mpunkt_tab[0m not found.
  Please use the NLTK Downloader to obtain the resource:

  [31m>>> import nltk
  >>> nltk.download('punkt_tab')
  [0m
  For more information see: https://www.nltk.org/data.html

  Attempted to load [93mtokenizers/punkt_tab/english/[0m

  Searched in:
    - 'C:\\Users\\Dickson/nltk_data'
    - 'C:\\Program Files\\WindowsApps\\PythonSoftwareFoundation.Python.3.13_3.13.1008.0_x64__qbz5n2kfra8p0\\nltk_data'
    - 'C:\\Program Files\\WindowsApps\\PythonSoftwareFoundation.Python.3.13_3.13.1008.0_x64__qbz5n2kfra8p0\\share\\nltk_data'
    - 'C:\\Program Files\\WindowsApps\\PythonSoftwareFoundation.Python.3.13_3.13.1008.0_x64__qbz5n2kfra8p0\\lib\\nltk_data'
    - 'C:\\Users\\Dickson\\AppData\\Roaming\\nltk_data'
    - 'C:\\nltk_data'
    - 'D:\\nltk_data'
    - 'E:\\nltk_data'
**********************************************************************

2025-04-28 10:00:06,978 - __main__ - ERROR - Error calculating TF-IDF scores: 
**********************************************************************
  Resource [93mpunkt_tab[0m not found.
  Please use the NLTK Downloader to obtain the resource:

  [31m>>> import nltk
  >>> nltk.download('punkt_tab')
  [0m
  For more information see: https://www.nltk.org/data.html

  Attempted to load [93mtokenizers/punkt_tab/english/[0m

  Searched in:
    - 'C:\\Users\\Dickson/nltk_data'
    - 'C:\\Program Files\\WindowsApps\\PythonSoftwareFoundation.Python.3.13_3.13.1008.0_x64__qbz5n2kfra8p0\\nltk_data'
    - 'C:\\Program Files\\WindowsApps\\PythonSoftwareFoundation.Python.3.13_3.13.1008.0_x64__qbz5n2kfra8p0\\share\\nltk_data'
    - 'C:\\Program Files\\WindowsApps\\PythonSoftwareFoundation.Python.3.13_3.13.1008.0_x64__qbz5n2kfra8p0\\lib\\nltk_data'
    - 'C:\\Users\\Dickson\\AppData\\Roaming\\nltk_data'
    - 'C:\\nltk_data'
    - 'D:\\nltk_data'
    - 'E:\\nltk_data'
**********************************************************************

2025-04-28 10:00:06,981 - __main__ - WARNING - NLTK sentence tokenization failed: 
**********************************************************************
  Resource [93mpunkt_tab[0m not found.
  Please use the NLTK Downloader to obtain the resource:

  [31m>>> import nltk
  >>> nltk.download('punkt_tab')
  [0m
  For more information see: https://www.nltk.org/data.html

  Attempted to load [93mtokenizers/punkt_tab/english/[0m

  Searched in:
    - 'C:\\Users\\Dickson/nltk_data'
    - 'C:\\Program Files\\WindowsApps\\PythonSoftwareFoundation.Python.3.13_3.13.1008.0_x64__qbz5n2kfra8p0\\nltk_data'
    - 'C:\\Program Files\\WindowsApps\\PythonSoftwareFoundation.Python.3.13_3.13.1008.0_x64__qbz5n2kfra8p0\\share\\nltk_data'
    - 'C:\\Program Files\\WindowsApps\\PythonSoftwareFoundation.Python.3.13_3.13.1008.0_x64__qbz5n2kfra8p0\\lib\\nltk_data'
    - 'C:\\Users\\Dickson\\AppData\\Roaming\\nltk_data'
    - 'C:\\nltk_data'
    - 'D:\\nltk_data'
    - 'E:\\nltk_data'
**********************************************************************

2025-04-28 10:00:06,982 - __main__ - INFO - Regex tokenization found 12 sentences
2025-04-28 10:00:06,984 - __main__ - ERROR - Error calculating term frequency: 
**********************************************************************
  Resource [93mpunkt_tab[0m not found.
  Please use the NLTK Downloader to obtain the resource:

  [31m>>> import nltk
  >>> nltk.download('punkt_tab')
  [0m
  For more information see: https://www.nltk.org/data.html

  Attempted to load [93mtokenizers/punkt_tab/english/[0m

  Searched in:
    - 'C:\\Users\\Dickson/nltk_data'
    - 'C:\\Program Files\\WindowsApps\\PythonSoftwareFoundation.Python.3.13_3.13.1008.0_x64__qbz5n2kfra8p0\\nltk_data'
    - 'C:\\Program Files\\WindowsApps\\PythonSoftwareFoundation.Python.3.13_3.13.1008.0_x64__qbz5n2kfra8p0\\share\\nltk_data'
    - 'C:\\Program Files\\WindowsApps\\PythonSoftwareFoundation.Python.3.13_3.13.1008.0_x64__qbz5n2kfra8p0\\lib\\nltk_data'
    - 'C:\\Users\\Dickson\\AppData\\Roaming\\nltk_data'
    - 'C:\\nltk_data'
    - 'D:\\nltk_data'
    - 'E:\\nltk_data'
**********************************************************************

2025-04-28 10:00:06,988 - __main__ - ERROR - Error calculating TF-IDF scores: 
**********************************************************************
  Resource [93mpunkt_tab[0m not found.
  Please use the NLTK Downloader to obtain the resource:

  [31m>>> import nltk
  >>> nltk.download('punkt_tab')
  [0m
  For more information see: https://www.nltk.org/data.html

  Attempted to load [93mtokenizers/punkt_tab/english/[0m

  Searched in:
    - 'C:\\Users\\Dickson/nltk_data'
    - 'C:\\Program Files\\WindowsApps\\PythonSoftwareFoundation.Python.3.13_3.13.1008.0_x64__qbz5n2kfra8p0\\nltk_data'
    - 'C:\\Program Files\\WindowsApps\\PythonSoftwareFoundation.Python.3.13_3.13.1008.0_x64__qbz5n2kfra8p0\\share\\nltk_data'
    - 'C:\\Program Files\\WindowsApps\\PythonSoftwareFoundation.Python.3.13_3.13.1008.0_x64__qbz5n2kfra8p0\\lib\\nltk_data'
    - 'C:\\Users\\Dickson\\AppData\\Roaming\\nltk_data'
    - 'C:\\nltk_data'
    - 'D:\\nltk_data'
    - 'E:\\nltk_data'
**********************************************************************

2025-04-28 10:00:06,992 - __main__ - WARNING - NLTK sentence tokenization failed: 
**********************************************************************
  Resource [93mpunkt_tab[0m not found.
  Please use the NLTK Downloader to obtain the resource:

  [31m>>> import nltk
  >>> nltk.download('punkt_tab')
  [0m
  For more information see: https://www.nltk.org/data.html

  Attempted to load [93mtokenizers/punkt_tab/english/[0m

  Searched in:
    - 'C:\\Users\\Dickson/nltk_data'
    - 'C:\\Program Files\\WindowsApps\\PythonSoftwareFoundation.Python.3.13_3.13.1008.0_x64__qbz5n2kfra8p0\\nltk_data'
    - 'C:\\Program Files\\WindowsApps\\PythonSoftwareFoundation.Python.3.13_3.13.1008.0_x64__qbz5n2kfra8p0\\share\\nltk_data'
    - 'C:\\Program Files\\WindowsApps\\PythonSoftwareFoundation.Python.3.13_3.13.1008.0_x64__qbz5n2kfra8p0\\lib\\nltk_data'
    - 'C:\\Users\\Dickson\\AppData\\Roaming\\nltk_data'
    - 'C:\\nltk_data'
    - 'D:\\nltk_data'
    - 'E:\\nltk_data'
**********************************************************************

2025-04-28 10:00:06,993 - __main__ - INFO - Regex tokenization found 12 sentences
2025-04-28 10:00:06,996 - __main__ - WARNING - NLTK sentence tokenization failed: 
**********************************************************************
  Resource [93mpunkt_tab[0m not found.
  Please use the NLTK Downloader to obtain the resource:

  [31m>>> import nltk
  >>> nltk.download('punkt_tab')
  [0m
  For more information see: https://www.nltk.org/data.html

  Attempted to load [93mtokenizers/punkt_tab/english/[0m

  Searched in:
    - 'C:\\Users\\Dickson/nltk_data'
    - 'C:\\Program Files\\WindowsApps\\PythonSoftwareFoundation.Python.3.13_3.13.1008.0_x64__qbz5n2kfra8p0\\nltk_data'
    - 'C:\\Program Files\\WindowsApps\\PythonSoftwareFoundation.Python.3.13_3.13.1008.0_x64__qbz5n2kfra8p0\\share\\nltk_data'
    - 'C:\\Program Files\\WindowsApps\\PythonSoftwareFoundation.Python.3.13_3.13.1008.0_x64__qbz5n2kfra8p0\\lib\\nltk_data'
    - 'C:\\Users\\Dickson\\AppData\\Roaming\\nltk_data'
    - 'C:\\nltk_data'
    - 'D:\\nltk_data'
    - 'E:\\nltk_data'
**********************************************************************

2025-04-28 10:00:06,996 - __main__ - INFO - Regex tokenization found 12 sentences
2025-04-28 10:00:06,999 - __main__ - WARNING - NLTK sentence tokenization failed: 
**********************************************************************
  Resource [93mpunkt_tab[0m not found.
  Please use the NLTK Downloader to obtain the resource:

  [31m>>> import nltk
  >>> nltk.download('punkt_tab')
  [0m
  For more information see: https://www.nltk.org/data.html

  Attempted to load [93mtokenizers/punkt_tab/english/[0m

  Searched in:
    - 'C:\\Users\\Dickson/nltk_data'
    - 'C:\\Program Files\\WindowsApps\\PythonSoftwareFoundation.Python.3.13_3.13.1008.0_x64__qbz5n2kfra8p0\\nltk_data'
    - 'C:\\Program Files\\WindowsApps\\PythonSoftwareFoundation.Python.3.13_3.13.1008.0_x64__qbz5n2kfra8p0\\share\\nltk_data'
    - 'C:\\Program Files\\WindowsApps\\PythonSoftwareFoundation.Python.3.13_3.13.1008.0_x64__qbz5n2kfra8p0\\lib\\nltk_data'
    - 'C:\\Users\\Dickson\\AppData\\Roaming\\nltk_data'
    - 'C:\\nltk_data'
    - 'D:\\nltk_data'
    - 'E:\\nltk_data'
**********************************************************************

2025-04-28 10:00:07,000 - __main__ - INFO - Regex tokenization found 12 sentences
2025-04-28 10:00:07,000 - __main__ - INFO - Processing progress: {'status': 'completed', 'progress': 100, 'message': 'Summary generated successfully!'}
2025-04-28 10:00:07,000 - __main__ - DEBUG - Removed temporary file: uploads\PERSONAL_STATEMENT_BATSA_HELENA.pdf
2025-04-28 10:00:07,003 - __main__ - WARNING - NLTK sentence tokenization failed: 
**********************************************************************
  Resource [93mpunkt_tab[0m not found.
  Please use the NLTK Downloader to obtain the resource:

  [31m>>> import nltk
  >>> nltk.download('punkt_tab')
  [0m
  For more information see: https://www.nltk.org/data.html

  Attempted to load [93mtokenizers/punkt_tab/english/[0m

  Searched in:
    - 'C:\\Users\\Dickson/nltk_data'
    - 'C:\\Program Files\\WindowsApps\\PythonSoftwareFoundation.Python.3.13_3.13.1008.0_x64__qbz5n2kfra8p0\\nltk_data'
    - 'C:\\Program Files\\WindowsApps\\PythonSoftwareFoundation.Python.3.13_3.13.1008.0_x64__qbz5n2kfra8p0\\share\\nltk_data'
    - 'C:\\Program Files\\WindowsApps\\PythonSoftwareFoundation.Python.3.13_3.13.1008.0_x64__qbz5n2kfra8p0\\lib\\nltk_data'
    - 'C:\\Users\\Dickson\\AppData\\Roaming\\nltk_data'
    - 'C:\\nltk_data'
    - 'D:\\nltk_data'
    - 'E:\\nltk_data'
**********************************************************************

2025-04-28 10:00:07,004 - __main__ - INFO - Regex tokenization found 10 sentences
2025-04-28 10:00:07,004 - werkzeug - INFO - 127.0.0.1 - - [28/Apr/2025 10:00:07] "POST /upload HTTP/1.1" 200 -
2025-04-28 10:21:52,870 - werkzeug - INFO - 127.0.0.1 - - [28/Apr/2025 10:21:52] "GET / HTTP/1.1" 200 -
2025-04-28 10:31:53,080 - werkzeug - INFO -  * Detected change in 'c:\\Users\\Dickson\\OneDrive\\Desktop\\Chat bot\\app.py', reloading
2025-04-28 10:31:53,082 - werkzeug - INFO -  * Detected change in 'c:\\Users\\Dickson\\OneDrive\\Desktop\\Chat bot\\app.py', reloading
2025-04-28 10:31:53,083 - werkzeug - INFO -  * Detected change in 'c:\\Users\\Dickson\\OneDrive\\Desktop\\Chat bot\\app.py', reloading
2025-04-28 10:31:53,084 - werkzeug - INFO -  * Detected change in 'c:\\Users\\Dickson\\OneDrive\\Desktop\\Chat bot\\app.py', reloading
2025-04-28 10:31:53,729 - werkzeug - INFO -  * Restarting with watchdog (windowsapi)
2025-04-28 11:39:55,705 - __main__ - WARNING - Transformers library not found. ML-based summarization will not be available.
2025-04-28 11:39:57,769 - __main__ - INFO - NLTK initialized successfully
2025-04-28 11:39:57,769 - __main__ - INFO - Loading knowledge base from knowledge_base.json
2025-04-28 11:39:57,772 - __main__ - INFO - Starting Akoo PDF Summarization Chatbot
2025-04-28 11:39:57,791 - werkzeug - INFO - [31m[1mWARNING: This is a development server. Do not use it in a production deployment. Use a production WSGI server instead.[0m
 * Running on all addresses (0.0.0.0)
 * Running on http://127.0.0.1:5000
 * Running on http://10.15.78.99:5000
2025-04-28 11:39:57,791 - werkzeug - INFO - [33mPress CTRL+C to quit[0m
2025-04-28 11:39:57,802 - werkzeug - INFO -  * Restarting with watchdog (windowsapi)
2025-04-28 11:39:59,821 - __main__ - WARNING - Transformers library not found. ML-based summarization will not be available.
2025-04-28 11:40:01,755 - __main__ - INFO - NLTK initialized successfully
2025-04-28 11:40:01,756 - __main__ - INFO - Loading knowledge base from knowledge_base.json
2025-04-28 11:40:01,759 - __main__ - INFO - Starting Akoo PDF Summarization Chatbot
2025-04-28 11:40:01,770 - werkzeug - WARNING -  * Debugger is active!
2025-04-28 11:40:01,773 - werkzeug - INFO -  * Debugger PIN: 321-018-428
2025-04-28 11:40:07,545 - werkzeug - INFO - 127.0.0.1 - - [28/Apr/2025 11:40:07] "GET / HTTP/1.1" 200 -
2025-04-28 11:40:22,397 - __main__ - INFO - Received file upload request
2025-04-28 11:40:26,196 - __main__ - INFO - Processing file: 528267_BENIN-2023-HUMAN-RIGHTS-REPORT.pdf
2025-04-28 11:40:26,201 - __main__ - INFO - Processing progress: {'status': 'processing', 'progress': 10, 'message': 'Starting document extraction...'}
2025-04-28 11:40:26,201 - __main__ - INFO - Requested summary: 200 sentences, paragraph format, structured type, ML: True
2025-04-28 11:40:26,203 - __main__ - INFO - Starting asynchronous processing of uploads\528267_BENIN-2023-HUMAN-RIGHTS-REPORT.pdf
2025-04-28 11:40:26,203 - werkzeug - INFO - 127.0.0.1 - - [28/Apr/2025 11:40:26] "POST /upload HTTP/1.1" 200 -
2025-04-28 11:40:26,220 - __main__ - INFO - Beginning PDF extraction
2025-04-28 11:40:26,221 - __main__ - ERROR - Unexpected error extracting text: name 'PyPDF2' is not defined
2025-04-28 11:40:26,221 - __main__ - INFO - Standard extraction didn't yield good results, trying alternative method
2025-04-28 11:40:26,222 - __main__ - WARNING - PyMuPDF not installed, skipping alternative extraction
2025-04-28 11:40:26,224 - __main__ - WARNING - PDF extraction failed or returned limited text: Failed to extract text from PDF
2025-04-28 11:40:26,224 - __main__ - ERROR - Error in batch processing: name 'PyPDF2' is not defined
2025-04-28 11:40:26,225 - __main__ - ERROR - All extraction methods failed: Failed to extract text from PDF
2025-04-28 11:40:26,226 - __main__ - DEBUG - Removed temporary file: uploads\528267_BENIN-2023-HUMAN-RIGHTS-REPORT.pdf
2025-04-28 11:40:28,479 - werkzeug - INFO - 127.0.0.1 - - [28/Apr/2025 11:40:28] "GET /status/c62a54e6aa1adfc2a17b78791475f5b6 HTTP/1.1" 200 -
2025-04-28 11:42:35,769 - werkzeug - INFO - 127.0.0.1 - - [28/Apr/2025 11:42:35] "GET / HTTP/1.1" 200 -
2025-04-28 11:42:37,078 - werkzeug - INFO - 127.0.0.1 - - [28/Apr/2025 11:42:37] "[33mGET /favicon.ico HTTP/1.1[0m" 404 -
2025-04-28 11:42:48,533 - __main__ - INFO - Received file upload request
2025-04-28 11:42:49,229 - __main__ - INFO - Processing file: 528267_BENIN-2023-HUMAN-RIGHTS-REPORT.pdf
2025-04-28 11:42:49,233 - __main__ - INFO - Processing progress: {'status': 'processing', 'progress': 10, 'message': 'Starting document extraction...'}
2025-04-28 11:42:49,234 - __main__ - INFO - Requested summary: 200 sentences, paragraph format, structured type, ML: True
2025-04-28 11:42:49,235 - __main__ - INFO - Starting asynchronous processing of uploads\528267_BENIN-2023-HUMAN-RIGHTS-REPORT.pdf
2025-04-28 11:42:49,235 - werkzeug - INFO - 127.0.0.1 - - [28/Apr/2025 11:42:49] "POST /upload HTTP/1.1" 200 -
2025-04-28 11:42:49,251 - __main__ - INFO - Beginning PDF extraction
2025-04-28 11:42:49,251 - __main__ - ERROR - Unexpected error extracting text: name 'PyPDF2' is not defined
2025-04-28 11:42:49,251 - __main__ - INFO - Standard extraction didn't yield good results, trying alternative method
2025-04-28 11:42:49,252 - __main__ - WARNING - PyMuPDF not installed, skipping alternative extraction
2025-04-28 11:42:49,253 - __main__ - WARNING - PDF extraction failed or returned limited text: Failed to extract text from PDF
2025-04-28 11:42:49,253 - __main__ - ERROR - Error in batch processing: name 'PyPDF2' is not defined
2025-04-28 11:42:49,253 - __main__ - ERROR - All extraction methods failed: Failed to extract text from PDF
2025-04-28 11:42:49,254 - __main__ - DEBUG - Removed temporary file: uploads\528267_BENIN-2023-HUMAN-RIGHTS-REPORT.pdf
2025-04-28 11:42:51,536 - werkzeug - INFO - 127.0.0.1 - - [28/Apr/2025 11:42:51] "GET /status/0c20e21e93976edf6b1015fe17c1b2af HTTP/1.1" 200 -
2025-04-28 11:47:23,103 - werkzeug - INFO -  * Detected change in 'C:\\Users\\Dickson\\AppData\\Local\\Packages\\PythonSoftwareFoundation.Python.3.13_qbz5n2kfra8p0\\LocalCache\\local-packages\\Python313\\site-packages\\pymupdf\\__init__.py', reloading
2025-04-28 11:47:23,103 - werkzeug - INFO -  * Detected change in 'C:\\Users\\Dickson\\AppData\\Local\\Packages\\PythonSoftwareFoundation.Python.3.13_qbz5n2kfra8p0\\LocalCache\\local-packages\\Python313\\site-packages\\pymupdf\\__init__.py', reloading
2025-04-28 11:47:23,106 - werkzeug - INFO -  * Detected change in 'C:\\Users\\Dickson\\AppData\\Local\\Packages\\PythonSoftwareFoundation.Python.3.13_qbz5n2kfra8p0\\LocalCache\\local-packages\\Python313\\site-packages\\pymupdf\\__init__.py', reloading
2025-04-28 11:47:23,107 - werkzeug - INFO -  * Detected change in 'C:\\Users\\Dickson\\AppData\\Local\\Packages\\PythonSoftwareFoundation.Python.3.13_qbz5n2kfra8p0\\LocalCache\\local-packages\\Python313\\site-packages\\pymupdf\\__main__.py', reloading
2025-04-28 11:47:23,108 - werkzeug - INFO -  * Detected change in 'C:\\Users\\Dickson\\AppData\\Local\\Packages\\PythonSoftwareFoundation.Python.3.13_qbz5n2kfra8p0\\LocalCache\\local-packages\\Python313\\site-packages\\pymupdf\\__main__.py', reloading
2025-04-28 11:47:23,108 - werkzeug - INFO -  * Detected change in 'C:\\Users\\Dickson\\AppData\\Local\\Packages\\PythonSoftwareFoundation.Python.3.13_qbz5n2kfra8p0\\LocalCache\\local-packages\\Python313\\site-packages\\pymupdf\\pymupdf.py', reloading
2025-04-28 11:47:23,116 - werkzeug - INFO -  * Detected change in 'C:\\Users\\Dickson\\AppData\\Local\\Packages\\PythonSoftwareFoundation.Python.3.13_qbz5n2kfra8p0\\LocalCache\\local-packages\\Python313\\site-packages\\pymupdf\\pymupdf.py', reloading
2025-04-28 11:47:23,117 - werkzeug - INFO -  * Detected change in 'C:\\Users\\Dickson\\AppData\\Local\\Packages\\PythonSoftwareFoundation.Python.3.13_qbz5n2kfra8p0\\LocalCache\\local-packages\\Python313\\site-packages\\pymupdf\\table.py', reloading
2025-04-28 11:47:23,118 - werkzeug - INFO -  * Detected change in 'C:\\Users\\Dickson\\AppData\\Local\\Packages\\PythonSoftwareFoundation.Python.3.13_qbz5n2kfra8p0\\LocalCache\\local-packages\\Python313\\site-packages\\pymupdf\\table.py', reloading
2025-04-28 11:47:23,119 - werkzeug - INFO -  * Detected change in 'C:\\Users\\Dickson\\AppData\\Local\\Packages\\PythonSoftwareFoundation.Python.3.13_qbz5n2kfra8p0\\LocalCache\\local-packages\\Python313\\site-packages\\pymupdf\\utils.py', reloading
2025-04-28 11:47:23,119 - werkzeug - INFO -  * Detected change in 'C:\\Users\\Dickson\\AppData\\Local\\Packages\\PythonSoftwareFoundation.Python.3.13_qbz5n2kfra8p0\\LocalCache\\local-packages\\Python313\\site-packages\\pymupdf\\utils.py', reloading
2025-04-28 11:47:23,120 - werkzeug - INFO -  * Detected change in 'C:\\Users\\Dickson\\AppData\\Local\\Packages\\PythonSoftwareFoundation.Python.3.13_qbz5n2kfra8p0\\LocalCache\\local-packages\\Python313\\site-packages\\pymupdf\\_wxcolors.py', reloading
2025-04-28 11:47:23,121 - werkzeug - INFO -  * Detected change in 'C:\\Users\\Dickson\\AppData\\Local\\Packages\\PythonSoftwareFoundation.Python.3.13_qbz5n2kfra8p0\\LocalCache\\local-packages\\Python313\\site-packages\\pymupdf\\_wxcolors.py', reloading
2025-04-28 11:47:23,122 - werkzeug - INFO -  * Detected change in 'C:\\Users\\Dickson\\AppData\\Local\\Packages\\PythonSoftwareFoundation.Python.3.13_qbz5n2kfra8p0\\LocalCache\\local-packages\\Python313\\site-packages\\pymupdf\\_apply_pages.py', reloading
2025-04-28 11:47:23,123 - werkzeug - INFO -  * Detected change in 'C:\\Users\\Dickson\\AppData\\Local\\Packages\\PythonSoftwareFoundation.Python.3.13_qbz5n2kfra8p0\\LocalCache\\local-packages\\Python313\\site-packages\\pymupdf\\_apply_pages.py', reloading
2025-04-28 11:47:23,124 - werkzeug - INFO -  * Detected change in 'C:\\Users\\Dickson\\AppData\\Local\\Packages\\PythonSoftwareFoundation.Python.3.13_qbz5n2kfra8p0\\LocalCache\\local-packages\\Python313\\site-packages\\pymupdf\\extra.py', reloading
2025-04-28 11:47:23,125 - werkzeug - INFO -  * Detected change in 'C:\\Users\\Dickson\\AppData\\Local\\Packages\\PythonSoftwareFoundation.Python.3.13_qbz5n2kfra8p0\\LocalCache\\local-packages\\Python313\\site-packages\\pymupdf\\extra.py', reloading
2025-04-28 11:47:23,127 - werkzeug - INFO -  * Detected change in 'C:\\Users\\Dickson\\AppData\\Local\\Packages\\PythonSoftwareFoundation.Python.3.13_qbz5n2kfra8p0\\LocalCache\\local-packages\\Python313\\site-packages\\fitz\\__init__.py', reloading
2025-04-28 11:47:23,131 - werkzeug - INFO -  * Detected change in 'C:\\Users\\Dickson\\AppData\\Local\\Packages\\PythonSoftwareFoundation.Python.3.13_qbz5n2kfra8p0\\LocalCache\\local-packages\\Python313\\site-packages\\fitz\\__init__.py', reloading
2025-04-28 11:47:23,133 - werkzeug - INFO -  * Detected change in 'C:\\Users\\Dickson\\AppData\\Local\\Packages\\PythonSoftwareFoundation.Python.3.13_qbz5n2kfra8p0\\LocalCache\\local-packages\\Python313\\site-packages\\fitz\\__init__.py', reloading
2025-04-28 11:47:23,134 - werkzeug - INFO -  * Detected change in 'C:\\Users\\Dickson\\AppData\\Local\\Packages\\PythonSoftwareFoundation.Python.3.13_qbz5n2kfra8p0\\LocalCache\\local-packages\\Python313\\site-packages\\fitz\\table.py', reloading
2025-04-28 11:47:23,134 - werkzeug - INFO -  * Detected change in 'C:\\Users\\Dickson\\AppData\\Local\\Packages\\PythonSoftwareFoundation.Python.3.13_qbz5n2kfra8p0\\LocalCache\\local-packages\\Python313\\site-packages\\fitz\\table.py', reloading
2025-04-28 11:47:23,136 - werkzeug - INFO -  * Detected change in 'C:\\Users\\Dickson\\AppData\\Local\\Packages\\PythonSoftwareFoundation.Python.3.13_qbz5n2kfra8p0\\LocalCache\\local-packages\\Python313\\site-packages\\fitz\\utils.py', reloading
2025-04-28 11:47:23,137 - werkzeug - INFO -  * Detected change in 'C:\\Users\\Dickson\\AppData\\Local\\Packages\\PythonSoftwareFoundation.Python.3.13_qbz5n2kfra8p0\\LocalCache\\local-packages\\Python313\\site-packages\\fitz\\utils.py', reloading
2025-04-28 11:47:23,137 - werkzeug - INFO -  * Detected change in 'C:\\Users\\Dickson\\AppData\\Local\\Packages\\PythonSoftwareFoundation.Python.3.13_qbz5n2kfra8p0\\LocalCache\\local-packages\\Python313\\site-packages\\pymupdf\\mupdf.py', reloading
2025-04-28 11:47:23,145 - werkzeug - INFO -  * Detected change in 'C:\\Users\\Dickson\\AppData\\Local\\Packages\\PythonSoftwareFoundation.Python.3.13_qbz5n2kfra8p0\\LocalCache\\local-packages\\Python313\\site-packages\\pymupdf\\mupdf.py', reloading
2025-04-28 11:47:23,472 - werkzeug - INFO -  * Detected change in 'C:\\Users\\Dickson\\AppData\\Local\\Packages\\PythonSoftwareFoundation.Python.3.13_qbz5n2kfra8p0\\LocalCache\\local-packages\\Python313\\site-packages\\pymupdf\\_build.py', reloading
2025-04-28 11:47:23,473 - werkzeug - INFO -  * Detected change in 'C:\\Users\\Dickson\\AppData\\Local\\Packages\\PythonSoftwareFoundation.Python.3.13_qbz5n2kfra8p0\\LocalCache\\local-packages\\Python313\\site-packages\\pymupdf\\_build.py', reloading
2025-04-28 11:47:23,473 - werkzeug - INFO -  * Detected change in 'C:\\Users\\Dickson\\AppData\\Local\\Packages\\PythonSoftwareFoundation.Python.3.13_qbz5n2kfra8p0\\LocalCache\\local-packages\\Python313\\site-packages\\pymupdf\\_build.py', reloading
2025-04-28 11:47:24,121 - werkzeug - INFO -  * Restarting with watchdog (windowsapi)
2025-04-28 11:47:26,776 - __main__ - WARNING - Transformers library not found. ML-based summarization will not be available.
2025-04-28 11:47:29,285 - __main__ - INFO - NLTK initialized successfully
2025-04-28 11:47:29,286 - __main__ - INFO - Loading knowledge base from knowledge_base.json
2025-04-28 11:47:29,288 - __main__ - INFO - Starting Akoo PDF Summarization Chatbot
2025-04-28 11:47:29,299 - werkzeug - WARNING -  * Debugger is active!
2025-04-28 11:47:29,303 - werkzeug - INFO -  * Debugger PIN: 321-018-428
2025-04-28 11:47:31,213 - werkzeug - INFO -  * Detected change in 'c:\\Users\\Dickson\\OneDrive\\Desktop\\Chat bot\\pdf_processor.py', reloading
2025-04-28 11:47:31,345 - werkzeug - INFO -  * Detected change in 'c:\\Users\\Dickson\\OneDrive\\Desktop\\Chat bot\\summarization.py', reloading
2025-04-28 11:47:31,358 - werkzeug - INFO -  * Detected change in 'c:\\Users\\Dickson\\OneDrive\\Desktop\\Chat bot\\ml_summarizer.py', reloading
2025-04-28 11:47:31,987 - werkzeug - INFO -  * Restarting with watchdog (windowsapi)
2025-04-28 11:47:35,242 - __main__ - WARNING - Transformers library not found. ML-based summarization will not be available.
2025-04-28 11:47:37,510 - __main__ - INFO - NLTK initialized successfully
2025-04-28 11:47:37,511 - __main__ - INFO - Loading knowledge base from knowledge_base.json
2025-04-28 11:47:37,517 - __main__ - INFO - Starting Akoo PDF Summarization Chatbot
2025-04-28 11:47:37,534 - werkzeug - WARNING -  * Debugger is active!
2025-04-28 11:47:37,539 - werkzeug - INFO -  * Debugger PIN: 321-018-428
2025-04-28 11:50:05,048 - werkzeug - INFO -  * Detected change in 'c:\\Users\\Dickson\\OneDrive\\Desktop\\Chat bot\\app.py', reloading
2025-04-28 11:50:05,049 - werkzeug - INFO -  * Detected change in 'c:\\Users\\Dickson\\OneDrive\\Desktop\\Chat bot\\app.py', reloading
2025-04-28 11:50:05,050 - werkzeug - INFO -  * Detected change in 'c:\\Users\\Dickson\\OneDrive\\Desktop\\Chat bot\\app.py', reloading
2025-04-28 11:50:06,318 - werkzeug - INFO -  * Restarting with watchdog (windowsapi)
2025-04-28 11:50:08,495 - __main__ - WARNING - Transformers library not found. ML-based summarization will not be available.
2025-04-28 11:50:10,587 - __main__ - INFO - NLTK initialized successfully
2025-04-28 11:50:10,588 - __main__ - INFO - Loading knowledge base from knowledge_base.json
2025-04-28 11:50:10,591 - __main__ - INFO - Starting Akoo PDF Summarization Chatbot
2025-04-28 11:50:10,604 - werkzeug - WARNING -  * Debugger is active!
2025-04-28 11:50:10,609 - werkzeug - INFO -  * Debugger PIN: 321-018-428
2025-04-28 11:51:24,714 - werkzeug - INFO - 127.0.0.1 - - [28/Apr/2025 11:51:24] "GET / HTTP/1.1" 200 -
2025-04-28 11:51:26,066 - werkzeug - INFO - 127.0.0.1 - - [28/Apr/2025 11:51:26] "[33mGET /favicon.ico HTTP/1.1[0m" 404 -
2025-04-28 11:51:39,113 - __main__ - INFO - Received file upload request
2025-04-28 11:51:39,845 - __main__ - INFO - Processing file: 528267_BOTSWANA-2023-HUMAN-RIGHTS-REPORT-1.pdf
2025-04-28 11:51:39,849 - __main__ - INFO - Processing progress: {'status': 'processing', 'progress': 10, 'message': 'Starting document extraction...'}
2025-04-28 11:51:39,851 - __main__ - INFO - Requested summary: 200 sentences, paragraph format, structured type, ML: True
2025-04-28 11:51:39,853 - __main__ - INFO - Starting asynchronous processing of uploads\528267_BOTSWANA-2023-HUMAN-RIGHTS-REPORT-1.pdf
2025-04-28 11:51:39,853 - werkzeug - INFO - 127.0.0.1 - - [28/Apr/2025 11:51:39] "POST /upload HTTP/1.1" 200 -
2025-04-28 11:51:40,434 - __main__ - INFO - Successfully extracted 48241 characters with PyPDF2
2025-04-28 11:51:40,434 - __main__ - INFO - Using fallback summarization method
2025-04-28 11:51:40,437 - __main__ - WARNING - NLTK sentence tokenization failed: 
**********************************************************************
  Resource [93mpunkt_tab[0m not found.
  Please use the NLTK Downloader to obtain the resource:

  [31m>>> import nltk
  >>> nltk.download('punkt_tab')
  [0m
  For more information see: https://www.nltk.org/data.html

  Attempted to load [93mtokenizers/punkt_tab/english/[0m

  Searched in:
    - 'C:\\Users\\Dickson/nltk_data'
    - 'C:\\Program Files\\WindowsApps\\PythonSoftwareFoundation.Python.3.13_3.13.1008.0_x64__qbz5n2kfra8p0\\nltk_data'
    - 'C:\\Program Files\\WindowsApps\\PythonSoftwareFoundation.Python.3.13_3.13.1008.0_x64__qbz5n2kfra8p0\\share\\nltk_data'
    - 'C:\\Program Files\\WindowsApps\\PythonSoftwareFoundation.Python.3.13_3.13.1008.0_x64__qbz5n2kfra8p0\\lib\\nltk_data'
    - 'C:\\Users\\Dickson\\AppData\\Roaming\\nltk_data'
    - 'C:\\nltk_data'
    - 'D:\\nltk_data'
    - 'E:\\nltk_data'
**********************************************************************

2025-04-28 11:51:40,439 - __main__ - INFO - Regex tokenization found 290 sentences
2025-04-28 11:51:40,440 - __main__ - DEBUG - Split text into 290 sentences
2025-04-28 11:51:40,440 - __main__ - INFO - Generated fallback summary with 200 sentences
2025-04-28 11:51:40,443 - __main__ - WARNING - NLTK sentence tokenization failed: 
**********************************************************************
  Resource [93mpunkt_tab[0m not found.
  Please use the NLTK Downloader to obtain the resource:

  [31m>>> import nltk
  >>> nltk.download('punkt_tab')
  [0m
  For more information see: https://www.nltk.org/data.html

  Attempted to load [93mtokenizers/punkt_tab/english/[0m

  Searched in:
    - 'C:\\Users\\Dickson/nltk_data'
    - 'C:\\Program Files\\WindowsApps\\PythonSoftwareFoundation.Python.3.13_3.13.1008.0_x64__qbz5n2kfra8p0\\nltk_data'
    - 'C:\\Program Files\\WindowsApps\\PythonSoftwareFoundation.Python.3.13_3.13.1008.0_x64__qbz5n2kfra8p0\\share\\nltk_data'
    - 'C:\\Program Files\\WindowsApps\\PythonSoftwareFoundation.Python.3.13_3.13.1008.0_x64__qbz5n2kfra8p0\\lib\\nltk_data'
    - 'C:\\Users\\Dickson\\AppData\\Roaming\\nltk_data'
    - 'C:\\nltk_data'
    - 'D:\\nltk_data'
    - 'E:\\nltk_data'
**********************************************************************

2025-04-28 11:51:40,445 - __main__ - INFO - Regex tokenization found 200 sentences
2025-04-28 11:51:40,460 - __main__ - DEBUG - Removed temporary file: uploads\528267_BOTSWANA-2023-HUMAN-RIGHTS-REPORT-1.pdf
2025-04-28 11:51:42,258 - werkzeug - INFO - 127.0.0.1 - - [28/Apr/2025 11:51:42] "GET /status/9ba95a6adf60670d303c3eb0c2ddff0b HTTP/1.1" 200 -
2025-04-28 11:52:57,562 - werkzeug - INFO - 127.0.0.1 - - [28/Apr/2025 11:52:57] "GET / HTTP/1.1" 200 -
2025-04-28 11:53:36,856 - werkzeug - INFO - 127.0.0.1 - - [28/Apr/2025 11:53:36] "GET / HTTP/1.1" 200 -
2025-04-28 11:55:40,250 - werkzeug - INFO - 127.0.0.1 - - [28/Apr/2025 11:55:40] "GET / HTTP/1.1" 200 -
2025-04-28 11:55:42,283 - werkzeug - INFO - 127.0.0.1 - - [28/Apr/2025 11:55:42] "[33mGET /favicon.ico HTTP/1.1[0m" 404 -
2025-04-28 11:56:01,737 - __main__ - INFO - Received file upload request
2025-04-28 11:56:02,532 - __main__ - INFO - Processing file: Development theories- A comparative approach (1).pdf
2025-04-28 11:56:02,535 - __main__ - INFO - Processing progress: {'status': 'processing', 'progress': 10, 'message': 'Starting document extraction...'}
2025-04-28 11:56:02,536 - __main__ - INFO - Requested summary: 200 sentences, paragraph format, structured type, ML: True
2025-04-28 11:56:02,537 - __main__ - INFO - Starting asynchronous processing of uploads\Development_theories-_A_comparative_approach_1.pdf
2025-04-28 11:56:02,538 - werkzeug - INFO - 127.0.0.1 - - [28/Apr/2025 11:56:02] "POST /upload HTTP/1.1" 200 -
2025-04-28 11:56:02,714 - __main__ - INFO - Successfully extracted 91448 characters with PyPDF2
2025-04-28 11:56:02,715 - __main__ - INFO - Using fallback summarization method
2025-04-28 11:56:02,718 - __main__ - WARNING - NLTK sentence tokenization failed: 
**********************************************************************
  Resource [93mpunkt_tab[0m not found.
  Please use the NLTK Downloader to obtain the resource:

  [31m>>> import nltk
  >>> nltk.download('punkt_tab')
  [0m
  For more information see: https://www.nltk.org/data.html

  Attempted to load [93mtokenizers/punkt_tab/english/[0m

  Searched in:
    - 'C:\\Users\\Dickson/nltk_data'
    - 'C:\\Program Files\\WindowsApps\\PythonSoftwareFoundation.Python.3.13_3.13.1008.0_x64__qbz5n2kfra8p0\\nltk_data'
    - 'C:\\Program Files\\WindowsApps\\PythonSoftwareFoundation.Python.3.13_3.13.1008.0_x64__qbz5n2kfra8p0\\share\\nltk_data'
    - 'C:\\Program Files\\WindowsApps\\PythonSoftwareFoundation.Python.3.13_3.13.1008.0_x64__qbz5n2kfra8p0\\lib\\nltk_data'
    - 'C:\\Users\\Dickson\\AppData\\Roaming\\nltk_data'
    - 'C:\\nltk_data'
    - 'D:\\nltk_data'
    - 'E:\\nltk_data'
**********************************************************************

2025-04-28 11:56:02,721 - __main__ - INFO - Regex tokenization found 427 sentences
2025-04-28 11:56:02,721 - __main__ - DEBUG - Split text into 427 sentences
2025-04-28 11:56:02,722 - __main__ - INFO - Generated fallback summary with 200 sentences
2025-04-28 11:56:02,727 - __main__ - WARNING - NLTK sentence tokenization failed: 
**********************************************************************
  Resource [93mpunkt_tab[0m not found.
  Please use the NLTK Downloader to obtain the resource:

  [31m>>> import nltk
  >>> nltk.download('punkt_tab')
  [0m
  For more information see: https://www.nltk.org/data.html

  Attempted to load [93mtokenizers/punkt_tab/english/[0m

  Searched in:
    - 'C:\\Users\\Dickson/nltk_data'
    - 'C:\\Program Files\\WindowsApps\\PythonSoftwareFoundation.Python.3.13_3.13.1008.0_x64__qbz5n2kfra8p0\\nltk_data'
    - 'C:\\Program Files\\WindowsApps\\PythonSoftwareFoundation.Python.3.13_3.13.1008.0_x64__qbz5n2kfra8p0\\share\\nltk_data'
    - 'C:\\Program Files\\WindowsApps\\PythonSoftwareFoundation.Python.3.13_3.13.1008.0_x64__qbz5n2kfra8p0\\lib\\nltk_data'
    - 'C:\\Users\\Dickson\\AppData\\Roaming\\nltk_data'
    - 'C:\\nltk_data'
    - 'D:\\nltk_data'
    - 'E:\\nltk_data'
**********************************************************************

2025-04-28 11:56:02,729 - __main__ - INFO - Regex tokenization found 200 sentences
2025-04-28 11:56:02,730 - __main__ - DEBUG - Removed temporary file: uploads\Development_theories-_A_comparative_approach_1.pdf
2025-04-28 11:56:04,824 - werkzeug - INFO - 127.0.0.1 - - [28/Apr/2025 11:56:04] "GET /status/cde1b72588612b2d20ebc38d1d671421 HTTP/1.1" 200 -
2025-04-28 12:04:07,151 - werkzeug - INFO - 127.0.0.1 - - [28/Apr/2025 12:04:07] "GET / HTTP/1.1" 200 -
2025-04-28 12:05:49,538 - __main__ - INFO - Received file upload request
2025-04-28 12:05:50,981 - __main__ - INFO - Processing file: Safari.pdf
2025-04-28 12:05:50,983 - __main__ - INFO - Processing progress: {'status': 'processing', 'progress': 10, 'message': 'Starting document extraction...'}
2025-04-28 12:05:50,984 - __main__ - INFO - Requested summary: 117 sentences, paragraph format, structured type, ML: True
2025-04-28 12:05:50,985 - __main__ - INFO - Starting asynchronous processing of uploads\Safari.pdf
2025-04-28 12:05:50,985 - werkzeug - INFO - 127.0.0.1 - - [28/Apr/2025 12:05:50] "POST /upload HTTP/1.1" 200 -
2025-04-28 12:05:51,023 - __main__ - INFO - Successfully extracted 1411 characters with PyPDF2
2025-04-28 12:05:51,024 - __main__ - INFO - Using fallback summarization method
2025-04-28 12:05:51,028 - __main__ - WARNING - NLTK sentence tokenization failed: 
**********************************************************************
  Resource [93mpunkt_tab[0m not found.
  Please use the NLTK Downloader to obtain the resource:

  [31m>>> import nltk
  >>> nltk.download('punkt_tab')
  [0m
  For more information see: https://www.nltk.org/data.html

  Attempted to load [93mtokenizers/punkt_tab/english/[0m

  Searched in:
    - 'C:\\Users\\Dickson/nltk_data'
    - 'C:\\Program Files\\WindowsApps\\PythonSoftwareFoundation.Python.3.13_3.13.1008.0_x64__qbz5n2kfra8p0\\nltk_data'
    - 'C:\\Program Files\\WindowsApps\\PythonSoftwareFoundation.Python.3.13_3.13.1008.0_x64__qbz5n2kfra8p0\\share\\nltk_data'
    - 'C:\\Program Files\\WindowsApps\\PythonSoftwareFoundation.Python.3.13_3.13.1008.0_x64__qbz5n2kfra8p0\\lib\\nltk_data'
    - 'C:\\Users\\Dickson\\AppData\\Roaming\\nltk_data'
    - 'C:\\nltk_data'
    - 'D:\\nltk_data'
    - 'E:\\nltk_data'
**********************************************************************

2025-04-28 12:05:51,029 - __main__ - INFO - Regex tokenization found 5 sentences
2025-04-28 12:05:51,029 - __main__ - DEBUG - Split text into 5 sentences
2025-04-28 12:05:51,030 - __main__ - INFO - Text has fewer sentences than requested summary length, returning full text
2025-04-28 12:05:51,034 - __main__ - WARNING - NLTK sentence tokenization failed: 
**********************************************************************
  Resource [93mpunkt_tab[0m not found.
  Please use the NLTK Downloader to obtain the resource:

  [31m>>> import nltk
  >>> nltk.download('punkt_tab')
  [0m
  For more information see: https://www.nltk.org/data.html

  Attempted to load [93mtokenizers/punkt_tab/english/[0m

  Searched in:
    - 'C:\\Users\\Dickson/nltk_data'
    - 'C:\\Program Files\\WindowsApps\\PythonSoftwareFoundation.Python.3.13_3.13.1008.0_x64__qbz5n2kfra8p0\\nltk_data'
    - 'C:\\Program Files\\WindowsApps\\PythonSoftwareFoundation.Python.3.13_3.13.1008.0_x64__qbz5n2kfra8p0\\share\\nltk_data'
    - 'C:\\Program Files\\WindowsApps\\PythonSoftwareFoundation.Python.3.13_3.13.1008.0_x64__qbz5n2kfra8p0\\lib\\nltk_data'
    - 'C:\\Users\\Dickson\\AppData\\Roaming\\nltk_data'
    - 'C:\\nltk_data'
    - 'D:\\nltk_data'
    - 'E:\\nltk_data'
**********************************************************************

2025-04-28 12:05:51,035 - __main__ - INFO - Regex tokenization found 5 sentences
2025-04-28 12:05:51,036 - __main__ - DEBUG - Removed temporary file: uploads\Safari.pdf
2025-04-28 12:05:53,401 - werkzeug - INFO - 127.0.0.1 - - [28/Apr/2025 12:05:53] "GET /status/78061542e38c300881be4c3b1fa1f98c HTTP/1.1" 200 -
2025-04-28 12:06:47,155 - werkzeug - INFO - 127.0.0.1 - - [28/Apr/2025 12:06:47] "GET / HTTP/1.1" 200 -
2025-04-28 12:06:47,755 - werkzeug - INFO - 127.0.0.1 - - [28/Apr/2025 12:06:47] "GET / HTTP/1.1" 200 -
2025-04-28 12:06:47,885 - werkzeug - INFO - 127.0.0.1 - - [28/Apr/2025 12:06:47] "GET / HTTP/1.1" 200 -
2025-04-28 12:06:49,790 - __main__ - INFO - Received file upload request
2025-04-28 12:06:51,734 - __main__ - INFO - Processing file: Safari.pdf
2025-04-28 12:06:51,737 - __main__ - INFO - Processing progress: {'status': 'processing', 'progress': 10, 'message': 'Starting document extraction...'}
2025-04-28 12:06:51,738 - __main__ - INFO - Requested summary: 17 sentences, paragraph format, structured type, ML: True
2025-04-28 12:06:51,739 - __main__ - INFO - Starting asynchronous processing of uploads\Safari.pdf
2025-04-28 12:06:51,740 - werkzeug - INFO - 127.0.0.1 - - [28/Apr/2025 12:06:51] "POST /upload HTTP/1.1" 200 -
2025-04-28 12:06:51,777 - __main__ - INFO - Successfully extracted 1411 characters with PyPDF2
2025-04-28 12:06:51,778 - __main__ - INFO - Using fallback summarization method
2025-04-28 12:06:51,781 - __main__ - WARNING - NLTK sentence tokenization failed: 
**********************************************************************
  Resource [93mpunkt_tab[0m not found.
  Please use the NLTK Downloader to obtain the resource:

  [31m>>> import nltk
  >>> nltk.download('punkt_tab')
  [0m
  For more information see: https://www.nltk.org/data.html

  Attempted to load [93mtokenizers/punkt_tab/english/[0m

  Searched in:
    - 'C:\\Users\\Dickson/nltk_data'
    - 'C:\\Program Files\\WindowsApps\\PythonSoftwareFoundation.Python.3.13_3.13.1008.0_x64__qbz5n2kfra8p0\\nltk_data'
    - 'C:\\Program Files\\WindowsApps\\PythonSoftwareFoundation.Python.3.13_3.13.1008.0_x64__qbz5n2kfra8p0\\share\\nltk_data'
    - 'C:\\Program Files\\WindowsApps\\PythonSoftwareFoundation.Python.3.13_3.13.1008.0_x64__qbz5n2kfra8p0\\lib\\nltk_data'
    - 'C:\\Users\\Dickson\\AppData\\Roaming\\nltk_data'
    - 'C:\\nltk_data'
    - 'D:\\nltk_data'
    - 'E:\\nltk_data'
**********************************************************************

2025-04-28 12:06:51,782 - __main__ - INFO - Regex tokenization found 5 sentences
2025-04-28 12:06:51,783 - __main__ - DEBUG - Split text into 5 sentences
2025-04-28 12:06:51,783 - __main__ - INFO - Text has fewer sentences than requested summary length, returning full text
2025-04-28 12:06:51,788 - __main__ - WARNING - NLTK sentence tokenization failed: 
**********************************************************************
  Resource [93mpunkt_tab[0m not found.
  Please use the NLTK Downloader to obtain the resource:

  [31m>>> import nltk
  >>> nltk.download('punkt_tab')
  [0m
  For more information see: https://www.nltk.org/data.html

  Attempted to load [93mtokenizers/punkt_tab/english/[0m

  Searched in:
    - 'C:\\Users\\Dickson/nltk_data'
    - 'C:\\Program Files\\WindowsApps\\PythonSoftwareFoundation.Python.3.13_3.13.1008.0_x64__qbz5n2kfra8p0\\nltk_data'
    - 'C:\\Program Files\\WindowsApps\\PythonSoftwareFoundation.Python.3.13_3.13.1008.0_x64__qbz5n2kfra8p0\\share\\nltk_data'
    - 'C:\\Program Files\\WindowsApps\\PythonSoftwareFoundation.Python.3.13_3.13.1008.0_x64__qbz5n2kfra8p0\\lib\\nltk_data'
    - 'C:\\Users\\Dickson\\AppData\\Roaming\\nltk_data'
    - 'C:\\nltk_data'
    - 'D:\\nltk_data'
    - 'E:\\nltk_data'
**********************************************************************

2025-04-28 12:06:51,789 - __main__ - INFO - Regex tokenization found 5 sentences
2025-04-28 12:06:51,790 - __main__ - DEBUG - Removed temporary file: uploads\Safari.pdf
2025-04-28 12:06:52,315 - werkzeug - INFO - 127.0.0.1 - - [28/Apr/2025 12:06:52] "GET / HTTP/1.1" 200 -
2025-04-28 12:06:54,039 - werkzeug - INFO - 127.0.0.1 - - [28/Apr/2025 12:06:54] "[33mGET /favicon.ico HTTP/1.1[0m" 404 -
2025-04-28 12:06:54,172 - werkzeug - INFO - 127.0.0.1 - - [28/Apr/2025 12:06:54] "GET /status/a3127189f3c70dfd961adb7cae1ad265 HTTP/1.1" 200 -
2025-04-28 12:07:23,542 - werkzeug - INFO - 127.0.0.1 - - [28/Apr/2025 12:07:23] "GET / HTTP/1.1" 200 -
2025-04-28 12:10:46,989 - werkzeug - INFO - 127.0.0.1 - - [28/Apr/2025 12:10:46] "[33mGET /favicon.ico HTTP/1.1[0m" 404 -
2025-04-28 12:10:47,321 - werkzeug - INFO - 127.0.0.1 - - [28/Apr/2025 12:10:47] "GET / HTTP/1.1" 200 -
2025-04-28 12:11:14,322 - __main__ - INFO - Received file upload request
2025-04-28 12:11:33,590 - __main__ - INFO - Processing file: C.R. Kothari - Research Methodology_ Methods and Techniques-New Age Publications (Acade.pdf
2025-04-28 12:11:33,622 - __main__ - INFO - Processing progress: {'status': 'processing', 'progress': 10, 'message': 'Starting document extraction...'}
2025-04-28 12:11:33,623 - __main__ - INFO - Requested summary: 30 sentences, paragraph format, structured type, ML: True
2025-04-28 12:11:33,624 - __main__ - INFO - Starting asynchronous processing of uploads\C.R._Kothari_-_Research_Methodology__Methods_and_Techniques-New_Age_Publications_Acade.pdf
2025-04-28 12:11:33,626 - werkzeug - INFO - 127.0.0.1 - - [28/Apr/2025 12:11:33] "POST /upload HTTP/1.1" 200 -
2025-04-28 12:11:36,064 - werkzeug - INFO - 127.0.0.1 - - [28/Apr/2025 12:11:36] "GET /status/b43f299c7b930818be673575ed429f6d HTTP/1.1" 200 -
2025-04-28 12:11:37,321 - __main__ - INFO - Successfully extracted 996893 characters with PyPDF2
2025-04-28 12:11:37,322 - __main__ - INFO - Using fallback summarization method
2025-04-28 12:11:37,326 - __main__ - WARNING - NLTK sentence tokenization failed: 
**********************************************************************
  Resource [93mpunkt_tab[0m not found.
  Please use the NLTK Downloader to obtain the resource:

  [31m>>> import nltk
  >>> nltk.download('punkt_tab')
  [0m
  For more information see: https://www.nltk.org/data.html

  Attempted to load [93mtokenizers/punkt_tab/english/[0m

  Searched in:
    - 'C:\\Users\\Dickson/nltk_data'
    - 'C:\\Program Files\\WindowsApps\\PythonSoftwareFoundation.Python.3.13_3.13.1008.0_x64__qbz5n2kfra8p0\\nltk_data'
    - 'C:\\Program Files\\WindowsApps\\PythonSoftwareFoundation.Python.3.13_3.13.1008.0_x64__qbz5n2kfra8p0\\share\\nltk_data'
    - 'C:\\Program Files\\WindowsApps\\PythonSoftwareFoundation.Python.3.13_3.13.1008.0_x64__qbz5n2kfra8p0\\lib\\nltk_data'
    - 'C:\\Users\\Dickson\\AppData\\Roaming\\nltk_data'
    - 'C:\\nltk_data'
    - 'D:\\nltk_data'
    - 'E:\\nltk_data'
**********************************************************************

2025-04-28 12:11:37,357 - __main__ - INFO - Regex tokenization found 5366 sentences
2025-04-28 12:11:37,357 - __main__ - DEBUG - Split text into 5366 sentences
2025-04-28 12:11:37,358 - __main__ - INFO - Generated fallback summary of 19423 characters
2025-04-28 12:11:37,362 - __main__ - WARNING - NLTK sentence tokenization failed: 
**********************************************************************
  Resource [93mpunkt_tab[0m not found.
  Please use the NLTK Downloader to obtain the resource:

  [31m>>> import nltk
  >>> nltk.download('punkt_tab')
  [0m
  For more information see: https://www.nltk.org/data.html

  Attempted to load [93mtokenizers/punkt_tab/english/[0m

  Searched in:
    - 'C:\\Users\\Dickson/nltk_data'
    - 'C:\\Program Files\\WindowsApps\\PythonSoftwareFoundation.Python.3.13_3.13.1008.0_x64__qbz5n2kfra8p0\\nltk_data'
    - 'C:\\Program Files\\WindowsApps\\PythonSoftwareFoundation.Python.3.13_3.13.1008.0_x64__qbz5n2kfra8p0\\share\\nltk_data'
    - 'C:\\Program Files\\WindowsApps\\PythonSoftwareFoundation.Python.3.13_3.13.1008.0_x64__qbz5n2kfra8p0\\lib\\nltk_data'
    - 'C:\\Users\\Dickson\\AppData\\Roaming\\nltk_data'
    - 'C:\\nltk_data'
    - 'D:\\nltk_data'
    - 'E:\\nltk_data'
**********************************************************************

2025-04-28 12:11:37,363 - __main__ - INFO - Regex tokenization found 30 sentences
2025-04-28 12:11:37,364 - __main__ - DEBUG - Removed temporary file: uploads\C.R._Kothari_-_Research_Methodology__Methods_and_Techniques-New_Age_Publications_Acade.pdf
2025-04-28 12:11:39,676 - werkzeug - INFO - 127.0.0.1 - - [28/Apr/2025 12:11:39] "GET /status/b43f299c7b930818be673575ed429f6d HTTP/1.1" 200 -
2025-04-28 12:29:29,920 - werkzeug - INFO - 127.0.0.1 - - [28/Apr/2025 12:29:29] "GET / HTTP/1.1" 200 -
2025-04-28 12:46:18,199 - werkzeug - INFO - 127.0.0.1 - - [28/Apr/2025 12:46:18] "GET / HTTP/1.1" 200 -
2025-04-28 12:56:53,701 - __main__ - INFO - Received file upload request
2025-04-28 12:57:00,070 - __main__ - INFO - Processing file: 10487.pdf
2025-04-28 12:57:00,074 - __main__ - INFO - Processing progress: {'status': 'processing', 'progress': 10, 'message': 'Starting document extraction...'}
2025-04-28 12:57:00,075 - __main__ - INFO - Requested summary: 150 sentences, paragraph format, structured type, ML: True
2025-04-28 12:57:00,077 - __main__ - INFO - Starting asynchronous processing of uploads\10487.pdf
2025-04-28 12:57:00,078 - werkzeug - INFO - 127.0.0.1 - - [28/Apr/2025 12:57:00] "POST /upload HTTP/1.1" 200 -
2025-04-28 12:57:00,596 - __main__ - INFO - Successfully extracted 136097 characters with PyPDF2
2025-04-28 12:57:00,597 - __main__ - INFO - Using fallback summarization method
2025-04-28 12:57:00,600 - __main__ - WARNING - NLTK sentence tokenization failed: 
**********************************************************************
  Resource [93mpunkt_tab[0m not found.
  Please use the NLTK Downloader to obtain the resource:

  [31m>>> import nltk
  >>> nltk.download('punkt_tab')
  [0m
  For more information see: https://www.nltk.org/data.html

  Attempted to load [93mtokenizers/punkt_tab/english/[0m

  Searched in:
    - 'C:\\Users\\Dickson/nltk_data'
    - 'C:\\Program Files\\WindowsApps\\PythonSoftwareFoundation.Python.3.13_3.13.1008.0_x64__qbz5n2kfra8p0\\nltk_data'
    - 'C:\\Program Files\\WindowsApps\\PythonSoftwareFoundation.Python.3.13_3.13.1008.0_x64__qbz5n2kfra8p0\\share\\nltk_data'
    - 'C:\\Program Files\\WindowsApps\\PythonSoftwareFoundation.Python.3.13_3.13.1008.0_x64__qbz5n2kfra8p0\\lib\\nltk_data'
    - 'C:\\Users\\Dickson\\AppData\\Roaming\\nltk_data'
    - 'C:\\nltk_data'
    - 'D:\\nltk_data'
    - 'E:\\nltk_data'
**********************************************************************

2025-04-28 12:57:00,604 - __main__ - INFO - Regex tokenization found 596 sentences
2025-04-28 12:57:00,604 - __main__ - DEBUG - Split text into 596 sentences
2025-04-28 12:57:00,606 - __main__ - INFO - Generated fallback summary with 150 sentences
2025-04-28 12:57:00,609 - __main__ - WARNING - NLTK sentence tokenization failed: 
**********************************************************************
  Resource [93mpunkt_tab[0m not found.
  Please use the NLTK Downloader to obtain the resource:

  [31m>>> import nltk
  >>> nltk.download('punkt_tab')
  [0m
  For more information see: https://www.nltk.org/data.html

  Attempted to load [93mtokenizers/punkt_tab/english/[0m

  Searched in:
    - 'C:\\Users\\Dickson/nltk_data'
    - 'C:\\Program Files\\WindowsApps\\PythonSoftwareFoundation.Python.3.13_3.13.1008.0_x64__qbz5n2kfra8p0\\nltk_data'
    - 'C:\\Program Files\\WindowsApps\\PythonSoftwareFoundation.Python.3.13_3.13.1008.0_x64__qbz5n2kfra8p0\\share\\nltk_data'
    - 'C:\\Program Files\\WindowsApps\\PythonSoftwareFoundation.Python.3.13_3.13.1008.0_x64__qbz5n2kfra8p0\\lib\\nltk_data'
    - 'C:\\Users\\Dickson\\AppData\\Roaming\\nltk_data'
    - 'C:\\nltk_data'
    - 'D:\\nltk_data'
    - 'E:\\nltk_data'
**********************************************************************

2025-04-28 12:57:00,610 - __main__ - INFO - Regex tokenization found 150 sentences
2025-04-28 12:57:00,611 - __main__ - DEBUG - Removed temporary file: uploads\10487.pdf
2025-04-28 12:57:02,549 - werkzeug - INFO - 127.0.0.1 - - [28/Apr/2025 12:57:02] "GET /status/31be13c6d92a9ea73226ab595eedc6ea HTTP/1.1" 200 -
2025-04-28 13:03:53,907 - werkzeug - INFO - 127.0.0.1 - - [28/Apr/2025 13:03:53] "GET / HTTP/1.1" 200 -
2025-04-28 13:05:37,038 - __main__ - INFO - Received file upload request
2025-04-28 13:05:47,215 - __main__ - INFO - Processing file: JAATM-VOLUME-1.pdf
2025-04-28 13:05:47,221 - __main__ - INFO - Processing progress: {'status': 'processing', 'progress': 10, 'message': 'Starting document extraction...'}
2025-04-28 13:05:47,221 - __main__ - INFO - Requested summary: 200 sentences, paragraph format, structured type, ML: True
2025-04-28 13:05:47,222 - __main__ - INFO - Starting asynchronous processing of uploads\JAATM-VOLUME-1.pdf
2025-04-28 13:05:47,224 - werkzeug - INFO - 127.0.0.1 - - [28/Apr/2025 13:05:47] "POST /upload HTTP/1.1" 200 -
2025-04-28 13:05:48,680 - __main__ - INFO - Successfully extracted 298881 characters with PyPDF2
2025-04-28 13:05:48,681 - __main__ - INFO - Using fallback summarization method
2025-04-28 13:05:48,685 - __main__ - WARNING - NLTK sentence tokenization failed: 
**********************************************************************
  Resource [93mpunkt_tab[0m not found.
  Please use the NLTK Downloader to obtain the resource:

  [31m>>> import nltk
  >>> nltk.download('punkt_tab')
  [0m
  For more information see: https://www.nltk.org/data.html

  Attempted to load [93mtokenizers/punkt_tab/english/[0m

  Searched in:
    - 'C:\\Users\\Dickson/nltk_data'
    - 'C:\\Program Files\\WindowsApps\\PythonSoftwareFoundation.Python.3.13_3.13.1008.0_x64__qbz5n2kfra8p0\\nltk_data'
    - 'C:\\Program Files\\WindowsApps\\PythonSoftwareFoundation.Python.3.13_3.13.1008.0_x64__qbz5n2kfra8p0\\share\\nltk_data'
    - 'C:\\Program Files\\WindowsApps\\PythonSoftwareFoundation.Python.3.13_3.13.1008.0_x64__qbz5n2kfra8p0\\lib\\nltk_data'
    - 'C:\\Users\\Dickson\\AppData\\Roaming\\nltk_data'
    - 'C:\\nltk_data'
    - 'D:\\nltk_data'
    - 'E:\\nltk_data'
**********************************************************************

2025-04-28 13:05:48,693 - __main__ - INFO - Regex tokenization found 2573 sentences
2025-04-28 13:05:48,693 - __main__ - DEBUG - Split text into 2573 sentences
2025-04-28 13:05:48,697 - __main__ - INFO - Generated fallback summary with 200 sentences
2025-04-28 13:05:48,701 - __main__ - WARNING - NLTK sentence tokenization failed: 
**********************************************************************
  Resource [93mpunkt_tab[0m not found.
  Please use the NLTK Downloader to obtain the resource:

  [31m>>> import nltk
  >>> nltk.download('punkt_tab')
  [0m
  For more information see: https://www.nltk.org/data.html

  Attempted to load [93mtokenizers/punkt_tab/english/[0m

  Searched in:
    - 'C:\\Users\\Dickson/nltk_data'
    - 'C:\\Program Files\\WindowsApps\\PythonSoftwareFoundation.Python.3.13_3.13.1008.0_x64__qbz5n2kfra8p0\\nltk_data'
    - 'C:\\Program Files\\WindowsApps\\PythonSoftwareFoundation.Python.3.13_3.13.1008.0_x64__qbz5n2kfra8p0\\share\\nltk_data'
    - 'C:\\Program Files\\WindowsApps\\PythonSoftwareFoundation.Python.3.13_3.13.1008.0_x64__qbz5n2kfra8p0\\lib\\nltk_data'
    - 'C:\\Users\\Dickson\\AppData\\Roaming\\nltk_data'
    - 'C:\\nltk_data'
    - 'D:\\nltk_data'
    - 'E:\\nltk_data'
**********************************************************************

2025-04-28 13:05:48,703 - __main__ - INFO - Regex tokenization found 200 sentences
2025-04-28 13:05:48,905 - __main__ - DEBUG - Removed temporary file: uploads\JAATM-VOLUME-1.pdf
2025-04-28 13:05:50,467 - werkzeug - INFO - 127.0.0.1 - - [28/Apr/2025 13:05:50] "GET /status/cff0fc43a078efb30a10f79c8a499ac6 HTTP/1.1" 200 -
2025-04-28 13:20:46,373 - werkzeug - INFO - 127.0.0.1 - - [28/Apr/2025 13:20:46] "GET / HTTP/1.1" 200 -
2025-04-28 14:32:02,877 - werkzeug - INFO - 127.0.0.1 - - [28/Apr/2025 14:32:02] "GET / HTTP/1.1" 200 -
2025-04-28 14:33:18,195 - werkzeug - INFO - 127.0.0.1 - - [28/Apr/2025 14:33:18] "GET / HTTP/1.1" 200 -
2025-04-28 14:33:43,237 - __main__ - INFO - Received file upload request
2025-04-28 14:33:45,295 - __main__ - INFO - Processing file: It_is_an_immense_honor_to_stand_before_you_today_as_a_special_guest.pdf
2025-04-28 14:33:45,313 - __main__ - INFO - Processing progress: {'status': 'processing', 'progress': 10, 'message': 'Starting document extraction...'}
2025-04-28 14:33:45,316 - __main__ - INFO - Requested summary: 172 sentences, paragraph format, structured type, ML: True
2025-04-28 14:33:45,322 - __main__ - INFO - Starting asynchronous processing of uploads\It_is_an_immense_honor_to_stand_before_you_today_as_a_special_guest.pdf
2025-04-28 14:33:45,325 - werkzeug - INFO - 127.0.0.1 - - [28/Apr/2025 14:33:45] "POST /upload HTTP/1.1" 200 -
2025-04-28 14:33:45,529 - __main__ - INFO - Successfully extracted 4456 characters with PyPDF2
2025-04-28 14:33:45,531 - __main__ - INFO - Using fallback summarization method
2025-04-28 14:33:45,549 - __main__ - WARNING - NLTK sentence tokenization failed: 
**********************************************************************
  Resource [93mpunkt_tab[0m not found.
  Please use the NLTK Downloader to obtain the resource:

  [31m>>> import nltk
  >>> nltk.download('punkt_tab')
  [0m
  For more information see: https://www.nltk.org/data.html

  Attempted to load [93mtokenizers/punkt_tab/english/[0m

  Searched in:
    - 'C:\\Users\\Dickson/nltk_data'
    - 'C:\\Program Files\\WindowsApps\\PythonSoftwareFoundation.Python.3.13_3.13.1008.0_x64__qbz5n2kfra8p0\\nltk_data'
    - 'C:\\Program Files\\WindowsApps\\PythonSoftwareFoundation.Python.3.13_3.13.1008.0_x64__qbz5n2kfra8p0\\share\\nltk_data'
    - 'C:\\Program Files\\WindowsApps\\PythonSoftwareFoundation.Python.3.13_3.13.1008.0_x64__qbz5n2kfra8p0\\lib\\nltk_data'
    - 'C:\\Users\\Dickson\\AppData\\Roaming\\nltk_data'
    - 'C:\\nltk_data'
    - 'D:\\nltk_data'
    - 'E:\\nltk_data'
**********************************************************************

2025-04-28 14:33:45,552 - __main__ - INFO - Regex tokenization found 36 sentences
2025-04-28 14:33:45,553 - __main__ - DEBUG - Split text into 36 sentences
2025-04-28 14:33:45,554 - __main__ - INFO - Text has fewer sentences than requested summary length, returning full text
2025-04-28 14:33:45,559 - __main__ - WARNING - NLTK sentence tokenization failed: 
**********************************************************************
  Resource [93mpunkt_tab[0m not found.
  Please use the NLTK Downloader to obtain the resource:

  [31m>>> import nltk
  >>> nltk.download('punkt_tab')
  [0m
  For more information see: https://www.nltk.org/data.html

  Attempted to load [93mtokenizers/punkt_tab/english/[0m

  Searched in:
    - 'C:\\Users\\Dickson/nltk_data'
    - 'C:\\Program Files\\WindowsApps\\PythonSoftwareFoundation.Python.3.13_3.13.1008.0_x64__qbz5n2kfra8p0\\nltk_data'
    - 'C:\\Program Files\\WindowsApps\\PythonSoftwareFoundation.Python.3.13_3.13.1008.0_x64__qbz5n2kfra8p0\\share\\nltk_data'
    - 'C:\\Program Files\\WindowsApps\\PythonSoftwareFoundation.Python.3.13_3.13.1008.0_x64__qbz5n2kfra8p0\\lib\\nltk_data'
    - 'C:\\Users\\Dickson\\AppData\\Roaming\\nltk_data'
    - 'C:\\nltk_data'
    - 'D:\\nltk_data'
    - 'E:\\nltk_data'
**********************************************************************

2025-04-28 14:33:45,561 - __main__ - INFO - Regex tokenization found 36 sentences
2025-04-28 14:33:45,563 - __main__ - DEBUG - Removed temporary file: uploads\It_is_an_immense_honor_to_stand_before_you_today_as_a_special_guest.pdf
2025-04-28 14:33:47,658 - werkzeug - INFO - 127.0.0.1 - - [28/Apr/2025 14:33:47] "GET /status/650af6cf9383f07ac9f84c424c0dbbb3 HTTP/1.1" 200 -
2025-04-28 14:37:15,354 - werkzeug - INFO - 127.0.0.1 - - [28/Apr/2025 14:37:15] "GET / HTTP/1.1" 200 -
2025-04-28 14:38:47,448 - __main__ - INFO - Received file upload request
2025-04-28 14:38:55,337 - __main__ - INFO - Processing file: 10487.pdf
2025-04-28 14:38:55,348 - __main__ - INFO - Processing progress: {'status': 'processing', 'progress': 10, 'message': 'Starting document extraction...'}
2025-04-28 14:38:55,349 - __main__ - INFO - Requested summary: 200 sentences, paragraph format, structured type, ML: True
2025-04-28 14:38:55,350 - __main__ - INFO - Starting asynchronous processing of uploads\10487.pdf
2025-04-28 14:38:55,351 - werkzeug - INFO - 127.0.0.1 - - [28/Apr/2025 14:38:55] "POST /upload HTTP/1.1" 200 -
2025-04-28 14:38:55,882 - __main__ - INFO - Successfully extracted 136097 characters with PyPDF2
2025-04-28 14:38:55,883 - __main__ - INFO - Using fallback summarization method
2025-04-28 14:38:55,887 - __main__ - WARNING - NLTK sentence tokenization failed: 
**********************************************************************
  Resource [93mpunkt_tab[0m not found.
  Please use the NLTK Downloader to obtain the resource:

  [31m>>> import nltk
  >>> nltk.download('punkt_tab')
  [0m
  For more information see: https://www.nltk.org/data.html

  Attempted to load [93mtokenizers/punkt_tab/english/[0m

  Searched in:
    - 'C:\\Users\\Dickson/nltk_data'
    - 'C:\\Program Files\\WindowsApps\\PythonSoftwareFoundation.Python.3.13_3.13.1008.0_x64__qbz5n2kfra8p0\\nltk_data'
    - 'C:\\Program Files\\WindowsApps\\PythonSoftwareFoundation.Python.3.13_3.13.1008.0_x64__qbz5n2kfra8p0\\share\\nltk_data'
    - 'C:\\Program Files\\WindowsApps\\PythonSoftwareFoundation.Python.3.13_3.13.1008.0_x64__qbz5n2kfra8p0\\lib\\nltk_data'
    - 'C:\\Users\\Dickson\\AppData\\Roaming\\nltk_data'
    - 'C:\\nltk_data'
    - 'D:\\nltk_data'
    - 'E:\\nltk_data'
**********************************************************************

2025-04-28 14:38:55,891 - __main__ - INFO - Regex tokenization found 596 sentences
2025-04-28 14:38:55,892 - __main__ - DEBUG - Split text into 596 sentences
2025-04-28 14:38:55,893 - __main__ - INFO - Generated fallback summary with 200 sentences
2025-04-28 14:38:55,897 - __main__ - WARNING - NLTK sentence tokenization failed: 
**********************************************************************
  Resource [93mpunkt_tab[0m not found.
  Please use the NLTK Downloader to obtain the resource:

  [31m>>> import nltk
  >>> nltk.download('punkt_tab')
  [0m
  For more information see: https://www.nltk.org/data.html

  Attempted to load [93mtokenizers/punkt_tab/english/[0m

  Searched in:
    - 'C:\\Users\\Dickson/nltk_data'
    - 'C:\\Program Files\\WindowsApps\\PythonSoftwareFoundation.Python.3.13_3.13.1008.0_x64__qbz5n2kfra8p0\\nltk_data'
    - 'C:\\Program Files\\WindowsApps\\PythonSoftwareFoundation.Python.3.13_3.13.1008.0_x64__qbz5n2kfra8p0\\share\\nltk_data'
    - 'C:\\Program Files\\WindowsApps\\PythonSoftwareFoundation.Python.3.13_3.13.1008.0_x64__qbz5n2kfra8p0\\lib\\nltk_data'
    - 'C:\\Users\\Dickson\\AppData\\Roaming\\nltk_data'
    - 'C:\\nltk_data'
    - 'D:\\nltk_data'
    - 'E:\\nltk_data'
**********************************************************************

2025-04-28 14:38:55,898 - __main__ - INFO - Regex tokenization found 200 sentences
2025-04-28 14:38:55,899 - __main__ - DEBUG - Removed temporary file: uploads\10487.pdf
2025-04-28 14:38:57,658 - werkzeug - INFO - 127.0.0.1 - - [28/Apr/2025 14:38:57] "GET /status/32f983d3cd37f2fd14131219a8c1eb34 HTTP/1.1" 200 -
2025-04-28 15:18:22,926 - werkzeug - INFO - 127.0.0.1 - - [28/Apr/2025 15:18:22] "GET / HTTP/1.1" 200 -
2025-04-28 15:18:41,481 - werkzeug - INFO - 127.0.0.1 - - [28/Apr/2025 15:18:41] "GET / HTTP/1.1" 200 -
2025-04-28 15:19:30,034 - __main__ - INFO - Received file upload request
2025-04-28 15:19:31,909 - __main__ - INFO - Processing file: Safari.pdf
2025-04-28 15:19:31,912 - __main__ - INFO - Processing progress: {'status': 'processing', 'progress': 10, 'message': 'Starting document extraction...'}
2025-04-28 15:19:31,913 - __main__ - INFO - Requested summary: 34 sentences, paragraph format, structured type, ML: True
2025-04-28 15:19:31,914 - __main__ - INFO - Starting asynchronous processing of uploads\Safari.pdf
2025-04-28 15:19:31,915 - werkzeug - INFO - 127.0.0.1 - - [28/Apr/2025 15:19:31] "POST /upload HTTP/1.1" 200 -
2025-04-28 15:19:31,942 - __main__ - INFO - Successfully extracted 1411 characters with PyPDF2
2025-04-28 15:19:31,943 - __main__ - INFO - Using fallback summarization method
2025-04-28 15:19:31,946 - __main__ - WARNING - NLTK sentence tokenization failed: 
**********************************************************************
  Resource [93mpunkt_tab[0m not found.
  Please use the NLTK Downloader to obtain the resource:

  [31m>>> import nltk
  >>> nltk.download('punkt_tab')
  [0m
  For more information see: https://www.nltk.org/data.html

  Attempted to load [93mtokenizers/punkt_tab/english/[0m

  Searched in:
    - 'C:\\Users\\Dickson/nltk_data'
    - 'C:\\Program Files\\WindowsApps\\PythonSoftwareFoundation.Python.3.13_3.13.1008.0_x64__qbz5n2kfra8p0\\nltk_data'
    - 'C:\\Program Files\\WindowsApps\\PythonSoftwareFoundation.Python.3.13_3.13.1008.0_x64__qbz5n2kfra8p0\\share\\nltk_data'
    - 'C:\\Program Files\\WindowsApps\\PythonSoftwareFoundation.Python.3.13_3.13.1008.0_x64__qbz5n2kfra8p0\\lib\\nltk_data'
    - 'C:\\Users\\Dickson\\AppData\\Roaming\\nltk_data'
    - 'C:\\nltk_data'
    - 'D:\\nltk_data'
    - 'E:\\nltk_data'
**********************************************************************

2025-04-28 15:19:31,947 - __main__ - INFO - Regex tokenization found 5 sentences
2025-04-28 15:19:31,947 - __main__ - DEBUG - Split text into 5 sentences
2025-04-28 15:19:31,948 - __main__ - INFO - Text has fewer sentences than requested summary length, returning full text
2025-04-28 15:19:31,951 - __main__ - WARNING - NLTK sentence tokenization failed: 
**********************************************************************
  Resource [93mpunkt_tab[0m not found.
  Please use the NLTK Downloader to obtain the resource:

  [31m>>> import nltk
  >>> nltk.download('punkt_tab')
  [0m
  For more information see: https://www.nltk.org/data.html

  Attempted to load [93mtokenizers/punkt_tab/english/[0m

  Searched in:
    - 'C:\\Users\\Dickson/nltk_data'
    - 'C:\\Program Files\\WindowsApps\\PythonSoftwareFoundation.Python.3.13_3.13.1008.0_x64__qbz5n2kfra8p0\\nltk_data'
    - 'C:\\Program Files\\WindowsApps\\PythonSoftwareFoundation.Python.3.13_3.13.1008.0_x64__qbz5n2kfra8p0\\share\\nltk_data'
    - 'C:\\Program Files\\WindowsApps\\PythonSoftwareFoundation.Python.3.13_3.13.1008.0_x64__qbz5n2kfra8p0\\lib\\nltk_data'
    - 'C:\\Users\\Dickson\\AppData\\Roaming\\nltk_data'
    - 'C:\\nltk_data'
    - 'D:\\nltk_data'
    - 'E:\\nltk_data'
**********************************************************************

2025-04-28 15:19:31,951 - __main__ - INFO - Regex tokenization found 5 sentences
2025-04-28 15:19:31,952 - __main__ - DEBUG - Removed temporary file: uploads\Safari.pdf
2025-04-28 15:19:34,236 - werkzeug - INFO - 127.0.0.1 - - [28/Apr/2025 15:19:34] "GET /status/4f18e2d612d445024720104120283ba2 HTTP/1.1" 200 -
2025-04-28 18:28:26,607 - werkzeug - INFO - 127.0.0.1 - - [28/Apr/2025 18:28:26] "GET / HTTP/1.1" 200 -
2025-04-28 18:29:02,410 - werkzeug - INFO - 127.0.0.1 - - [28/Apr/2025 18:29:02] "GET / HTTP/1.1" 200 -
2025-04-28 18:29:35,175 - werkzeug - INFO - 127.0.0.1 - - [28/Apr/2025 18:29:35] "GET / HTTP/1.1" 200 -
2025-04-28 18:30:08,521 - werkzeug - INFO - 127.0.0.1 - - [28/Apr/2025 18:30:08] "GET / HTTP/1.1" 200 -
2025-04-28 18:30:20,987 - __main__ - WARNING - NLTK preprocessing failed: 
**********************************************************************
  Resource [93mpunkt_tab[0m not found.
  Please use the NLTK Downloader to obtain the resource:

  [31m>>> import nltk
  >>> nltk.download('punkt_tab')
  [0m
  For more information see: https://www.nltk.org/data.html

  Attempted to load [93mtokenizers/punkt_tab/english/[0m

  Searched in:
    - 'C:\\Users\\Dickson/nltk_data'
    - 'C:\\Program Files\\WindowsApps\\PythonSoftwareFoundation.Python.3.13_3.13.1008.0_x64__qbz5n2kfra8p0\\nltk_data'
    - 'C:\\Program Files\\WindowsApps\\PythonSoftwareFoundation.Python.3.13_3.13.1008.0_x64__qbz5n2kfra8p0\\share\\nltk_data'
    - 'C:\\Program Files\\WindowsApps\\PythonSoftwareFoundation.Python.3.13_3.13.1008.0_x64__qbz5n2kfra8p0\\lib\\nltk_data'
    - 'C:\\Users\\Dickson\\AppData\\Roaming\\nltk_data'
    - 'C:\\nltk_data'
    - 'D:\\nltk_data'
    - 'E:\\nltk_data'
**********************************************************************

2025-04-28 18:30:21,009 - __main__ - WARNING - NLTK preprocessing failed: 
**********************************************************************
  Resource [93mpunkt_tab[0m not found.
  Please use the NLTK Downloader to obtain the resource:

  [31m>>> import nltk
  >>> nltk.download('punkt_tab')
  [0m
  For more information see: https://www.nltk.org/data.html

  Attempted to load [93mtokenizers/punkt_tab/english/[0m

  Searched in:
    - 'C:\\Users\\Dickson/nltk_data'
    - 'C:\\Program Files\\WindowsApps\\PythonSoftwareFoundation.Python.3.13_3.13.1008.0_x64__qbz5n2kfra8p0\\nltk_data'
    - 'C:\\Program Files\\WindowsApps\\PythonSoftwareFoundation.Python.3.13_3.13.1008.0_x64__qbz5n2kfra8p0\\share\\nltk_data'
    - 'C:\\Program Files\\WindowsApps\\PythonSoftwareFoundation.Python.3.13_3.13.1008.0_x64__qbz5n2kfra8p0\\lib\\nltk_data'
    - 'C:\\Users\\Dickson\\AppData\\Roaming\\nltk_data'
    - 'C:\\nltk_data'
    - 'D:\\nltk_data'
    - 'E:\\nltk_data'
**********************************************************************

2025-04-28 18:30:21,027 - __main__ - WARNING - NLTK preprocessing failed: 
**********************************************************************
  Resource [93mpunkt_tab[0m not found.
  Please use the NLTK Downloader to obtain the resource:

  [31m>>> import nltk
  >>> nltk.download('punkt_tab')
  [0m
  For more information see: https://www.nltk.org/data.html

  Attempted to load [93mtokenizers/punkt_tab/english/[0m

  Searched in:
    - 'C:\\Users\\Dickson/nltk_data'
    - 'C:\\Program Files\\WindowsApps\\PythonSoftwareFoundation.Python.3.13_3.13.1008.0_x64__qbz5n2kfra8p0\\nltk_data'
    - 'C:\\Program Files\\WindowsApps\\PythonSoftwareFoundation.Python.3.13_3.13.1008.0_x64__qbz5n2kfra8p0\\share\\nltk_data'
    - 'C:\\Program Files\\WindowsApps\\PythonSoftwareFoundation.Python.3.13_3.13.1008.0_x64__qbz5n2kfra8p0\\lib\\nltk_data'
    - 'C:\\Users\\Dickson\\AppData\\Roaming\\nltk_data'
    - 'C:\\nltk_data'
    - 'D:\\nltk_data'
    - 'E:\\nltk_data'
**********************************************************************

2025-04-28 18:30:21,042 - __main__ - WARNING - NLTK preprocessing failed: 
**********************************************************************
  Resource [93mpunkt_tab[0m not found.
  Please use the NLTK Downloader to obtain the resource:

  [31m>>> import nltk
  >>> nltk.download('punkt_tab')
  [0m
  For more information see: https://www.nltk.org/data.html

  Attempted to load [93mtokenizers/punkt_tab/english/[0m

  Searched in:
    - 'C:\\Users\\Dickson/nltk_data'
    - 'C:\\Program Files\\WindowsApps\\PythonSoftwareFoundation.Python.3.13_3.13.1008.0_x64__qbz5n2kfra8p0\\nltk_data'
    - 'C:\\Program Files\\WindowsApps\\PythonSoftwareFoundation.Python.3.13_3.13.1008.0_x64__qbz5n2kfra8p0\\share\\nltk_data'
    - 'C:\\Program Files\\WindowsApps\\PythonSoftwareFoundation.Python.3.13_3.13.1008.0_x64__qbz5n2kfra8p0\\lib\\nltk_data'
    - 'C:\\Users\\Dickson\\AppData\\Roaming\\nltk_data'
    - 'C:\\nltk_data'
    - 'D:\\nltk_data'
    - 'E:\\nltk_data'
**********************************************************************

2025-04-28 18:30:21,057 - __main__ - WARNING - NLTK preprocessing failed: 
**********************************************************************
  Resource [93mpunkt_tab[0m not found.
  Please use the NLTK Downloader to obtain the resource:

  [31m>>> import nltk
  >>> nltk.download('punkt_tab')
  [0m
  For more information see: https://www.nltk.org/data.html

  Attempted to load [93mtokenizers/punkt_tab/english/[0m

  Searched in:
    - 'C:\\Users\\Dickson/nltk_data'
    - 'C:\\Program Files\\WindowsApps\\PythonSoftwareFoundation.Python.3.13_3.13.1008.0_x64__qbz5n2kfra8p0\\nltk_data'
    - 'C:\\Program Files\\WindowsApps\\PythonSoftwareFoundation.Python.3.13_3.13.1008.0_x64__qbz5n2kfra8p0\\share\\nltk_data'
    - 'C:\\Program Files\\WindowsApps\\PythonSoftwareFoundation.Python.3.13_3.13.1008.0_x64__qbz5n2kfra8p0\\lib\\nltk_data'
    - 'C:\\Users\\Dickson\\AppData\\Roaming\\nltk_data'
    - 'C:\\nltk_data'
    - 'D:\\nltk_data'
    - 'E:\\nltk_data'
**********************************************************************

2025-04-28 18:30:21,074 - __main__ - WARNING - NLTK preprocessing failed: 
**********************************************************************
  Resource [93mpunkt_tab[0m not found.
  Please use the NLTK Downloader to obtain the resource:

  [31m>>> import nltk
  >>> nltk.download('punkt_tab')
  [0m
  For more information see: https://www.nltk.org/data.html

  Attempted to load [93mtokenizers/punkt_tab/english/[0m

  Searched in:
    - 'C:\\Users\\Dickson/nltk_data'
    - 'C:\\Program Files\\WindowsApps\\PythonSoftwareFoundation.Python.3.13_3.13.1008.0_x64__qbz5n2kfra8p0\\nltk_data'
    - 'C:\\Program Files\\WindowsApps\\PythonSoftwareFoundation.Python.3.13_3.13.1008.0_x64__qbz5n2kfra8p0\\share\\nltk_data'
    - 'C:\\Program Files\\WindowsApps\\PythonSoftwareFoundation.Python.3.13_3.13.1008.0_x64__qbz5n2kfra8p0\\lib\\nltk_data'
    - 'C:\\Users\\Dickson\\AppData\\Roaming\\nltk_data'
    - 'C:\\nltk_data'
    - 'D:\\nltk_data'
    - 'E:\\nltk_data'
**********************************************************************

2025-04-28 18:30:21,091 - __main__ - WARNING - NLTK preprocessing failed: 
**********************************************************************
  Resource [93mpunkt_tab[0m not found.
  Please use the NLTK Downloader to obtain the resource:

  [31m>>> import nltk
  >>> nltk.download('punkt_tab')
  [0m
  For more information see: https://www.nltk.org/data.html

  Attempted to load [93mtokenizers/punkt_tab/english/[0m

  Searched in:
    - 'C:\\Users\\Dickson/nltk_data'
    - 'C:\\Program Files\\WindowsApps\\PythonSoftwareFoundation.Python.3.13_3.13.1008.0_x64__qbz5n2kfra8p0\\nltk_data'
    - 'C:\\Program Files\\WindowsApps\\PythonSoftwareFoundation.Python.3.13_3.13.1008.0_x64__qbz5n2kfra8p0\\share\\nltk_data'
    - 'C:\\Program Files\\WindowsApps\\PythonSoftwareFoundation.Python.3.13_3.13.1008.0_x64__qbz5n2kfra8p0\\lib\\nltk_data'
    - 'C:\\Users\\Dickson\\AppData\\Roaming\\nltk_data'
    - 'C:\\nltk_data'
    - 'D:\\nltk_data'
    - 'E:\\nltk_data'
**********************************************************************

2025-04-28 18:30:21,107 - __main__ - WARNING - NLTK preprocessing failed: 
**********************************************************************
  Resource [93mpunkt_tab[0m not found.
  Please use the NLTK Downloader to obtain the resource:

  [31m>>> import nltk
  >>> nltk.download('punkt_tab')
  [0m
  For more information see: https://www.nltk.org/data.html

  Attempted to load [93mtokenizers/punkt_tab/english/[0m

  Searched in:
    - 'C:\\Users\\Dickson/nltk_data'
    - 'C:\\Program Files\\WindowsApps\\PythonSoftwareFoundation.Python.3.13_3.13.1008.0_x64__qbz5n2kfra8p0\\nltk_data'
    - 'C:\\Program Files\\WindowsApps\\PythonSoftwareFoundation.Python.3.13_3.13.1008.0_x64__qbz5n2kfra8p0\\share\\nltk_data'
    - 'C:\\Program Files\\WindowsApps\\PythonSoftwareFoundation.Python.3.13_3.13.1008.0_x64__qbz5n2kfra8p0\\lib\\nltk_data'
    - 'C:\\Users\\Dickson\\AppData\\Roaming\\nltk_data'
    - 'C:\\nltk_data'
    - 'D:\\nltk_data'
    - 'E:\\nltk_data'
**********************************************************************

2025-04-28 18:30:21,123 - __main__ - WARNING - NLTK preprocessing failed: 
**********************************************************************
  Resource [93mpunkt_tab[0m not found.
  Please use the NLTK Downloader to obtain the resource:

  [31m>>> import nltk
  >>> nltk.download('punkt_tab')
  [0m
  For more information see: https://www.nltk.org/data.html

  Attempted to load [93mtokenizers/punkt_tab/english/[0m

  Searched in:
    - 'C:\\Users\\Dickson/nltk_data'
    - 'C:\\Program Files\\WindowsApps\\PythonSoftwareFoundation.Python.3.13_3.13.1008.0_x64__qbz5n2kfra8p0\\nltk_data'
    - 'C:\\Program Files\\WindowsApps\\PythonSoftwareFoundation.Python.3.13_3.13.1008.0_x64__qbz5n2kfra8p0\\share\\nltk_data'
    - 'C:\\Program Files\\WindowsApps\\PythonSoftwareFoundation.Python.3.13_3.13.1008.0_x64__qbz5n2kfra8p0\\lib\\nltk_data'
    - 'C:\\Users\\Dickson\\AppData\\Roaming\\nltk_data'
    - 'C:\\nltk_data'
    - 'D:\\nltk_data'
    - 'E:\\nltk_data'
**********************************************************************

2025-04-28 18:30:21,137 - __main__ - WARNING - NLTK preprocessing failed: 
**********************************************************************
  Resource [93mpunkt_tab[0m not found.
  Please use the NLTK Downloader to obtain the resource:

  [31m>>> import nltk
  >>> nltk.download('punkt_tab')
  [0m
  For more information see: https://www.nltk.org/data.html

  Attempted to load [93mtokenizers/punkt_tab/english/[0m

  Searched in:
    - 'C:\\Users\\Dickson/nltk_data'
    - 'C:\\Program Files\\WindowsApps\\PythonSoftwareFoundation.Python.3.13_3.13.1008.0_x64__qbz5n2kfra8p0\\nltk_data'
    - 'C:\\Program Files\\WindowsApps\\PythonSoftwareFoundation.Python.3.13_3.13.1008.0_x64__qbz5n2kfra8p0\\share\\nltk_data'
    - 'C:\\Program Files\\WindowsApps\\PythonSoftwareFoundation.Python.3.13_3.13.1008.0_x64__qbz5n2kfra8p0\\lib\\nltk_data'
    - 'C:\\Users\\Dickson\\AppData\\Roaming\\nltk_data'
    - 'C:\\nltk_data'
    - 'D:\\nltk_data'
    - 'E:\\nltk_data'
**********************************************************************

2025-04-28 18:30:21,152 - __main__ - WARNING - NLTK preprocessing failed: 
**********************************************************************
  Resource [93mpunkt_tab[0m not found.
  Please use the NLTK Downloader to obtain the resource:

  [31m>>> import nltk
  >>> nltk.download('punkt_tab')
  [0m
  For more information see: https://www.nltk.org/data.html

  Attempted to load [93mtokenizers/punkt_tab/english/[0m

  Searched in:
    - 'C:\\Users\\Dickson/nltk_data'
    - 'C:\\Program Files\\WindowsApps\\PythonSoftwareFoundation.Python.3.13_3.13.1008.0_x64__qbz5n2kfra8p0\\nltk_data'
    - 'C:\\Program Files\\WindowsApps\\PythonSoftwareFoundation.Python.3.13_3.13.1008.0_x64__qbz5n2kfra8p0\\share\\nltk_data'
    - 'C:\\Program Files\\WindowsApps\\PythonSoftwareFoundation.Python.3.13_3.13.1008.0_x64__qbz5n2kfra8p0\\lib\\nltk_data'
    - 'C:\\Users\\Dickson\\AppData\\Roaming\\nltk_data'
    - 'C:\\nltk_data'
    - 'D:\\nltk_data'
    - 'E:\\nltk_data'
**********************************************************************

2025-04-28 18:30:21,166 - __main__ - WARNING - NLTK preprocessing failed: 
**********************************************************************
  Resource [93mpunkt_tab[0m not found.
  Please use the NLTK Downloader to obtain the resource:

  [31m>>> import nltk
  >>> nltk.download('punkt_tab')
  [0m
  For more information see: https://www.nltk.org/data.html

  Attempted to load [93mtokenizers/punkt_tab/english/[0m

  Searched in:
    - 'C:\\Users\\Dickson/nltk_data'
    - 'C:\\Program Files\\WindowsApps\\PythonSoftwareFoundation.Python.3.13_3.13.1008.0_x64__qbz5n2kfra8p0\\nltk_data'
    - 'C:\\Program Files\\WindowsApps\\PythonSoftwareFoundation.Python.3.13_3.13.1008.0_x64__qbz5n2kfra8p0\\share\\nltk_data'
    - 'C:\\Program Files\\WindowsApps\\PythonSoftwareFoundation.Python.3.13_3.13.1008.0_x64__qbz5n2kfra8p0\\lib\\nltk_data'
    - 'C:\\Users\\Dickson\\AppData\\Roaming\\nltk_data'
    - 'C:\\nltk_data'
    - 'D:\\nltk_data'
    - 'E:\\nltk_data'
**********************************************************************

2025-04-28 18:30:21,182 - __main__ - WARNING - NLTK preprocessing failed: 
**********************************************************************
  Resource [93mpunkt_tab[0m not found.
  Please use the NLTK Downloader to obtain the resource:

  [31m>>> import nltk
  >>> nltk.download('punkt_tab')
  [0m
  For more information see: https://www.nltk.org/data.html

  Attempted to load [93mtokenizers/punkt_tab/english/[0m

  Searched in:
    - 'C:\\Users\\Dickson/nltk_data'
    - 'C:\\Program Files\\WindowsApps\\PythonSoftwareFoundation.Python.3.13_3.13.1008.0_x64__qbz5n2kfra8p0\\nltk_data'
    - 'C:\\Program Files\\WindowsApps\\PythonSoftwareFoundation.Python.3.13_3.13.1008.0_x64__qbz5n2kfra8p0\\share\\nltk_data'
    - 'C:\\Program Files\\WindowsApps\\PythonSoftwareFoundation.Python.3.13_3.13.1008.0_x64__qbz5n2kfra8p0\\lib\\nltk_data'
    - 'C:\\Users\\Dickson\\AppData\\Roaming\\nltk_data'
    - 'C:\\nltk_data'
    - 'D:\\nltk_data'
    - 'E:\\nltk_data'
**********************************************************************

2025-04-28 18:30:21,197 - __main__ - WARNING - NLTK preprocessing failed: 
**********************************************************************
  Resource [93mpunkt_tab[0m not found.
  Please use the NLTK Downloader to obtain the resource:

  [31m>>> import nltk
  >>> nltk.download('punkt_tab')
  [0m
  For more information see: https://www.nltk.org/data.html

  Attempted to load [93mtokenizers/punkt_tab/english/[0m

  Searched in:
    - 'C:\\Users\\Dickson/nltk_data'
    - 'C:\\Program Files\\WindowsApps\\PythonSoftwareFoundation.Python.3.13_3.13.1008.0_x64__qbz5n2kfra8p0\\nltk_data'
    - 'C:\\Program Files\\WindowsApps\\PythonSoftwareFoundation.Python.3.13_3.13.1008.0_x64__qbz5n2kfra8p0\\share\\nltk_data'
    - 'C:\\Program Files\\WindowsApps\\PythonSoftwareFoundation.Python.3.13_3.13.1008.0_x64__qbz5n2kfra8p0\\lib\\nltk_data'
    - 'C:\\Users\\Dickson\\AppData\\Roaming\\nltk_data'
    - 'C:\\nltk_data'
    - 'D:\\nltk_data'
    - 'E:\\nltk_data'
**********************************************************************

2025-04-28 18:30:21,212 - __main__ - WARNING - NLTK preprocessing failed: 
**********************************************************************
  Resource [93mpunkt_tab[0m not found.
  Please use the NLTK Downloader to obtain the resource:

  [31m>>> import nltk
  >>> nltk.download('punkt_tab')
  [0m
  For more information see: https://www.nltk.org/data.html

  Attempted to load [93mtokenizers/punkt_tab/english/[0m

  Searched in:
    - 'C:\\Users\\Dickson/nltk_data'
    - 'C:\\Program Files\\WindowsApps\\PythonSoftwareFoundation.Python.3.13_3.13.1008.0_x64__qbz5n2kfra8p0\\nltk_data'
    - 'C:\\Program Files\\WindowsApps\\PythonSoftwareFoundation.Python.3.13_3.13.1008.0_x64__qbz5n2kfra8p0\\share\\nltk_data'
    - 'C:\\Program Files\\WindowsApps\\PythonSoftwareFoundation.Python.3.13_3.13.1008.0_x64__qbz5n2kfra8p0\\lib\\nltk_data'
    - 'C:\\Users\\Dickson\\AppData\\Roaming\\nltk_data'
    - 'C:\\nltk_data'
    - 'D:\\nltk_data'
    - 'E:\\nltk_data'
**********************************************************************

2025-04-28 18:30:21,227 - __main__ - WARNING - NLTK preprocessing failed: 
**********************************************************************
  Resource [93mpunkt_tab[0m not found.
  Please use the NLTK Downloader to obtain the resource:

  [31m>>> import nltk
  >>> nltk.download('punkt_tab')
  [0m
  For more information see: https://www.nltk.org/data.html

  Attempted to load [93mtokenizers/punkt_tab/english/[0m

  Searched in:
    - 'C:\\Users\\Dickson/nltk_data'
    - 'C:\\Program Files\\WindowsApps\\PythonSoftwareFoundation.Python.3.13_3.13.1008.0_x64__qbz5n2kfra8p0\\nltk_data'
    - 'C:\\Program Files\\WindowsApps\\PythonSoftwareFoundation.Python.3.13_3.13.1008.0_x64__qbz5n2kfra8p0\\share\\nltk_data'
    - 'C:\\Program Files\\WindowsApps\\PythonSoftwareFoundation.Python.3.13_3.13.1008.0_x64__qbz5n2kfra8p0\\lib\\nltk_data'
    - 'C:\\Users\\Dickson\\AppData\\Roaming\\nltk_data'
    - 'C:\\nltk_data'
    - 'D:\\nltk_data'
    - 'E:\\nltk_data'
**********************************************************************

2025-04-28 18:30:21,243 - __main__ - WARNING - NLTK preprocessing failed: 
**********************************************************************
  Resource [93mpunkt_tab[0m not found.
  Please use the NLTK Downloader to obtain the resource:

  [31m>>> import nltk
  >>> nltk.download('punkt_tab')
  [0m
  For more information see: https://www.nltk.org/data.html

  Attempted to load [93mtokenizers/punkt_tab/english/[0m

  Searched in:
    - 'C:\\Users\\Dickson/nltk_data'
    - 'C:\\Program Files\\WindowsApps\\PythonSoftwareFoundation.Python.3.13_3.13.1008.0_x64__qbz5n2kfra8p0\\nltk_data'
    - 'C:\\Program Files\\WindowsApps\\PythonSoftwareFoundation.Python.3.13_3.13.1008.0_x64__qbz5n2kfra8p0\\share\\nltk_data'
    - 'C:\\Program Files\\WindowsApps\\PythonSoftwareFoundation.Python.3.13_3.13.1008.0_x64__qbz5n2kfra8p0\\lib\\nltk_data'
    - 'C:\\Users\\Dickson\\AppData\\Roaming\\nltk_data'
    - 'C:\\nltk_data'
    - 'D:\\nltk_data'
    - 'E:\\nltk_data'
**********************************************************************

2025-04-28 18:30:21,258 - __main__ - WARNING - NLTK preprocessing failed: 
**********************************************************************
  Resource [93mpunkt_tab[0m not found.
  Please use the NLTK Downloader to obtain the resource:

  [31m>>> import nltk
  >>> nltk.download('punkt_tab')
  [0m
  For more information see: https://www.nltk.org/data.html

  Attempted to load [93mtokenizers/punkt_tab/english/[0m

  Searched in:
    - 'C:\\Users\\Dickson/nltk_data'
    - 'C:\\Program Files\\WindowsApps\\PythonSoftwareFoundation.Python.3.13_3.13.1008.0_x64__qbz5n2kfra8p0\\nltk_data'
    - 'C:\\Program Files\\WindowsApps\\PythonSoftwareFoundation.Python.3.13_3.13.1008.0_x64__qbz5n2kfra8p0\\share\\nltk_data'
    - 'C:\\Program Files\\WindowsApps\\PythonSoftwareFoundation.Python.3.13_3.13.1008.0_x64__qbz5n2kfra8p0\\lib\\nltk_data'
    - 'C:\\Users\\Dickson\\AppData\\Roaming\\nltk_data'
    - 'C:\\nltk_data'
    - 'D:\\nltk_data'
    - 'E:\\nltk_data'
**********************************************************************

2025-04-28 18:30:21,273 - __main__ - WARNING - NLTK preprocessing failed: 
**********************************************************************
  Resource [93mpunkt_tab[0m not found.
  Please use the NLTK Downloader to obtain the resource:

  [31m>>> import nltk
  >>> nltk.download('punkt_tab')
  [0m
  For more information see: https://www.nltk.org/data.html

  Attempted to load [93mtokenizers/punkt_tab/english/[0m

  Searched in:
    - 'C:\\Users\\Dickson/nltk_data'
    - 'C:\\Program Files\\WindowsApps\\PythonSoftwareFoundation.Python.3.13_3.13.1008.0_x64__qbz5n2kfra8p0\\nltk_data'
    - 'C:\\Program Files\\WindowsApps\\PythonSoftwareFoundation.Python.3.13_3.13.1008.0_x64__qbz5n2kfra8p0\\share\\nltk_data'
    - 'C:\\Program Files\\WindowsApps\\PythonSoftwareFoundation.Python.3.13_3.13.1008.0_x64__qbz5n2kfra8p0\\lib\\nltk_data'
    - 'C:\\Users\\Dickson\\AppData\\Roaming\\nltk_data'
    - 'C:\\nltk_data'
    - 'D:\\nltk_data'
    - 'E:\\nltk_data'
**********************************************************************

2025-04-28 18:30:21,289 - __main__ - WARNING - NLTK preprocessing failed: 
**********************************************************************
  Resource [93mpunkt_tab[0m not found.
  Please use the NLTK Downloader to obtain the resource:

  [31m>>> import nltk
  >>> nltk.download('punkt_tab')
  [0m
  For more information see: https://www.nltk.org/data.html

  Attempted to load [93mtokenizers/punkt_tab/english/[0m

  Searched in:
    - 'C:\\Users\\Dickson/nltk_data'
    - 'C:\\Program Files\\WindowsApps\\PythonSoftwareFoundation.Python.3.13_3.13.1008.0_x64__qbz5n2kfra8p0\\nltk_data'
    - 'C:\\Program Files\\WindowsApps\\PythonSoftwareFoundation.Python.3.13_3.13.1008.0_x64__qbz5n2kfra8p0\\share\\nltk_data'
    - 'C:\\Program Files\\WindowsApps\\PythonSoftwareFoundation.Python.3.13_3.13.1008.0_x64__qbz5n2kfra8p0\\lib\\nltk_data'
    - 'C:\\Users\\Dickson\\AppData\\Roaming\\nltk_data'
    - 'C:\\nltk_data'
    - 'D:\\nltk_data'
    - 'E:\\nltk_data'
**********************************************************************

2025-04-28 18:30:21,307 - __main__ - WARNING - NLTK preprocessing failed: 
**********************************************************************
  Resource [93mpunkt_tab[0m not found.
  Please use the NLTK Downloader to obtain the resource:

  [31m>>> import nltk
  >>> nltk.download('punkt_tab')
  [0m
  For more information see: https://www.nltk.org/data.html

  Attempted to load [93mtokenizers/punkt_tab/english/[0m

  Searched in:
    - 'C:\\Users\\Dickson/nltk_data'
    - 'C:\\Program Files\\WindowsApps\\PythonSoftwareFoundation.Python.3.13_3.13.1008.0_x64__qbz5n2kfra8p0\\nltk_data'
    - 'C:\\Program Files\\WindowsApps\\PythonSoftwareFoundation.Python.3.13_3.13.1008.0_x64__qbz5n2kfra8p0\\share\\nltk_data'
    - 'C:\\Program Files\\WindowsApps\\PythonSoftwareFoundation.Python.3.13_3.13.1008.0_x64__qbz5n2kfra8p0\\lib\\nltk_data'
    - 'C:\\Users\\Dickson\\AppData\\Roaming\\nltk_data'
    - 'C:\\nltk_data'
    - 'D:\\nltk_data'
    - 'E:\\nltk_data'
**********************************************************************

2025-04-28 18:30:21,322 - __main__ - WARNING - NLTK preprocessing failed: 
**********************************************************************
  Resource [93mpunkt_tab[0m not found.
  Please use the NLTK Downloader to obtain the resource:

  [31m>>> import nltk
  >>> nltk.download('punkt_tab')
  [0m
  For more information see: https://www.nltk.org/data.html

  Attempted to load [93mtokenizers/punkt_tab/english/[0m

  Searched in:
    - 'C:\\Users\\Dickson/nltk_data'
    - 'C:\\Program Files\\WindowsApps\\PythonSoftwareFoundation.Python.3.13_3.13.1008.0_x64__qbz5n2kfra8p0\\nltk_data'
    - 'C:\\Program Files\\WindowsApps\\PythonSoftwareFoundation.Python.3.13_3.13.1008.0_x64__qbz5n2kfra8p0\\share\\nltk_data'
    - 'C:\\Program Files\\WindowsApps\\PythonSoftwareFoundation.Python.3.13_3.13.1008.0_x64__qbz5n2kfra8p0\\lib\\nltk_data'
    - 'C:\\Users\\Dickson\\AppData\\Roaming\\nltk_data'
    - 'C:\\nltk_data'
    - 'D:\\nltk_data'
    - 'E:\\nltk_data'
**********************************************************************

2025-04-28 18:30:21,340 - __main__ - WARNING - NLTK preprocessing failed: 
**********************************************************************
  Resource [93mpunkt_tab[0m not found.
  Please use the NLTK Downloader to obtain the resource:

  [31m>>> import nltk
  >>> nltk.download('punkt_tab')
  [0m
  For more information see: https://www.nltk.org/data.html

  Attempted to load [93mtokenizers/punkt_tab/english/[0m

  Searched in:
    - 'C:\\Users\\Dickson/nltk_data'
    - 'C:\\Program Files\\WindowsApps\\PythonSoftwareFoundation.Python.3.13_3.13.1008.0_x64__qbz5n2kfra8p0\\nltk_data'
    - 'C:\\Program Files\\WindowsApps\\PythonSoftwareFoundation.Python.3.13_3.13.1008.0_x64__qbz5n2kfra8p0\\share\\nltk_data'
    - 'C:\\Program Files\\WindowsApps\\PythonSoftwareFoundation.Python.3.13_3.13.1008.0_x64__qbz5n2kfra8p0\\lib\\nltk_data'
    - 'C:\\Users\\Dickson\\AppData\\Roaming\\nltk_data'
    - 'C:\\nltk_data'
    - 'D:\\nltk_data'
    - 'E:\\nltk_data'
**********************************************************************

2025-04-28 18:30:21,355 - __main__ - WARNING - NLTK preprocessing failed: 
**********************************************************************
  Resource [93mpunkt_tab[0m not found.
  Please use the NLTK Downloader to obtain the resource:

  [31m>>> import nltk
  >>> nltk.download('punkt_tab')
  [0m
  For more information see: https://www.nltk.org/data.html

  Attempted to load [93mtokenizers/punkt_tab/english/[0m

  Searched in:
    - 'C:\\Users\\Dickson/nltk_data'
    - 'C:\\Program Files\\WindowsApps\\PythonSoftwareFoundation.Python.3.13_3.13.1008.0_x64__qbz5n2kfra8p0\\nltk_data'
    - 'C:\\Program Files\\WindowsApps\\PythonSoftwareFoundation.Python.3.13_3.13.1008.0_x64__qbz5n2kfra8p0\\share\\nltk_data'
    - 'C:\\Program Files\\WindowsApps\\PythonSoftwareFoundation.Python.3.13_3.13.1008.0_x64__qbz5n2kfra8p0\\lib\\nltk_data'
    - 'C:\\Users\\Dickson\\AppData\\Roaming\\nltk_data'
    - 'C:\\nltk_data'
    - 'D:\\nltk_data'
    - 'E:\\nltk_data'
**********************************************************************

2025-04-28 18:30:21,369 - __main__ - WARNING - NLTK preprocessing failed: 
**********************************************************************
  Resource [93mpunkt_tab[0m not found.
  Please use the NLTK Downloader to obtain the resource:

  [31m>>> import nltk
  >>> nltk.download('punkt_tab')
  [0m
  For more information see: https://www.nltk.org/data.html

  Attempted to load [93mtokenizers/punkt_tab/english/[0m

  Searched in:
    - 'C:\\Users\\Dickson/nltk_data'
    - 'C:\\Program Files\\WindowsApps\\PythonSoftwareFoundation.Python.3.13_3.13.1008.0_x64__qbz5n2kfra8p0\\nltk_data'
    - 'C:\\Program Files\\WindowsApps\\PythonSoftwareFoundation.Python.3.13_3.13.1008.0_x64__qbz5n2kfra8p0\\share\\nltk_data'
    - 'C:\\Program Files\\WindowsApps\\PythonSoftwareFoundation.Python.3.13_3.13.1008.0_x64__qbz5n2kfra8p0\\lib\\nltk_data'
    - 'C:\\Users\\Dickson\\AppData\\Roaming\\nltk_data'
    - 'C:\\nltk_data'
    - 'D:\\nltk_data'
    - 'E:\\nltk_data'
**********************************************************************

2025-04-28 18:30:21,387 - __main__ - WARNING - NLTK preprocessing failed: 
**********************************************************************
  Resource [93mpunkt_tab[0m not found.
  Please use the NLTK Downloader to obtain the resource:

  [31m>>> import nltk
  >>> nltk.download('punkt_tab')
  [0m
  For more information see: https://www.nltk.org/data.html

  Attempted to load [93mtokenizers/punkt_tab/english/[0m

  Searched in:
    - 'C:\\Users\\Dickson/nltk_data'
    - 'C:\\Program Files\\WindowsApps\\PythonSoftwareFoundation.Python.3.13_3.13.1008.0_x64__qbz5n2kfra8p0\\nltk_data'
    - 'C:\\Program Files\\WindowsApps\\PythonSoftwareFoundation.Python.3.13_3.13.1008.0_x64__qbz5n2kfra8p0\\share\\nltk_data'
    - 'C:\\Program Files\\WindowsApps\\PythonSoftwareFoundation.Python.3.13_3.13.1008.0_x64__qbz5n2kfra8p0\\lib\\nltk_data'
    - 'C:\\Users\\Dickson\\AppData\\Roaming\\nltk_data'
    - 'C:\\nltk_data'
    - 'D:\\nltk_data'
    - 'E:\\nltk_data'
**********************************************************************

2025-04-28 18:30:21,402 - __main__ - WARNING - NLTK preprocessing failed: 
**********************************************************************
  Resource [93mpunkt_tab[0m not found.
  Please use the NLTK Downloader to obtain the resource:

  [31m>>> import nltk
  >>> nltk.download('punkt_tab')
  [0m
  For more information see: https://www.nltk.org/data.html

  Attempted to load [93mtokenizers/punkt_tab/english/[0m

  Searched in:
    - 'C:\\Users\\Dickson/nltk_data'
    - 'C:\\Program Files\\WindowsApps\\PythonSoftwareFoundation.Python.3.13_3.13.1008.0_x64__qbz5n2kfra8p0\\nltk_data'
    - 'C:\\Program Files\\WindowsApps\\PythonSoftwareFoundation.Python.3.13_3.13.1008.0_x64__qbz5n2kfra8p0\\share\\nltk_data'
    - 'C:\\Program Files\\WindowsApps\\PythonSoftwareFoundation.Python.3.13_3.13.1008.0_x64__qbz5n2kfra8p0\\lib\\nltk_data'
    - 'C:\\Users\\Dickson\\AppData\\Roaming\\nltk_data'
    - 'C:\\nltk_data'
    - 'D:\\nltk_data'
    - 'E:\\nltk_data'
**********************************************************************

2025-04-28 18:30:21,417 - __main__ - WARNING - NLTK preprocessing failed: 
**********************************************************************
  Resource [93mpunkt_tab[0m not found.
  Please use the NLTK Downloader to obtain the resource:

  [31m>>> import nltk
  >>> nltk.download('punkt_tab')
  [0m
  For more information see: https://www.nltk.org/data.html

  Attempted to load [93mtokenizers/punkt_tab/english/[0m

  Searched in:
    - 'C:\\Users\\Dickson/nltk_data'
    - 'C:\\Program Files\\WindowsApps\\PythonSoftwareFoundation.Python.3.13_3.13.1008.0_x64__qbz5n2kfra8p0\\nltk_data'
    - 'C:\\Program Files\\WindowsApps\\PythonSoftwareFoundation.Python.3.13_3.13.1008.0_x64__qbz5n2kfra8p0\\share\\nltk_data'
    - 'C:\\Program Files\\WindowsApps\\PythonSoftwareFoundation.Python.3.13_3.13.1008.0_x64__qbz5n2kfra8p0\\lib\\nltk_data'
    - 'C:\\Users\\Dickson\\AppData\\Roaming\\nltk_data'
    - 'C:\\nltk_data'
    - 'D:\\nltk_data'
    - 'E:\\nltk_data'
**********************************************************************

2025-04-28 18:30:21,432 - __main__ - WARNING - NLTK preprocessing failed: 
**********************************************************************
  Resource [93mpunkt_tab[0m not found.
  Please use the NLTK Downloader to obtain the resource:

  [31m>>> import nltk
  >>> nltk.download('punkt_tab')
  [0m
  For more information see: https://www.nltk.org/data.html

  Attempted to load [93mtokenizers/punkt_tab/english/[0m

  Searched in:
    - 'C:\\Users\\Dickson/nltk_data'
    - 'C:\\Program Files\\WindowsApps\\PythonSoftwareFoundation.Python.3.13_3.13.1008.0_x64__qbz5n2kfra8p0\\nltk_data'
    - 'C:\\Program Files\\WindowsApps\\PythonSoftwareFoundation.Python.3.13_3.13.1008.0_x64__qbz5n2kfra8p0\\share\\nltk_data'
    - 'C:\\Program Files\\WindowsApps\\PythonSoftwareFoundation.Python.3.13_3.13.1008.0_x64__qbz5n2kfra8p0\\lib\\nltk_data'
    - 'C:\\Users\\Dickson\\AppData\\Roaming\\nltk_data'
    - 'C:\\nltk_data'
    - 'D:\\nltk_data'
    - 'E:\\nltk_data'
**********************************************************************

2025-04-28 18:30:21,447 - __main__ - WARNING - NLTK preprocessing failed: 
**********************************************************************
  Resource [93mpunkt_tab[0m not found.
  Please use the NLTK Downloader to obtain the resource:

  [31m>>> import nltk
  >>> nltk.download('punkt_tab')
  [0m
  For more information see: https://www.nltk.org/data.html

  Attempted to load [93mtokenizers/punkt_tab/english/[0m

  Searched in:
    - 'C:\\Users\\Dickson/nltk_data'
    - 'C:\\Program Files\\WindowsApps\\PythonSoftwareFoundation.Python.3.13_3.13.1008.0_x64__qbz5n2kfra8p0\\nltk_data'
    - 'C:\\Program Files\\WindowsApps\\PythonSoftwareFoundation.Python.3.13_3.13.1008.0_x64__qbz5n2kfra8p0\\share\\nltk_data'
    - 'C:\\Program Files\\WindowsApps\\PythonSoftwareFoundation.Python.3.13_3.13.1008.0_x64__qbz5n2kfra8p0\\lib\\nltk_data'
    - 'C:\\Users\\Dickson\\AppData\\Roaming\\nltk_data'
    - 'C:\\nltk_data'
    - 'D:\\nltk_data'
    - 'E:\\nltk_data'
**********************************************************************

2025-04-28 18:30:21,463 - __main__ - WARNING - NLTK preprocessing failed: 
**********************************************************************
  Resource [93mpunkt_tab[0m not found.
  Please use the NLTK Downloader to obtain the resource:

  [31m>>> import nltk
  >>> nltk.download('punkt_tab')
  [0m
  For more information see: https://www.nltk.org/data.html

  Attempted to load [93mtokenizers/punkt_tab/english/[0m

  Searched in:
    - 'C:\\Users\\Dickson/nltk_data'
    - 'C:\\Program Files\\WindowsApps\\PythonSoftwareFoundation.Python.3.13_3.13.1008.0_x64__qbz5n2kfra8p0\\nltk_data'
    - 'C:\\Program Files\\WindowsApps\\PythonSoftwareFoundation.Python.3.13_3.13.1008.0_x64__qbz5n2kfra8p0\\share\\nltk_data'
    - 'C:\\Program Files\\WindowsApps\\PythonSoftwareFoundation.Python.3.13_3.13.1008.0_x64__qbz5n2kfra8p0\\lib\\nltk_data'
    - 'C:\\Users\\Dickson\\AppData\\Roaming\\nltk_data'
    - 'C:\\nltk_data'
    - 'D:\\nltk_data'
    - 'E:\\nltk_data'
**********************************************************************

2025-04-28 18:30:21,485 - __main__ - WARNING - NLTK preprocessing failed: 
**********************************************************************
  Resource [93mpunkt_tab[0m not found.
  Please use the NLTK Downloader to obtain the resource:

  [31m>>> import nltk
  >>> nltk.download('punkt_tab')
  [0m
  For more information see: https://www.nltk.org/data.html

  Attempted to load [93mtokenizers/punkt_tab/english/[0m

  Searched in:
    - 'C:\\Users\\Dickson/nltk_data'
    - 'C:\\Program Files\\WindowsApps\\PythonSoftwareFoundation.Python.3.13_3.13.1008.0_x64__qbz5n2kfra8p0\\nltk_data'
    - 'C:\\Program Files\\WindowsApps\\PythonSoftwareFoundation.Python.3.13_3.13.1008.0_x64__qbz5n2kfra8p0\\share\\nltk_data'
    - 'C:\\Program Files\\WindowsApps\\PythonSoftwareFoundation.Python.3.13_3.13.1008.0_x64__qbz5n2kfra8p0\\lib\\nltk_data'
    - 'C:\\Users\\Dickson\\AppData\\Roaming\\nltk_data'
    - 'C:\\nltk_data'
    - 'D:\\nltk_data'
    - 'E:\\nltk_data'
**********************************************************************

2025-04-28 18:30:21,505 - __main__ - WARNING - NLTK preprocessing failed: 
**********************************************************************
  Resource [93mpunkt_tab[0m not found.
  Please use the NLTK Downloader to obtain the resource:

  [31m>>> import nltk
  >>> nltk.download('punkt_tab')
  [0m
  For more information see: https://www.nltk.org/data.html

  Attempted to load [93mtokenizers/punkt_tab/english/[0m

  Searched in:
    - 'C:\\Users\\Dickson/nltk_data'
    - 'C:\\Program Files\\WindowsApps\\PythonSoftwareFoundation.Python.3.13_3.13.1008.0_x64__qbz5n2kfra8p0\\nltk_data'
    - 'C:\\Program Files\\WindowsApps\\PythonSoftwareFoundation.Python.3.13_3.13.1008.0_x64__qbz5n2kfra8p0\\share\\nltk_data'
    - 'C:\\Program Files\\WindowsApps\\PythonSoftwareFoundation.Python.3.13_3.13.1008.0_x64__qbz5n2kfra8p0\\lib\\nltk_data'
    - 'C:\\Users\\Dickson\\AppData\\Roaming\\nltk_data'
    - 'C:\\nltk_data'
    - 'D:\\nltk_data'
    - 'E:\\nltk_data'
**********************************************************************

2025-04-28 18:30:21,526 - __main__ - WARNING - NLTK preprocessing failed: 
**********************************************************************
  Resource [93mpunkt_tab[0m not found.
  Please use the NLTK Downloader to obtain the resource:

  [31m>>> import nltk
  >>> nltk.download('punkt_tab')
  [0m
  For more information see: https://www.nltk.org/data.html

  Attempted to load [93mtokenizers/punkt_tab/english/[0m

  Searched in:
    - 'C:\\Users\\Dickson/nltk_data'
    - 'C:\\Program Files\\WindowsApps\\PythonSoftwareFoundation.Python.3.13_3.13.1008.0_x64__qbz5n2kfra8p0\\nltk_data'
    - 'C:\\Program Files\\WindowsApps\\PythonSoftwareFoundation.Python.3.13_3.13.1008.0_x64__qbz5n2kfra8p0\\share\\nltk_data'
    - 'C:\\Program Files\\WindowsApps\\PythonSoftwareFoundation.Python.3.13_3.13.1008.0_x64__qbz5n2kfra8p0\\lib\\nltk_data'
    - 'C:\\Users\\Dickson\\AppData\\Roaming\\nltk_data'
    - 'C:\\nltk_data'
    - 'D:\\nltk_data'
    - 'E:\\nltk_data'
**********************************************************************

2025-04-28 18:30:21,549 - __main__ - WARNING - NLTK preprocessing failed: 
**********************************************************************
  Resource [93mpunkt_tab[0m not found.
  Please use the NLTK Downloader to obtain the resource:

  [31m>>> import nltk
  >>> nltk.download('punkt_tab')
  [0m
  For more information see: https://www.nltk.org/data.html

  Attempted to load [93mtokenizers/punkt_tab/english/[0m

  Searched in:
    - 'C:\\Users\\Dickson/nltk_data'
    - 'C:\\Program Files\\WindowsApps\\PythonSoftwareFoundation.Python.3.13_3.13.1008.0_x64__qbz5n2kfra8p0\\nltk_data'
    - 'C:\\Program Files\\WindowsApps\\PythonSoftwareFoundation.Python.3.13_3.13.1008.0_x64__qbz5n2kfra8p0\\share\\nltk_data'
    - 'C:\\Program Files\\WindowsApps\\PythonSoftwareFoundation.Python.3.13_3.13.1008.0_x64__qbz5n2kfra8p0\\lib\\nltk_data'
    - 'C:\\Users\\Dickson\\AppData\\Roaming\\nltk_data'
    - 'C:\\nltk_data'
    - 'D:\\nltk_data'
    - 'E:\\nltk_data'
**********************************************************************

2025-04-28 18:30:21,572 - __main__ - WARNING - NLTK preprocessing failed: 
**********************************************************************
  Resource [93mpunkt_tab[0m not found.
  Please use the NLTK Downloader to obtain the resource:

  [31m>>> import nltk
  >>> nltk.download('punkt_tab')
  [0m
  For more information see: https://www.nltk.org/data.html

  Attempted to load [93mtokenizers/punkt_tab/english/[0m

  Searched in:
    - 'C:\\Users\\Dickson/nltk_data'
    - 'C:\\Program Files\\WindowsApps\\PythonSoftwareFoundation.Python.3.13_3.13.1008.0_x64__qbz5n2kfra8p0\\nltk_data'
    - 'C:\\Program Files\\WindowsApps\\PythonSoftwareFoundation.Python.3.13_3.13.1008.0_x64__qbz5n2kfra8p0\\share\\nltk_data'
    - 'C:\\Program Files\\WindowsApps\\PythonSoftwareFoundation.Python.3.13_3.13.1008.0_x64__qbz5n2kfra8p0\\lib\\nltk_data'
    - 'C:\\Users\\Dickson\\AppData\\Roaming\\nltk_data'
    - 'C:\\nltk_data'
    - 'D:\\nltk_data'
    - 'E:\\nltk_data'
**********************************************************************

2025-04-28 18:30:21,592 - __main__ - WARNING - NLTK preprocessing failed: 
**********************************************************************
  Resource [93mpunkt_tab[0m not found.
  Please use the NLTK Downloader to obtain the resource:

  [31m>>> import nltk
  >>> nltk.download('punkt_tab')
  [0m
  For more information see: https://www.nltk.org/data.html

  Attempted to load [93mtokenizers/punkt_tab/english/[0m

  Searched in:
    - 'C:\\Users\\Dickson/nltk_data'
    - 'C:\\Program Files\\WindowsApps\\PythonSoftwareFoundation.Python.3.13_3.13.1008.0_x64__qbz5n2kfra8p0\\nltk_data'
    - 'C:\\Program Files\\WindowsApps\\PythonSoftwareFoundation.Python.3.13_3.13.1008.0_x64__qbz5n2kfra8p0\\share\\nltk_data'
    - 'C:\\Program Files\\WindowsApps\\PythonSoftwareFoundation.Python.3.13_3.13.1008.0_x64__qbz5n2kfra8p0\\lib\\nltk_data'
    - 'C:\\Users\\Dickson\\AppData\\Roaming\\nltk_data'
    - 'C:\\nltk_data'
    - 'D:\\nltk_data'
    - 'E:\\nltk_data'
**********************************************************************

2025-04-28 18:30:21,614 - __main__ - WARNING - NLTK preprocessing failed: 
**********************************************************************
  Resource [93mpunkt_tab[0m not found.
  Please use the NLTK Downloader to obtain the resource:

  [31m>>> import nltk
  >>> nltk.download('punkt_tab')
  [0m
  For more information see: https://www.nltk.org/data.html

  Attempted to load [93mtokenizers/punkt_tab/english/[0m

  Searched in:
    - 'C:\\Users\\Dickson/nltk_data'
    - 'C:\\Program Files\\WindowsApps\\PythonSoftwareFoundation.Python.3.13_3.13.1008.0_x64__qbz5n2kfra8p0\\nltk_data'
    - 'C:\\Program Files\\WindowsApps\\PythonSoftwareFoundation.Python.3.13_3.13.1008.0_x64__qbz5n2kfra8p0\\share\\nltk_data'
    - 'C:\\Program Files\\WindowsApps\\PythonSoftwareFoundation.Python.3.13_3.13.1008.0_x64__qbz5n2kfra8p0\\lib\\nltk_data'
    - 'C:\\Users\\Dickson\\AppData\\Roaming\\nltk_data'
    - 'C:\\nltk_data'
    - 'D:\\nltk_data'
    - 'E:\\nltk_data'
**********************************************************************

2025-04-28 18:30:21,636 - __main__ - WARNING - NLTK preprocessing failed: 
**********************************************************************
  Resource [93mpunkt_tab[0m not found.
  Please use the NLTK Downloader to obtain the resource:

  [31m>>> import nltk
  >>> nltk.download('punkt_tab')
  [0m
  For more information see: https://www.nltk.org/data.html

  Attempted to load [93mtokenizers/punkt_tab/english/[0m

  Searched in:
    - 'C:\\Users\\Dickson/nltk_data'
    - 'C:\\Program Files\\WindowsApps\\PythonSoftwareFoundation.Python.3.13_3.13.1008.0_x64__qbz5n2kfra8p0\\nltk_data'
    - 'C:\\Program Files\\WindowsApps\\PythonSoftwareFoundation.Python.3.13_3.13.1008.0_x64__qbz5n2kfra8p0\\share\\nltk_data'
    - 'C:\\Program Files\\WindowsApps\\PythonSoftwareFoundation.Python.3.13_3.13.1008.0_x64__qbz5n2kfra8p0\\lib\\nltk_data'
    - 'C:\\Users\\Dickson\\AppData\\Roaming\\nltk_data'
    - 'C:\\nltk_data'
    - 'D:\\nltk_data'
    - 'E:\\nltk_data'
**********************************************************************

2025-04-28 18:30:21,652 - __main__ - WARNING - NLTK preprocessing failed: 
**********************************************************************
  Resource [93mpunkt_tab[0m not found.
  Please use the NLTK Downloader to obtain the resource:

  [31m>>> import nltk
  >>> nltk.download('punkt_tab')
  [0m
  For more information see: https://www.nltk.org/data.html

  Attempted to load [93mtokenizers/punkt_tab/english/[0m

  Searched in:
    - 'C:\\Users\\Dickson/nltk_data'
    - 'C:\\Program Files\\WindowsApps\\PythonSoftwareFoundation.Python.3.13_3.13.1008.0_x64__qbz5n2kfra8p0\\nltk_data'
    - 'C:\\Program Files\\WindowsApps\\PythonSoftwareFoundation.Python.3.13_3.13.1008.0_x64__qbz5n2kfra8p0\\share\\nltk_data'
    - 'C:\\Program Files\\WindowsApps\\PythonSoftwareFoundation.Python.3.13_3.13.1008.0_x64__qbz5n2kfra8p0\\lib\\nltk_data'
    - 'C:\\Users\\Dickson\\AppData\\Roaming\\nltk_data'
    - 'C:\\nltk_data'
    - 'D:\\nltk_data'
    - 'E:\\nltk_data'
**********************************************************************

2025-04-28 18:30:21,666 - __main__ - WARNING - NLTK preprocessing failed: 
**********************************************************************
  Resource [93mpunkt_tab[0m not found.
  Please use the NLTK Downloader to obtain the resource:

  [31m>>> import nltk
  >>> nltk.download('punkt_tab')
  [0m
  For more information see: https://www.nltk.org/data.html

  Attempted to load [93mtokenizers/punkt_tab/english/[0m

  Searched in:
    - 'C:\\Users\\Dickson/nltk_data'
    - 'C:\\Program Files\\WindowsApps\\PythonSoftwareFoundation.Python.3.13_3.13.1008.0_x64__qbz5n2kfra8p0\\nltk_data'
    - 'C:\\Program Files\\WindowsApps\\PythonSoftwareFoundation.Python.3.13_3.13.1008.0_x64__qbz5n2kfra8p0\\share\\nltk_data'
    - 'C:\\Program Files\\WindowsApps\\PythonSoftwareFoundation.Python.3.13_3.13.1008.0_x64__qbz5n2kfra8p0\\lib\\nltk_data'
    - 'C:\\Users\\Dickson\\AppData\\Roaming\\nltk_data'
    - 'C:\\nltk_data'
    - 'D:\\nltk_data'
    - 'E:\\nltk_data'
**********************************************************************

2025-04-28 18:30:21,677 - __main__ - WARNING - NLTK preprocessing failed: 
**********************************************************************
  Resource [93mpunkt_tab[0m not found.
  Please use the NLTK Downloader to obtain the resource:

  [31m>>> import nltk
  >>> nltk.download('punkt_tab')
  [0m
  For more information see: https://www.nltk.org/data.html

  Attempted to load [93mtokenizers/punkt_tab/english/[0m

  Searched in:
    - 'C:\\Users\\Dickson/nltk_data'
    - 'C:\\Program Files\\WindowsApps\\PythonSoftwareFoundation.Python.3.13_3.13.1008.0_x64__qbz5n2kfra8p0\\nltk_data'
    - 'C:\\Program Files\\WindowsApps\\PythonSoftwareFoundation.Python.3.13_3.13.1008.0_x64__qbz5n2kfra8p0\\share\\nltk_data'
    - 'C:\\Program Files\\WindowsApps\\PythonSoftwareFoundation.Python.3.13_3.13.1008.0_x64__qbz5n2kfra8p0\\lib\\nltk_data'
    - 'C:\\Users\\Dickson\\AppData\\Roaming\\nltk_data'
    - 'C:\\nltk_data'
    - 'D:\\nltk_data'
    - 'E:\\nltk_data'
**********************************************************************

2025-04-28 18:30:21,691 - __main__ - WARNING - NLTK preprocessing failed: 
**********************************************************************
  Resource [93mpunkt_tab[0m not found.
  Please use the NLTK Downloader to obtain the resource:

  [31m>>> import nltk
  >>> nltk.download('punkt_tab')
  [0m
  For more information see: https://www.nltk.org/data.html

  Attempted to load [93mtokenizers/punkt_tab/english/[0m

  Searched in:
    - 'C:\\Users\\Dickson/nltk_data'
    - 'C:\\Program Files\\WindowsApps\\PythonSoftwareFoundation.Python.3.13_3.13.1008.0_x64__qbz5n2kfra8p0\\nltk_data'
    - 'C:\\Program Files\\WindowsApps\\PythonSoftwareFoundation.Python.3.13_3.13.1008.0_x64__qbz5n2kfra8p0\\share\\nltk_data'
    - 'C:\\Program Files\\WindowsApps\\PythonSoftwareFoundation.Python.3.13_3.13.1008.0_x64__qbz5n2kfra8p0\\lib\\nltk_data'
    - 'C:\\Users\\Dickson\\AppData\\Roaming\\nltk_data'
    - 'C:\\nltk_data'
    - 'D:\\nltk_data'
    - 'E:\\nltk_data'
**********************************************************************

2025-04-28 18:30:21,702 - __main__ - WARNING - NLTK preprocessing failed: 
**********************************************************************
  Resource [93mpunkt_tab[0m not found.
  Please use the NLTK Downloader to obtain the resource:

  [31m>>> import nltk
  >>> nltk.download('punkt_tab')
  [0m
  For more information see: https://www.nltk.org/data.html

  Attempted to load [93mtokenizers/punkt_tab/english/[0m

  Searched in:
    - 'C:\\Users\\Dickson/nltk_data'
    - 'C:\\Program Files\\WindowsApps\\PythonSoftwareFoundation.Python.3.13_3.13.1008.0_x64__qbz5n2kfra8p0\\nltk_data'
    - 'C:\\Program Files\\WindowsApps\\PythonSoftwareFoundation.Python.3.13_3.13.1008.0_x64__qbz5n2kfra8p0\\share\\nltk_data'
    - 'C:\\Program Files\\WindowsApps\\PythonSoftwareFoundation.Python.3.13_3.13.1008.0_x64__qbz5n2kfra8p0\\lib\\nltk_data'
    - 'C:\\Users\\Dickson\\AppData\\Roaming\\nltk_data'
    - 'C:\\nltk_data'
    - 'D:\\nltk_data'
    - 'E:\\nltk_data'
**********************************************************************

2025-04-28 18:30:21,714 - __main__ - WARNING - NLTK preprocessing failed: 
**********************************************************************
  Resource [93mpunkt_tab[0m not found.
  Please use the NLTK Downloader to obtain the resource:

  [31m>>> import nltk
  >>> nltk.download('punkt_tab')
  [0m
  For more information see: https://www.nltk.org/data.html

  Attempted to load [93mtokenizers/punkt_tab/english/[0m

  Searched in:
    - 'C:\\Users\\Dickson/nltk_data'
    - 'C:\\Program Files\\WindowsApps\\PythonSoftwareFoundation.Python.3.13_3.13.1008.0_x64__qbz5n2kfra8p0\\nltk_data'
    - 'C:\\Program Files\\WindowsApps\\PythonSoftwareFoundation.Python.3.13_3.13.1008.0_x64__qbz5n2kfra8p0\\share\\nltk_data'
    - 'C:\\Program Files\\WindowsApps\\PythonSoftwareFoundation.Python.3.13_3.13.1008.0_x64__qbz5n2kfra8p0\\lib\\nltk_data'
    - 'C:\\Users\\Dickson\\AppData\\Roaming\\nltk_data'
    - 'C:\\nltk_data'
    - 'D:\\nltk_data'
    - 'E:\\nltk_data'
**********************************************************************

2025-04-28 18:30:21,725 - __main__ - WARNING - NLTK preprocessing failed: 
**********************************************************************
  Resource [93mpunkt_tab[0m not found.
  Please use the NLTK Downloader to obtain the resource:

  [31m>>> import nltk
  >>> nltk.download('punkt_tab')
  [0m
  For more information see: https://www.nltk.org/data.html

  Attempted to load [93mtokenizers/punkt_tab/english/[0m

  Searched in:
    - 'C:\\Users\\Dickson/nltk_data'
    - 'C:\\Program Files\\WindowsApps\\PythonSoftwareFoundation.Python.3.13_3.13.1008.0_x64__qbz5n2kfra8p0\\nltk_data'
    - 'C:\\Program Files\\WindowsApps\\PythonSoftwareFoundation.Python.3.13_3.13.1008.0_x64__qbz5n2kfra8p0\\share\\nltk_data'
    - 'C:\\Program Files\\WindowsApps\\PythonSoftwareFoundation.Python.3.13_3.13.1008.0_x64__qbz5n2kfra8p0\\lib\\nltk_data'
    - 'C:\\Users\\Dickson\\AppData\\Roaming\\nltk_data'
    - 'C:\\nltk_data'
    - 'D:\\nltk_data'
    - 'E:\\nltk_data'
**********************************************************************

2025-04-28 18:30:21,736 - __main__ - WARNING - NLTK preprocessing failed: 
**********************************************************************
  Resource [93mpunkt_tab[0m not found.
  Please use the NLTK Downloader to obtain the resource:

  [31m>>> import nltk
  >>> nltk.download('punkt_tab')
  [0m
  For more information see: https://www.nltk.org/data.html

  Attempted to load [93mtokenizers/punkt_tab/english/[0m

  Searched in:
    - 'C:\\Users\\Dickson/nltk_data'
    - 'C:\\Program Files\\WindowsApps\\PythonSoftwareFoundation.Python.3.13_3.13.1008.0_x64__qbz5n2kfra8p0\\nltk_data'
    - 'C:\\Program Files\\WindowsApps\\PythonSoftwareFoundation.Python.3.13_3.13.1008.0_x64__qbz5n2kfra8p0\\share\\nltk_data'
    - 'C:\\Program Files\\WindowsApps\\PythonSoftwareFoundation.Python.3.13_3.13.1008.0_x64__qbz5n2kfra8p0\\lib\\nltk_data'
    - 'C:\\Users\\Dickson\\AppData\\Roaming\\nltk_data'
    - 'C:\\nltk_data'
    - 'D:\\nltk_data'
    - 'E:\\nltk_data'
**********************************************************************

2025-04-28 18:30:21,747 - __main__ - WARNING - NLTK preprocessing failed: 
**********************************************************************
  Resource [93mpunkt_tab[0m not found.
  Please use the NLTK Downloader to obtain the resource:

  [31m>>> import nltk
  >>> nltk.download('punkt_tab')
  [0m
  For more information see: https://www.nltk.org/data.html

  Attempted to load [93mtokenizers/punkt_tab/english/[0m

  Searched in:
    - 'C:\\Users\\Dickson/nltk_data'
    - 'C:\\Program Files\\WindowsApps\\PythonSoftwareFoundation.Python.3.13_3.13.1008.0_x64__qbz5n2kfra8p0\\nltk_data'
    - 'C:\\Program Files\\WindowsApps\\PythonSoftwareFoundation.Python.3.13_3.13.1008.0_x64__qbz5n2kfra8p0\\share\\nltk_data'
    - 'C:\\Program Files\\WindowsApps\\PythonSoftwareFoundation.Python.3.13_3.13.1008.0_x64__qbz5n2kfra8p0\\lib\\nltk_data'
    - 'C:\\Users\\Dickson\\AppData\\Roaming\\nltk_data'
    - 'C:\\nltk_data'
    - 'D:\\nltk_data'
    - 'E:\\nltk_data'
**********************************************************************

2025-04-28 18:30:21,761 - __main__ - WARNING - NLTK preprocessing failed: 
**********************************************************************
  Resource [93mpunkt_tab[0m not found.
  Please use the NLTK Downloader to obtain the resource:

  [31m>>> import nltk
  >>> nltk.download('punkt_tab')
  [0m
  For more information see: https://www.nltk.org/data.html

  Attempted to load [93mtokenizers/punkt_tab/english/[0m

  Searched in:
    - 'C:\\Users\\Dickson/nltk_data'
    - 'C:\\Program Files\\WindowsApps\\PythonSoftwareFoundation.Python.3.13_3.13.1008.0_x64__qbz5n2kfra8p0\\nltk_data'
    - 'C:\\Program Files\\WindowsApps\\PythonSoftwareFoundation.Python.3.13_3.13.1008.0_x64__qbz5n2kfra8p0\\share\\nltk_data'
    - 'C:\\Program Files\\WindowsApps\\PythonSoftwareFoundation.Python.3.13_3.13.1008.0_x64__qbz5n2kfra8p0\\lib\\nltk_data'
    - 'C:\\Users\\Dickson\\AppData\\Roaming\\nltk_data'
    - 'C:\\nltk_data'
    - 'D:\\nltk_data'
    - 'E:\\nltk_data'
**********************************************************************

2025-04-28 18:30:21,773 - __main__ - WARNING - NLTK preprocessing failed: 
**********************************************************************
  Resource [93mpunkt_tab[0m not found.
  Please use the NLTK Downloader to obtain the resource:

  [31m>>> import nltk
  >>> nltk.download('punkt_tab')
  [0m
  For more information see: https://www.nltk.org/data.html

  Attempted to load [93mtokenizers/punkt_tab/english/[0m

  Searched in:
    - 'C:\\Users\\Dickson/nltk_data'
    - 'C:\\Program Files\\WindowsApps\\PythonSoftwareFoundation.Python.3.13_3.13.1008.0_x64__qbz5n2kfra8p0\\nltk_data'
    - 'C:\\Program Files\\WindowsApps\\PythonSoftwareFoundation.Python.3.13_3.13.1008.0_x64__qbz5n2kfra8p0\\share\\nltk_data'
    - 'C:\\Program Files\\WindowsApps\\PythonSoftwareFoundation.Python.3.13_3.13.1008.0_x64__qbz5n2kfra8p0\\lib\\nltk_data'
    - 'C:\\Users\\Dickson\\AppData\\Roaming\\nltk_data'
    - 'C:\\nltk_data'
    - 'D:\\nltk_data'
    - 'E:\\nltk_data'
**********************************************************************

2025-04-28 18:30:21,783 - __main__ - WARNING - NLTK preprocessing failed: 
**********************************************************************
  Resource [93mpunkt_tab[0m not found.
  Please use the NLTK Downloader to obtain the resource:

  [31m>>> import nltk
  >>> nltk.download('punkt_tab')
  [0m
  For more information see: https://www.nltk.org/data.html

  Attempted to load [93mtokenizers/punkt_tab/english/[0m

  Searched in:
    - 'C:\\Users\\Dickson/nltk_data'
    - 'C:\\Program Files\\WindowsApps\\PythonSoftwareFoundation.Python.3.13_3.13.1008.0_x64__qbz5n2kfra8p0\\nltk_data'
    - 'C:\\Program Files\\WindowsApps\\PythonSoftwareFoundation.Python.3.13_3.13.1008.0_x64__qbz5n2kfra8p0\\share\\nltk_data'
    - 'C:\\Program Files\\WindowsApps\\PythonSoftwareFoundation.Python.3.13_3.13.1008.0_x64__qbz5n2kfra8p0\\lib\\nltk_data'
    - 'C:\\Users\\Dickson\\AppData\\Roaming\\nltk_data'
    - 'C:\\nltk_data'
    - 'D:\\nltk_data'
    - 'E:\\nltk_data'
**********************************************************************

2025-04-28 18:30:21,794 - __main__ - WARNING - NLTK preprocessing failed: 
**********************************************************************
  Resource [93mpunkt_tab[0m not found.
  Please use the NLTK Downloader to obtain the resource:

  [31m>>> import nltk
  >>> nltk.download('punkt_tab')
  [0m
  For more information see: https://www.nltk.org/data.html

  Attempted to load [93mtokenizers/punkt_tab/english/[0m

  Searched in:
    - 'C:\\Users\\Dickson/nltk_data'
    - 'C:\\Program Files\\WindowsApps\\PythonSoftwareFoundation.Python.3.13_3.13.1008.0_x64__qbz5n2kfra8p0\\nltk_data'
    - 'C:\\Program Files\\WindowsApps\\PythonSoftwareFoundation.Python.3.13_3.13.1008.0_x64__qbz5n2kfra8p0\\share\\nltk_data'
    - 'C:\\Program Files\\WindowsApps\\PythonSoftwareFoundation.Python.3.13_3.13.1008.0_x64__qbz5n2kfra8p0\\lib\\nltk_data'
    - 'C:\\Users\\Dickson\\AppData\\Roaming\\nltk_data'
    - 'C:\\nltk_data'
    - 'D:\\nltk_data'
    - 'E:\\nltk_data'
**********************************************************************

2025-04-28 18:30:21,807 - __main__ - WARNING - NLTK preprocessing failed: 
**********************************************************************
  Resource [93mpunkt_tab[0m not found.
  Please use the NLTK Downloader to obtain the resource:

  [31m>>> import nltk
  >>> nltk.download('punkt_tab')
  [0m
  For more information see: https://www.nltk.org/data.html

  Attempted to load [93mtokenizers/punkt_tab/english/[0m

  Searched in:
    - 'C:\\Users\\Dickson/nltk_data'
    - 'C:\\Program Files\\WindowsApps\\PythonSoftwareFoundation.Python.3.13_3.13.1008.0_x64__qbz5n2kfra8p0\\nltk_data'
    - 'C:\\Program Files\\WindowsApps\\PythonSoftwareFoundation.Python.3.13_3.13.1008.0_x64__qbz5n2kfra8p0\\share\\nltk_data'
    - 'C:\\Program Files\\WindowsApps\\PythonSoftwareFoundation.Python.3.13_3.13.1008.0_x64__qbz5n2kfra8p0\\lib\\nltk_data'
    - 'C:\\Users\\Dickson\\AppData\\Roaming\\nltk_data'
    - 'C:\\nltk_data'
    - 'D:\\nltk_data'
    - 'E:\\nltk_data'
**********************************************************************

2025-04-28 18:30:21,818 - __main__ - WARNING - NLTK preprocessing failed: 
**********************************************************************
  Resource [93mpunkt_tab[0m not found.
  Please use the NLTK Downloader to obtain the resource:

  [31m>>> import nltk
  >>> nltk.download('punkt_tab')
  [0m
  For more information see: https://www.nltk.org/data.html

  Attempted to load [93mtokenizers/punkt_tab/english/[0m

  Searched in:
    - 'C:\\Users\\Dickson/nltk_data'
    - 'C:\\Program Files\\WindowsApps\\PythonSoftwareFoundation.Python.3.13_3.13.1008.0_x64__qbz5n2kfra8p0\\nltk_data'
    - 'C:\\Program Files\\WindowsApps\\PythonSoftwareFoundation.Python.3.13_3.13.1008.0_x64__qbz5n2kfra8p0\\share\\nltk_data'
    - 'C:\\Program Files\\WindowsApps\\PythonSoftwareFoundation.Python.3.13_3.13.1008.0_x64__qbz5n2kfra8p0\\lib\\nltk_data'
    - 'C:\\Users\\Dickson\\AppData\\Roaming\\nltk_data'
    - 'C:\\nltk_data'
    - 'D:\\nltk_data'
    - 'E:\\nltk_data'
**********************************************************************

2025-04-28 18:30:21,829 - __main__ - WARNING - NLTK preprocessing failed: 
**********************************************************************
  Resource [93mpunkt_tab[0m not found.
  Please use the NLTK Downloader to obtain the resource:

  [31m>>> import nltk
  >>> nltk.download('punkt_tab')
  [0m
  For more information see: https://www.nltk.org/data.html

  Attempted to load [93mtokenizers/punkt_tab/english/[0m

  Searched in:
    - 'C:\\Users\\Dickson/nltk_data'
    - 'C:\\Program Files\\WindowsApps\\PythonSoftwareFoundation.Python.3.13_3.13.1008.0_x64__qbz5n2kfra8p0\\nltk_data'
    - 'C:\\Program Files\\WindowsApps\\PythonSoftwareFoundation.Python.3.13_3.13.1008.0_x64__qbz5n2kfra8p0\\share\\nltk_data'
    - 'C:\\Program Files\\WindowsApps\\PythonSoftwareFoundation.Python.3.13_3.13.1008.0_x64__qbz5n2kfra8p0\\lib\\nltk_data'
    - 'C:\\Users\\Dickson\\AppData\\Roaming\\nltk_data'
    - 'C:\\nltk_data'
    - 'D:\\nltk_data'
    - 'E:\\nltk_data'
**********************************************************************

2025-04-28 18:30:21,842 - __main__ - WARNING - NLTK preprocessing failed: 
**********************************************************************
  Resource [93mpunkt_tab[0m not found.
  Please use the NLTK Downloader to obtain the resource:

  [31m>>> import nltk
  >>> nltk.download('punkt_tab')
  [0m
  For more information see: https://www.nltk.org/data.html

  Attempted to load [93mtokenizers/punkt_tab/english/[0m

  Searched in:
    - 'C:\\Users\\Dickson/nltk_data'
    - 'C:\\Program Files\\WindowsApps\\PythonSoftwareFoundation.Python.3.13_3.13.1008.0_x64__qbz5n2kfra8p0\\nltk_data'
    - 'C:\\Program Files\\WindowsApps\\PythonSoftwareFoundation.Python.3.13_3.13.1008.0_x64__qbz5n2kfra8p0\\share\\nltk_data'
    - 'C:\\Program Files\\WindowsApps\\PythonSoftwareFoundation.Python.3.13_3.13.1008.0_x64__qbz5n2kfra8p0\\lib\\nltk_data'
    - 'C:\\Users\\Dickson\\AppData\\Roaming\\nltk_data'
    - 'C:\\nltk_data'
    - 'D:\\nltk_data'
    - 'E:\\nltk_data'
**********************************************************************

2025-04-28 18:30:21,854 - __main__ - WARNING - NLTK preprocessing failed: 
**********************************************************************
  Resource [93mpunkt_tab[0m not found.
  Please use the NLTK Downloader to obtain the resource:

  [31m>>> import nltk
  >>> nltk.download('punkt_tab')
  [0m
  For more information see: https://www.nltk.org/data.html

  Attempted to load [93mtokenizers/punkt_tab/english/[0m

  Searched in:
    - 'C:\\Users\\Dickson/nltk_data'
    - 'C:\\Program Files\\WindowsApps\\PythonSoftwareFoundation.Python.3.13_3.13.1008.0_x64__qbz5n2kfra8p0\\nltk_data'
    - 'C:\\Program Files\\WindowsApps\\PythonSoftwareFoundation.Python.3.13_3.13.1008.0_x64__qbz5n2kfra8p0\\share\\nltk_data'
    - 'C:\\Program Files\\WindowsApps\\PythonSoftwareFoundation.Python.3.13_3.13.1008.0_x64__qbz5n2kfra8p0\\lib\\nltk_data'
    - 'C:\\Users\\Dickson\\AppData\\Roaming\\nltk_data'
    - 'C:\\nltk_data'
    - 'D:\\nltk_data'
    - 'E:\\nltk_data'
**********************************************************************

2025-04-28 18:30:21,865 - __main__ - WARNING - NLTK preprocessing failed: 
**********************************************************************
  Resource [93mpunkt_tab[0m not found.
  Please use the NLTK Downloader to obtain the resource:

  [31m>>> import nltk
  >>> nltk.download('punkt_tab')
  [0m
  For more information see: https://www.nltk.org/data.html

  Attempted to load [93mtokenizers/punkt_tab/english/[0m

  Searched in:
    - 'C:\\Users\\Dickson/nltk_data'
    - 'C:\\Program Files\\WindowsApps\\PythonSoftwareFoundation.Python.3.13_3.13.1008.0_x64__qbz5n2kfra8p0\\nltk_data'
    - 'C:\\Program Files\\WindowsApps\\PythonSoftwareFoundation.Python.3.13_3.13.1008.0_x64__qbz5n2kfra8p0\\share\\nltk_data'
    - 'C:\\Program Files\\WindowsApps\\PythonSoftwareFoundation.Python.3.13_3.13.1008.0_x64__qbz5n2kfra8p0\\lib\\nltk_data'
    - 'C:\\Users\\Dickson\\AppData\\Roaming\\nltk_data'
    - 'C:\\nltk_data'
    - 'D:\\nltk_data'
    - 'E:\\nltk_data'
**********************************************************************

2025-04-28 18:30:21,878 - __main__ - WARNING - NLTK preprocessing failed: 
**********************************************************************
  Resource [93mpunkt_tab[0m not found.
  Please use the NLTK Downloader to obtain the resource:

  [31m>>> import nltk
  >>> nltk.download('punkt_tab')
  [0m
  For more information see: https://www.nltk.org/data.html

  Attempted to load [93mtokenizers/punkt_tab/english/[0m

  Searched in:
    - 'C:\\Users\\Dickson/nltk_data'
    - 'C:\\Program Files\\WindowsApps\\PythonSoftwareFoundation.Python.3.13_3.13.1008.0_x64__qbz5n2kfra8p0\\nltk_data'
    - 'C:\\Program Files\\WindowsApps\\PythonSoftwareFoundation.Python.3.13_3.13.1008.0_x64__qbz5n2kfra8p0\\share\\nltk_data'
    - 'C:\\Program Files\\WindowsApps\\PythonSoftwareFoundation.Python.3.13_3.13.1008.0_x64__qbz5n2kfra8p0\\lib\\nltk_data'
    - 'C:\\Users\\Dickson\\AppData\\Roaming\\nltk_data'
    - 'C:\\nltk_data'
    - 'D:\\nltk_data'
    - 'E:\\nltk_data'
**********************************************************************

2025-04-28 18:30:21,896 - __main__ - WARNING - NLTK preprocessing failed: 
**********************************************************************
  Resource [93mpunkt_tab[0m not found.
  Please use the NLTK Downloader to obtain the resource:

  [31m>>> import nltk
  >>> nltk.download('punkt_tab')
  [0m
  For more information see: https://www.nltk.org/data.html

  Attempted to load [93mtokenizers/punkt_tab/english/[0m

  Searched in:
    - 'C:\\Users\\Dickson/nltk_data'
    - 'C:\\Program Files\\WindowsApps\\PythonSoftwareFoundation.Python.3.13_3.13.1008.0_x64__qbz5n2kfra8p0\\nltk_data'
    - 'C:\\Program Files\\WindowsApps\\PythonSoftwareFoundation.Python.3.13_3.13.1008.0_x64__qbz5n2kfra8p0\\share\\nltk_data'
    - 'C:\\Program Files\\WindowsApps\\PythonSoftwareFoundation.Python.3.13_3.13.1008.0_x64__qbz5n2kfra8p0\\lib\\nltk_data'
    - 'C:\\Users\\Dickson\\AppData\\Roaming\\nltk_data'
    - 'C:\\nltk_data'
    - 'D:\\nltk_data'
    - 'E:\\nltk_data'
**********************************************************************

2025-04-28 18:30:21,905 - __main__ - WARNING - NLTK preprocessing failed: 
**********************************************************************
  Resource [93mpunkt_tab[0m not found.
  Please use the NLTK Downloader to obtain the resource:

  [31m>>> import nltk
  >>> nltk.download('punkt_tab')
  [0m
  For more information see: https://www.nltk.org/data.html

  Attempted to load [93mtokenizers/punkt_tab/english/[0m

  Searched in:
    - 'C:\\Users\\Dickson/nltk_data'
    - 'C:\\Program Files\\WindowsApps\\PythonSoftwareFoundation.Python.3.13_3.13.1008.0_x64__qbz5n2kfra8p0\\nltk_data'
    - 'C:\\Program Files\\WindowsApps\\PythonSoftwareFoundation.Python.3.13_3.13.1008.0_x64__qbz5n2kfra8p0\\share\\nltk_data'
    - 'C:\\Program Files\\WindowsApps\\PythonSoftwareFoundation.Python.3.13_3.13.1008.0_x64__qbz5n2kfra8p0\\lib\\nltk_data'
    - 'C:\\Users\\Dickson\\AppData\\Roaming\\nltk_data'
    - 'C:\\nltk_data'
    - 'D:\\nltk_data'
    - 'E:\\nltk_data'
**********************************************************************

2025-04-28 18:30:21,913 - __main__ - WARNING - NLTK preprocessing failed: 
**********************************************************************
  Resource [93mpunkt_tab[0m not found.
  Please use the NLTK Downloader to obtain the resource:

  [31m>>> import nltk
  >>> nltk.download('punkt_tab')
  [0m
  For more information see: https://www.nltk.org/data.html

  Attempted to load [93mtokenizers/punkt_tab/english/[0m

  Searched in:
    - 'C:\\Users\\Dickson/nltk_data'
    - 'C:\\Program Files\\WindowsApps\\PythonSoftwareFoundation.Python.3.13_3.13.1008.0_x64__qbz5n2kfra8p0\\nltk_data'
    - 'C:\\Program Files\\WindowsApps\\PythonSoftwareFoundation.Python.3.13_3.13.1008.0_x64__qbz5n2kfra8p0\\share\\nltk_data'
    - 'C:\\Program Files\\WindowsApps\\PythonSoftwareFoundation.Python.3.13_3.13.1008.0_x64__qbz5n2kfra8p0\\lib\\nltk_data'
    - 'C:\\Users\\Dickson\\AppData\\Roaming\\nltk_data'
    - 'C:\\nltk_data'
    - 'D:\\nltk_data'
    - 'E:\\nltk_data'
**********************************************************************

2025-04-28 18:30:21,923 - __main__ - WARNING - NLTK preprocessing failed: 
**********************************************************************
  Resource [93mpunkt_tab[0m not found.
  Please use the NLTK Downloader to obtain the resource:

  [31m>>> import nltk
  >>> nltk.download('punkt_tab')
  [0m
  For more information see: https://www.nltk.org/data.html

  Attempted to load [93mtokenizers/punkt_tab/english/[0m

  Searched in:
    - 'C:\\Users\\Dickson/nltk_data'
    - 'C:\\Program Files\\WindowsApps\\PythonSoftwareFoundation.Python.3.13_3.13.1008.0_x64__qbz5n2kfra8p0\\nltk_data'
    - 'C:\\Program Files\\WindowsApps\\PythonSoftwareFoundation.Python.3.13_3.13.1008.0_x64__qbz5n2kfra8p0\\share\\nltk_data'
    - 'C:\\Program Files\\WindowsApps\\PythonSoftwareFoundation.Python.3.13_3.13.1008.0_x64__qbz5n2kfra8p0\\lib\\nltk_data'
    - 'C:\\Users\\Dickson\\AppData\\Roaming\\nltk_data'
    - 'C:\\nltk_data'
    - 'D:\\nltk_data'
    - 'E:\\nltk_data'
**********************************************************************

2025-04-28 18:30:21,933 - __main__ - WARNING - NLTK preprocessing failed: 
**********************************************************************
  Resource [93mpunkt_tab[0m not found.
  Please use the NLTK Downloader to obtain the resource:

  [31m>>> import nltk
  >>> nltk.download('punkt_tab')
  [0m
  For more information see: https://www.nltk.org/data.html

  Attempted to load [93mtokenizers/punkt_tab/english/[0m

  Searched in:
    - 'C:\\Users\\Dickson/nltk_data'
    - 'C:\\Program Files\\WindowsApps\\PythonSoftwareFoundation.Python.3.13_3.13.1008.0_x64__qbz5n2kfra8p0\\nltk_data'
    - 'C:\\Program Files\\WindowsApps\\PythonSoftwareFoundation.Python.3.13_3.13.1008.0_x64__qbz5n2kfra8p0\\share\\nltk_data'
    - 'C:\\Program Files\\WindowsApps\\PythonSoftwareFoundation.Python.3.13_3.13.1008.0_x64__qbz5n2kfra8p0\\lib\\nltk_data'
    - 'C:\\Users\\Dickson\\AppData\\Roaming\\nltk_data'
    - 'C:\\nltk_data'
    - 'D:\\nltk_data'
    - 'E:\\nltk_data'
**********************************************************************

2025-04-28 18:30:21,941 - __main__ - WARNING - NLTK preprocessing failed: 
**********************************************************************
  Resource [93mpunkt_tab[0m not found.
  Please use the NLTK Downloader to obtain the resource:

  [31m>>> import nltk
  >>> nltk.download('punkt_tab')
  [0m
  For more information see: https://www.nltk.org/data.html

  Attempted to load [93mtokenizers/punkt_tab/english/[0m

  Searched in:
    - 'C:\\Users\\Dickson/nltk_data'
    - 'C:\\Program Files\\WindowsApps\\PythonSoftwareFoundation.Python.3.13_3.13.1008.0_x64__qbz5n2kfra8p0\\nltk_data'
    - 'C:\\Program Files\\WindowsApps\\PythonSoftwareFoundation.Python.3.13_3.13.1008.0_x64__qbz5n2kfra8p0\\share\\nltk_data'
    - 'C:\\Program Files\\WindowsApps\\PythonSoftwareFoundation.Python.3.13_3.13.1008.0_x64__qbz5n2kfra8p0\\lib\\nltk_data'
    - 'C:\\Users\\Dickson\\AppData\\Roaming\\nltk_data'
    - 'C:\\nltk_data'
    - 'D:\\nltk_data'
    - 'E:\\nltk_data'
**********************************************************************

2025-04-28 18:30:21,950 - __main__ - WARNING - NLTK preprocessing failed: 
**********************************************************************
  Resource [93mpunkt_tab[0m not found.
  Please use the NLTK Downloader to obtain the resource:

  [31m>>> import nltk
  >>> nltk.download('punkt_tab')
  [0m
  For more information see: https://www.nltk.org/data.html

  Attempted to load [93mtokenizers/punkt_tab/english/[0m

  Searched in:
    - 'C:\\Users\\Dickson/nltk_data'
    - 'C:\\Program Files\\WindowsApps\\PythonSoftwareFoundation.Python.3.13_3.13.1008.0_x64__qbz5n2kfra8p0\\nltk_data'
    - 'C:\\Program Files\\WindowsApps\\PythonSoftwareFoundation.Python.3.13_3.13.1008.0_x64__qbz5n2kfra8p0\\share\\nltk_data'
    - 'C:\\Program Files\\WindowsApps\\PythonSoftwareFoundation.Python.3.13_3.13.1008.0_x64__qbz5n2kfra8p0\\lib\\nltk_data'
    - 'C:\\Users\\Dickson\\AppData\\Roaming\\nltk_data'
    - 'C:\\nltk_data'
    - 'D:\\nltk_data'
    - 'E:\\nltk_data'
**********************************************************************

2025-04-28 18:30:21,959 - __main__ - WARNING - NLTK preprocessing failed: 
**********************************************************************
  Resource [93mpunkt_tab[0m not found.
  Please use the NLTK Downloader to obtain the resource:

  [31m>>> import nltk
  >>> nltk.download('punkt_tab')
  [0m
  For more information see: https://www.nltk.org/data.html

  Attempted to load [93mtokenizers/punkt_tab/english/[0m

  Searched in:
    - 'C:\\Users\\Dickson/nltk_data'
    - 'C:\\Program Files\\WindowsApps\\PythonSoftwareFoundation.Python.3.13_3.13.1008.0_x64__qbz5n2kfra8p0\\nltk_data'
    - 'C:\\Program Files\\WindowsApps\\PythonSoftwareFoundation.Python.3.13_3.13.1008.0_x64__qbz5n2kfra8p0\\share\\nltk_data'
    - 'C:\\Program Files\\WindowsApps\\PythonSoftwareFoundation.Python.3.13_3.13.1008.0_x64__qbz5n2kfra8p0\\lib\\nltk_data'
    - 'C:\\Users\\Dickson\\AppData\\Roaming\\nltk_data'
    - 'C:\\nltk_data'
    - 'D:\\nltk_data'
    - 'E:\\nltk_data'
**********************************************************************

2025-04-28 18:30:21,968 - __main__ - WARNING - NLTK preprocessing failed: 
**********************************************************************
  Resource [93mpunkt_tab[0m not found.
  Please use the NLTK Downloader to obtain the resource:

  [31m>>> import nltk
  >>> nltk.download('punkt_tab')
  [0m
  For more information see: https://www.nltk.org/data.html

  Attempted to load [93mtokenizers/punkt_tab/english/[0m

  Searched in:
    - 'C:\\Users\\Dickson/nltk_data'
    - 'C:\\Program Files\\WindowsApps\\PythonSoftwareFoundation.Python.3.13_3.13.1008.0_x64__qbz5n2kfra8p0\\nltk_data'
    - 'C:\\Program Files\\WindowsApps\\PythonSoftwareFoundation.Python.3.13_3.13.1008.0_x64__qbz5n2kfra8p0\\share\\nltk_data'
    - 'C:\\Program Files\\WindowsApps\\PythonSoftwareFoundation.Python.3.13_3.13.1008.0_x64__qbz5n2kfra8p0\\lib\\nltk_data'
    - 'C:\\Users\\Dickson\\AppData\\Roaming\\nltk_data'
    - 'C:\\nltk_data'
    - 'D:\\nltk_data'
    - 'E:\\nltk_data'
**********************************************************************

2025-04-28 18:30:21,977 - __main__ - WARNING - NLTK preprocessing failed: 
**********************************************************************
  Resource [93mpunkt_tab[0m not found.
  Please use the NLTK Downloader to obtain the resource:

  [31m>>> import nltk
  >>> nltk.download('punkt_tab')
  [0m
  For more information see: https://www.nltk.org/data.html

  Attempted to load [93mtokenizers/punkt_tab/english/[0m

  Searched in:
    - 'C:\\Users\\Dickson/nltk_data'
    - 'C:\\Program Files\\WindowsApps\\PythonSoftwareFoundation.Python.3.13_3.13.1008.0_x64__qbz5n2kfra8p0\\nltk_data'
    - 'C:\\Program Files\\WindowsApps\\PythonSoftwareFoundation.Python.3.13_3.13.1008.0_x64__qbz5n2kfra8p0\\share\\nltk_data'
    - 'C:\\Program Files\\WindowsApps\\PythonSoftwareFoundation.Python.3.13_3.13.1008.0_x64__qbz5n2kfra8p0\\lib\\nltk_data'
    - 'C:\\Users\\Dickson\\AppData\\Roaming\\nltk_data'
    - 'C:\\nltk_data'
    - 'D:\\nltk_data'
    - 'E:\\nltk_data'
**********************************************************************

2025-04-28 18:30:21,989 - __main__ - WARNING - NLTK preprocessing failed: 
**********************************************************************
  Resource [93mpunkt_tab[0m not found.
  Please use the NLTK Downloader to obtain the resource:

  [31m>>> import nltk
  >>> nltk.download('punkt_tab')
  [0m
  For more information see: https://www.nltk.org/data.html

  Attempted to load [93mtokenizers/punkt_tab/english/[0m

  Searched in:
    - 'C:\\Users\\Dickson/nltk_data'
    - 'C:\\Program Files\\WindowsApps\\PythonSoftwareFoundation.Python.3.13_3.13.1008.0_x64__qbz5n2kfra8p0\\nltk_data'
    - 'C:\\Program Files\\WindowsApps\\PythonSoftwareFoundation.Python.3.13_3.13.1008.0_x64__qbz5n2kfra8p0\\share\\nltk_data'
    - 'C:\\Program Files\\WindowsApps\\PythonSoftwareFoundation.Python.3.13_3.13.1008.0_x64__qbz5n2kfra8p0\\lib\\nltk_data'
    - 'C:\\Users\\Dickson\\AppData\\Roaming\\nltk_data'
    - 'C:\\nltk_data'
    - 'D:\\nltk_data'
    - 'E:\\nltk_data'
**********************************************************************

2025-04-28 18:30:22,004 - __main__ - WARNING - NLTK preprocessing failed: 
**********************************************************************
  Resource [93mpunkt_tab[0m not found.
  Please use the NLTK Downloader to obtain the resource:

  [31m>>> import nltk
  >>> nltk.download('punkt_tab')
  [0m
  For more information see: https://www.nltk.org/data.html

  Attempted to load [93mtokenizers/punkt_tab/english/[0m

  Searched in:
    - 'C:\\Users\\Dickson/nltk_data'
    - 'C:\\Program Files\\WindowsApps\\PythonSoftwareFoundation.Python.3.13_3.13.1008.0_x64__qbz5n2kfra8p0\\nltk_data'
    - 'C:\\Program Files\\WindowsApps\\PythonSoftwareFoundation.Python.3.13_3.13.1008.0_x64__qbz5n2kfra8p0\\share\\nltk_data'
    - 'C:\\Program Files\\WindowsApps\\PythonSoftwareFoundation.Python.3.13_3.13.1008.0_x64__qbz5n2kfra8p0\\lib\\nltk_data'
    - 'C:\\Users\\Dickson\\AppData\\Roaming\\nltk_data'
    - 'C:\\nltk_data'
    - 'D:\\nltk_data'
    - 'E:\\nltk_data'
**********************************************************************

2025-04-28 18:30:22,012 - werkzeug - INFO - 127.0.0.1 - - [28/Apr/2025 18:30:22] "GET /get?msg=Hello%20there! HTTP/1.1" 200 -
2025-04-28 18:30:35,221 - __main__ - WARNING - NLTK preprocessing failed: 
**********************************************************************
  Resource [93mpunkt_tab[0m not found.
  Please use the NLTK Downloader to obtain the resource:

  [31m>>> import nltk
  >>> nltk.download('punkt_tab')
  [0m
  For more information see: https://www.nltk.org/data.html

  Attempted to load [93mtokenizers/punkt_tab/english/[0m

  Searched in:
    - 'C:\\Users\\Dickson/nltk_data'
    - 'C:\\Program Files\\WindowsApps\\PythonSoftwareFoundation.Python.3.13_3.13.1008.0_x64__qbz5n2kfra8p0\\nltk_data'
    - 'C:\\Program Files\\WindowsApps\\PythonSoftwareFoundation.Python.3.13_3.13.1008.0_x64__qbz5n2kfra8p0\\share\\nltk_data'
    - 'C:\\Program Files\\WindowsApps\\PythonSoftwareFoundation.Python.3.13_3.13.1008.0_x64__qbz5n2kfra8p0\\lib\\nltk_data'
    - 'C:\\Users\\Dickson\\AppData\\Roaming\\nltk_data'
    - 'C:\\nltk_data'
    - 'D:\\nltk_data'
    - 'E:\\nltk_data'
**********************************************************************

2025-04-28 18:30:35,240 - __main__ - WARNING - NLTK preprocessing failed: 
**********************************************************************
  Resource [93mpunkt_tab[0m not found.
  Please use the NLTK Downloader to obtain the resource:

  [31m>>> import nltk
  >>> nltk.download('punkt_tab')
  [0m
  For more information see: https://www.nltk.org/data.html

  Attempted to load [93mtokenizers/punkt_tab/english/[0m

  Searched in:
    - 'C:\\Users\\Dickson/nltk_data'
    - 'C:\\Program Files\\WindowsApps\\PythonSoftwareFoundation.Python.3.13_3.13.1008.0_x64__qbz5n2kfra8p0\\nltk_data'
    - 'C:\\Program Files\\WindowsApps\\PythonSoftwareFoundation.Python.3.13_3.13.1008.0_x64__qbz5n2kfra8p0\\share\\nltk_data'
    - 'C:\\Program Files\\WindowsApps\\PythonSoftwareFoundation.Python.3.13_3.13.1008.0_x64__qbz5n2kfra8p0\\lib\\nltk_data'
    - 'C:\\Users\\Dickson\\AppData\\Roaming\\nltk_data'
    - 'C:\\nltk_data'
    - 'D:\\nltk_data'
    - 'E:\\nltk_data'
**********************************************************************

2025-04-28 18:30:35,252 - __main__ - WARNING - NLTK preprocessing failed: 
**********************************************************************
  Resource [93mpunkt_tab[0m not found.
  Please use the NLTK Downloader to obtain the resource:

  [31m>>> import nltk
  >>> nltk.download('punkt_tab')
  [0m
  For more information see: https://www.nltk.org/data.html

  Attempted to load [93mtokenizers/punkt_tab/english/[0m

  Searched in:
    - 'C:\\Users\\Dickson/nltk_data'
    - 'C:\\Program Files\\WindowsApps\\PythonSoftwareFoundation.Python.3.13_3.13.1008.0_x64__qbz5n2kfra8p0\\nltk_data'
    - 'C:\\Program Files\\WindowsApps\\PythonSoftwareFoundation.Python.3.13_3.13.1008.0_x64__qbz5n2kfra8p0\\share\\nltk_data'
    - 'C:\\Program Files\\WindowsApps\\PythonSoftwareFoundation.Python.3.13_3.13.1008.0_x64__qbz5n2kfra8p0\\lib\\nltk_data'
    - 'C:\\Users\\Dickson\\AppData\\Roaming\\nltk_data'
    - 'C:\\nltk_data'
    - 'D:\\nltk_data'
    - 'E:\\nltk_data'
**********************************************************************

2025-04-28 18:30:35,266 - __main__ - WARNING - NLTK preprocessing failed: 
**********************************************************************
  Resource [93mpunkt_tab[0m not found.
  Please use the NLTK Downloader to obtain the resource:

  [31m>>> import nltk
  >>> nltk.download('punkt_tab')
  [0m
  For more information see: https://www.nltk.org/data.html

  Attempted to load [93mtokenizers/punkt_tab/english/[0m

  Searched in:
    - 'C:\\Users\\Dickson/nltk_data'
    - 'C:\\Program Files\\WindowsApps\\PythonSoftwareFoundation.Python.3.13_3.13.1008.0_x64__qbz5n2kfra8p0\\nltk_data'
    - 'C:\\Program Files\\WindowsApps\\PythonSoftwareFoundation.Python.3.13_3.13.1008.0_x64__qbz5n2kfra8p0\\share\\nltk_data'
    - 'C:\\Program Files\\WindowsApps\\PythonSoftwareFoundation.Python.3.13_3.13.1008.0_x64__qbz5n2kfra8p0\\lib\\nltk_data'
    - 'C:\\Users\\Dickson\\AppData\\Roaming\\nltk_data'
    - 'C:\\nltk_data'
    - 'D:\\nltk_data'
    - 'E:\\nltk_data'
**********************************************************************

2025-04-28 18:30:35,286 - __main__ - WARNING - NLTK preprocessing failed: 
**********************************************************************
  Resource [93mpunkt_tab[0m not found.
  Please use the NLTK Downloader to obtain the resource:

  [31m>>> import nltk
  >>> nltk.download('punkt_tab')
  [0m
  For more information see: https://www.nltk.org/data.html

  Attempted to load [93mtokenizers/punkt_tab/english/[0m

  Searched in:
    - 'C:\\Users\\Dickson/nltk_data'
    - 'C:\\Program Files\\WindowsApps\\PythonSoftwareFoundation.Python.3.13_3.13.1008.0_x64__qbz5n2kfra8p0\\nltk_data'
    - 'C:\\Program Files\\WindowsApps\\PythonSoftwareFoundation.Python.3.13_3.13.1008.0_x64__qbz5n2kfra8p0\\share\\nltk_data'
    - 'C:\\Program Files\\WindowsApps\\PythonSoftwareFoundation.Python.3.13_3.13.1008.0_x64__qbz5n2kfra8p0\\lib\\nltk_data'
    - 'C:\\Users\\Dickson\\AppData\\Roaming\\nltk_data'
    - 'C:\\nltk_data'
    - 'D:\\nltk_data'
    - 'E:\\nltk_data'
**********************************************************************

2025-04-28 18:30:35,303 - __main__ - WARNING - NLTK preprocessing failed: 
**********************************************************************
  Resource [93mpunkt_tab[0m not found.
  Please use the NLTK Downloader to obtain the resource:

  [31m>>> import nltk
  >>> nltk.download('punkt_tab')
  [0m
  For more information see: https://www.nltk.org/data.html

  Attempted to load [93mtokenizers/punkt_tab/english/[0m

  Searched in:
    - 'C:\\Users\\Dickson/nltk_data'
    - 'C:\\Program Files\\WindowsApps\\PythonSoftwareFoundation.Python.3.13_3.13.1008.0_x64__qbz5n2kfra8p0\\nltk_data'
    - 'C:\\Program Files\\WindowsApps\\PythonSoftwareFoundation.Python.3.13_3.13.1008.0_x64__qbz5n2kfra8p0\\share\\nltk_data'
    - 'C:\\Program Files\\WindowsApps\\PythonSoftwareFoundation.Python.3.13_3.13.1008.0_x64__qbz5n2kfra8p0\\lib\\nltk_data'
    - 'C:\\Users\\Dickson\\AppData\\Roaming\\nltk_data'
    - 'C:\\nltk_data'
    - 'D:\\nltk_data'
    - 'E:\\nltk_data'
**********************************************************************

2025-04-28 18:30:35,317 - __main__ - WARNING - NLTK preprocessing failed: 
**********************************************************************
  Resource [93mpunkt_tab[0m not found.
  Please use the NLTK Downloader to obtain the resource:

  [31m>>> import nltk
  >>> nltk.download('punkt_tab')
  [0m
  For more information see: https://www.nltk.org/data.html

  Attempted to load [93mtokenizers/punkt_tab/english/[0m

  Searched in:
    - 'C:\\Users\\Dickson/nltk_data'
    - 'C:\\Program Files\\WindowsApps\\PythonSoftwareFoundation.Python.3.13_3.13.1008.0_x64__qbz5n2kfra8p0\\nltk_data'
    - 'C:\\Program Files\\WindowsApps\\PythonSoftwareFoundation.Python.3.13_3.13.1008.0_x64__qbz5n2kfra8p0\\share\\nltk_data'
    - 'C:\\Program Files\\WindowsApps\\PythonSoftwareFoundation.Python.3.13_3.13.1008.0_x64__qbz5n2kfra8p0\\lib\\nltk_data'
    - 'C:\\Users\\Dickson\\AppData\\Roaming\\nltk_data'
    - 'C:\\nltk_data'
    - 'D:\\nltk_data'
    - 'E:\\nltk_data'
**********************************************************************

2025-04-28 18:30:35,328 - __main__ - WARNING - NLTK preprocessing failed: 
**********************************************************************
  Resource [93mpunkt_tab[0m not found.
  Please use the NLTK Downloader to obtain the resource:

  [31m>>> import nltk
  >>> nltk.download('punkt_tab')
  [0m
  For more information see: https://www.nltk.org/data.html

  Attempted to load [93mtokenizers/punkt_tab/english/[0m

  Searched in:
    - 'C:\\Users\\Dickson/nltk_data'
    - 'C:\\Program Files\\WindowsApps\\PythonSoftwareFoundation.Python.3.13_3.13.1008.0_x64__qbz5n2kfra8p0\\nltk_data'
    - 'C:\\Program Files\\WindowsApps\\PythonSoftwareFoundation.Python.3.13_3.13.1008.0_x64__qbz5n2kfra8p0\\share\\nltk_data'
    - 'C:\\Program Files\\WindowsApps\\PythonSoftwareFoundation.Python.3.13_3.13.1008.0_x64__qbz5n2kfra8p0\\lib\\nltk_data'
    - 'C:\\Users\\Dickson\\AppData\\Roaming\\nltk_data'
    - 'C:\\nltk_data'
    - 'D:\\nltk_data'
    - 'E:\\nltk_data'
**********************************************************************

2025-04-28 18:30:35,345 - __main__ - WARNING - NLTK preprocessing failed: 
**********************************************************************
  Resource [93mpunkt_tab[0m not found.
  Please use the NLTK Downloader to obtain the resource:

  [31m>>> import nltk
  >>> nltk.download('punkt_tab')
  [0m
  For more information see: https://www.nltk.org/data.html

  Attempted to load [93mtokenizers/punkt_tab/english/[0m

  Searched in:
    - 'C:\\Users\\Dickson/nltk_data'
    - 'C:\\Program Files\\WindowsApps\\PythonSoftwareFoundation.Python.3.13_3.13.1008.0_x64__qbz5n2kfra8p0\\nltk_data'
    - 'C:\\Program Files\\WindowsApps\\PythonSoftwareFoundation.Python.3.13_3.13.1008.0_x64__qbz5n2kfra8p0\\share\\nltk_data'
    - 'C:\\Program Files\\WindowsApps\\PythonSoftwareFoundation.Python.3.13_3.13.1008.0_x64__qbz5n2kfra8p0\\lib\\nltk_data'
    - 'C:\\Users\\Dickson\\AppData\\Roaming\\nltk_data'
    - 'C:\\nltk_data'
    - 'D:\\nltk_data'
    - 'E:\\nltk_data'
**********************************************************************

2025-04-28 18:30:35,357 - __main__ - WARNING - NLTK preprocessing failed: 
**********************************************************************
  Resource [93mpunkt_tab[0m not found.
  Please use the NLTK Downloader to obtain the resource:

  [31m>>> import nltk
  >>> nltk.download('punkt_tab')
  [0m
  For more information see: https://www.nltk.org/data.html

  Attempted to load [93mtokenizers/punkt_tab/english/[0m

  Searched in:
    - 'C:\\Users\\Dickson/nltk_data'
    - 'C:\\Program Files\\WindowsApps\\PythonSoftwareFoundation.Python.3.13_3.13.1008.0_x64__qbz5n2kfra8p0\\nltk_data'
    - 'C:\\Program Files\\WindowsApps\\PythonSoftwareFoundation.Python.3.13_3.13.1008.0_x64__qbz5n2kfra8p0\\share\\nltk_data'
    - 'C:\\Program Files\\WindowsApps\\PythonSoftwareFoundation.Python.3.13_3.13.1008.0_x64__qbz5n2kfra8p0\\lib\\nltk_data'
    - 'C:\\Users\\Dickson\\AppData\\Roaming\\nltk_data'
    - 'C:\\nltk_data'
    - 'D:\\nltk_data'
    - 'E:\\nltk_data'
**********************************************************************

2025-04-28 18:30:35,372 - __main__ - WARNING - NLTK preprocessing failed: 
**********************************************************************
  Resource [93mpunkt_tab[0m not found.
  Please use the NLTK Downloader to obtain the resource:

  [31m>>> import nltk
  >>> nltk.download('punkt_tab')
  [0m
  For more information see: https://www.nltk.org/data.html

  Attempted to load [93mtokenizers/punkt_tab/english/[0m

  Searched in:
    - 'C:\\Users\\Dickson/nltk_data'
    - 'C:\\Program Files\\WindowsApps\\PythonSoftwareFoundation.Python.3.13_3.13.1008.0_x64__qbz5n2kfra8p0\\nltk_data'
    - 'C:\\Program Files\\WindowsApps\\PythonSoftwareFoundation.Python.3.13_3.13.1008.0_x64__qbz5n2kfra8p0\\share\\nltk_data'
    - 'C:\\Program Files\\WindowsApps\\PythonSoftwareFoundation.Python.3.13_3.13.1008.0_x64__qbz5n2kfra8p0\\lib\\nltk_data'
    - 'C:\\Users\\Dickson\\AppData\\Roaming\\nltk_data'
    - 'C:\\nltk_data'
    - 'D:\\nltk_data'
    - 'E:\\nltk_data'
**********************************************************************

2025-04-28 18:30:35,381 - __main__ - WARNING - NLTK preprocessing failed: 
**********************************************************************
  Resource [93mpunkt_tab[0m not found.
  Please use the NLTK Downloader to obtain the resource:

  [31m>>> import nltk
  >>> nltk.download('punkt_tab')
  [0m
  For more information see: https://www.nltk.org/data.html

  Attempted to load [93mtokenizers/punkt_tab/english/[0m

  Searched in:
    - 'C:\\Users\\Dickson/nltk_data'
    - 'C:\\Program Files\\WindowsApps\\PythonSoftwareFoundation.Python.3.13_3.13.1008.0_x64__qbz5n2kfra8p0\\nltk_data'
    - 'C:\\Program Files\\WindowsApps\\PythonSoftwareFoundation.Python.3.13_3.13.1008.0_x64__qbz5n2kfra8p0\\share\\nltk_data'
    - 'C:\\Program Files\\WindowsApps\\PythonSoftwareFoundation.Python.3.13_3.13.1008.0_x64__qbz5n2kfra8p0\\lib\\nltk_data'
    - 'C:\\Users\\Dickson\\AppData\\Roaming\\nltk_data'
    - 'C:\\nltk_data'
    - 'D:\\nltk_data'
    - 'E:\\nltk_data'
**********************************************************************

2025-04-28 18:30:35,400 - __main__ - WARNING - NLTK preprocessing failed: 
**********************************************************************
  Resource [93mpunkt_tab[0m not found.
  Please use the NLTK Downloader to obtain the resource:

  [31m>>> import nltk
  >>> nltk.download('punkt_tab')
  [0m
  For more information see: https://www.nltk.org/data.html

  Attempted to load [93mtokenizers/punkt_tab/english/[0m

  Searched in:
    - 'C:\\Users\\Dickson/nltk_data'
    - 'C:\\Program Files\\WindowsApps\\PythonSoftwareFoundation.Python.3.13_3.13.1008.0_x64__qbz5n2kfra8p0\\nltk_data'
    - 'C:\\Program Files\\WindowsApps\\PythonSoftwareFoundation.Python.3.13_3.13.1008.0_x64__qbz5n2kfra8p0\\share\\nltk_data'
    - 'C:\\Program Files\\WindowsApps\\PythonSoftwareFoundation.Python.3.13_3.13.1008.0_x64__qbz5n2kfra8p0\\lib\\nltk_data'
    - 'C:\\Users\\Dickson\\AppData\\Roaming\\nltk_data'
    - 'C:\\nltk_data'
    - 'D:\\nltk_data'
    - 'E:\\nltk_data'
**********************************************************************

2025-04-28 18:30:35,416 - __main__ - WARNING - NLTK preprocessing failed: 
**********************************************************************
  Resource [93mpunkt_tab[0m not found.
  Please use the NLTK Downloader to obtain the resource:

  [31m>>> import nltk
  >>> nltk.download('punkt_tab')
  [0m
  For more information see: https://www.nltk.org/data.html

  Attempted to load [93mtokenizers/punkt_tab/english/[0m

  Searched in:
    - 'C:\\Users\\Dickson/nltk_data'
    - 'C:\\Program Files\\WindowsApps\\PythonSoftwareFoundation.Python.3.13_3.13.1008.0_x64__qbz5n2kfra8p0\\nltk_data'
    - 'C:\\Program Files\\WindowsApps\\PythonSoftwareFoundation.Python.3.13_3.13.1008.0_x64__qbz5n2kfra8p0\\share\\nltk_data'
    - 'C:\\Program Files\\WindowsApps\\PythonSoftwareFoundation.Python.3.13_3.13.1008.0_x64__qbz5n2kfra8p0\\lib\\nltk_data'
    - 'C:\\Users\\Dickson\\AppData\\Roaming\\nltk_data'
    - 'C:\\nltk_data'
    - 'D:\\nltk_data'
    - 'E:\\nltk_data'
**********************************************************************

2025-04-28 18:30:35,431 - __main__ - WARNING - NLTK preprocessing failed: 
**********************************************************************
  Resource [93mpunkt_tab[0m not found.
  Please use the NLTK Downloader to obtain the resource:

  [31m>>> import nltk
  >>> nltk.download('punkt_tab')
  [0m
  For more information see: https://www.nltk.org/data.html

  Attempted to load [93mtokenizers/punkt_tab/english/[0m

  Searched in:
    - 'C:\\Users\\Dickson/nltk_data'
    - 'C:\\Program Files\\WindowsApps\\PythonSoftwareFoundation.Python.3.13_3.13.1008.0_x64__qbz5n2kfra8p0\\nltk_data'
    - 'C:\\Program Files\\WindowsApps\\PythonSoftwareFoundation.Python.3.13_3.13.1008.0_x64__qbz5n2kfra8p0\\share\\nltk_data'
    - 'C:\\Program Files\\WindowsApps\\PythonSoftwareFoundation.Python.3.13_3.13.1008.0_x64__qbz5n2kfra8p0\\lib\\nltk_data'
    - 'C:\\Users\\Dickson\\AppData\\Roaming\\nltk_data'
    - 'C:\\nltk_data'
    - 'D:\\nltk_data'
    - 'E:\\nltk_data'
**********************************************************************

2025-04-28 18:30:35,446 - __main__ - WARNING - NLTK preprocessing failed: 
**********************************************************************
  Resource [93mpunkt_tab[0m not found.
  Please use the NLTK Downloader to obtain the resource:

  [31m>>> import nltk
  >>> nltk.download('punkt_tab')
  [0m
  For more information see: https://www.nltk.org/data.html

  Attempted to load [93mtokenizers/punkt_tab/english/[0m

  Searched in:
    - 'C:\\Users\\Dickson/nltk_data'
    - 'C:\\Program Files\\WindowsApps\\PythonSoftwareFoundation.Python.3.13_3.13.1008.0_x64__qbz5n2kfra8p0\\nltk_data'
    - 'C:\\Program Files\\WindowsApps\\PythonSoftwareFoundation.Python.3.13_3.13.1008.0_x64__qbz5n2kfra8p0\\share\\nltk_data'
    - 'C:\\Program Files\\WindowsApps\\PythonSoftwareFoundation.Python.3.13_3.13.1008.0_x64__qbz5n2kfra8p0\\lib\\nltk_data'
    - 'C:\\Users\\Dickson\\AppData\\Roaming\\nltk_data'
    - 'C:\\nltk_data'
    - 'D:\\nltk_data'
    - 'E:\\nltk_data'
**********************************************************************

2025-04-28 18:30:35,465 - __main__ - WARNING - NLTK preprocessing failed: 
**********************************************************************
  Resource [93mpunkt_tab[0m not found.
  Please use the NLTK Downloader to obtain the resource:

  [31m>>> import nltk
  >>> nltk.download('punkt_tab')
  [0m
  For more information see: https://www.nltk.org/data.html

  Attempted to load [93mtokenizers/punkt_tab/english/[0m

  Searched in:
    - 'C:\\Users\\Dickson/nltk_data'
    - 'C:\\Program Files\\WindowsApps\\PythonSoftwareFoundation.Python.3.13_3.13.1008.0_x64__qbz5n2kfra8p0\\nltk_data'
    - 'C:\\Program Files\\WindowsApps\\PythonSoftwareFoundation.Python.3.13_3.13.1008.0_x64__qbz5n2kfra8p0\\share\\nltk_data'
    - 'C:\\Program Files\\WindowsApps\\PythonSoftwareFoundation.Python.3.13_3.13.1008.0_x64__qbz5n2kfra8p0\\lib\\nltk_data'
    - 'C:\\Users\\Dickson\\AppData\\Roaming\\nltk_data'
    - 'C:\\nltk_data'
    - 'D:\\nltk_data'
    - 'E:\\nltk_data'
**********************************************************************

2025-04-28 18:30:35,480 - __main__ - WARNING - NLTK preprocessing failed: 
**********************************************************************
  Resource [93mpunkt_tab[0m not found.
  Please use the NLTK Downloader to obtain the resource:

  [31m>>> import nltk
  >>> nltk.download('punkt_tab')
  [0m
  For more information see: https://www.nltk.org/data.html

  Attempted to load [93mtokenizers/punkt_tab/english/[0m

  Searched in:
    - 'C:\\Users\\Dickson/nltk_data'
    - 'C:\\Program Files\\WindowsApps\\PythonSoftwareFoundation.Python.3.13_3.13.1008.0_x64__qbz5n2kfra8p0\\nltk_data'
    - 'C:\\Program Files\\WindowsApps\\PythonSoftwareFoundation.Python.3.13_3.13.1008.0_x64__qbz5n2kfra8p0\\share\\nltk_data'
    - 'C:\\Program Files\\WindowsApps\\PythonSoftwareFoundation.Python.3.13_3.13.1008.0_x64__qbz5n2kfra8p0\\lib\\nltk_data'
    - 'C:\\Users\\Dickson\\AppData\\Roaming\\nltk_data'
    - 'C:\\nltk_data'
    - 'D:\\nltk_data'
    - 'E:\\nltk_data'
**********************************************************************

2025-04-28 18:30:35,500 - __main__ - WARNING - NLTK preprocessing failed: 
**********************************************************************
  Resource [93mpunkt_tab[0m not found.
  Please use the NLTK Downloader to obtain the resource:

  [31m>>> import nltk
  >>> nltk.download('punkt_tab')
  [0m
  For more information see: https://www.nltk.org/data.html

  Attempted to load [93mtokenizers/punkt_tab/english/[0m

  Searched in:
    - 'C:\\Users\\Dickson/nltk_data'
    - 'C:\\Program Files\\WindowsApps\\PythonSoftwareFoundation.Python.3.13_3.13.1008.0_x64__qbz5n2kfra8p0\\nltk_data'
    - 'C:\\Program Files\\WindowsApps\\PythonSoftwareFoundation.Python.3.13_3.13.1008.0_x64__qbz5n2kfra8p0\\share\\nltk_data'
    - 'C:\\Program Files\\WindowsApps\\PythonSoftwareFoundation.Python.3.13_3.13.1008.0_x64__qbz5n2kfra8p0\\lib\\nltk_data'
    - 'C:\\Users\\Dickson\\AppData\\Roaming\\nltk_data'
    - 'C:\\nltk_data'
    - 'D:\\nltk_data'
    - 'E:\\nltk_data'
**********************************************************************

2025-04-28 18:30:35,522 - __main__ - WARNING - NLTK preprocessing failed: 
**********************************************************************
  Resource [93mpunkt_tab[0m not found.
  Please use the NLTK Downloader to obtain the resource:

  [31m>>> import nltk
  >>> nltk.download('punkt_tab')
  [0m
  For more information see: https://www.nltk.org/data.html

  Attempted to load [93mtokenizers/punkt_tab/english/[0m

  Searched in:
    - 'C:\\Users\\Dickson/nltk_data'
    - 'C:\\Program Files\\WindowsApps\\PythonSoftwareFoundation.Python.3.13_3.13.1008.0_x64__qbz5n2kfra8p0\\nltk_data'
    - 'C:\\Program Files\\WindowsApps\\PythonSoftwareFoundation.Python.3.13_3.13.1008.0_x64__qbz5n2kfra8p0\\share\\nltk_data'
    - 'C:\\Program Files\\WindowsApps\\PythonSoftwareFoundation.Python.3.13_3.13.1008.0_x64__qbz5n2kfra8p0\\lib\\nltk_data'
    - 'C:\\Users\\Dickson\\AppData\\Roaming\\nltk_data'
    - 'C:\\nltk_data'
    - 'D:\\nltk_data'
    - 'E:\\nltk_data'
**********************************************************************

2025-04-28 18:30:35,538 - __main__ - WARNING - NLTK preprocessing failed: 
**********************************************************************
  Resource [93mpunkt_tab[0m not found.
  Please use the NLTK Downloader to obtain the resource:

  [31m>>> import nltk
  >>> nltk.download('punkt_tab')
  [0m
  For more information see: https://www.nltk.org/data.html

  Attempted to load [93mtokenizers/punkt_tab/english/[0m

  Searched in:
    - 'C:\\Users\\Dickson/nltk_data'
    - 'C:\\Program Files\\WindowsApps\\PythonSoftwareFoundation.Python.3.13_3.13.1008.0_x64__qbz5n2kfra8p0\\nltk_data'
    - 'C:\\Program Files\\WindowsApps\\PythonSoftwareFoundation.Python.3.13_3.13.1008.0_x64__qbz5n2kfra8p0\\share\\nltk_data'
    - 'C:\\Program Files\\WindowsApps\\PythonSoftwareFoundation.Python.3.13_3.13.1008.0_x64__qbz5n2kfra8p0\\lib\\nltk_data'
    - 'C:\\Users\\Dickson\\AppData\\Roaming\\nltk_data'
    - 'C:\\nltk_data'
    - 'D:\\nltk_data'
    - 'E:\\nltk_data'
**********************************************************************

2025-04-28 18:30:35,555 - __main__ - WARNING - NLTK preprocessing failed: 
**********************************************************************
  Resource [93mpunkt_tab[0m not found.
  Please use the NLTK Downloader to obtain the resource:

  [31m>>> import nltk
  >>> nltk.download('punkt_tab')
  [0m
  For more information see: https://www.nltk.org/data.html

  Attempted to load [93mtokenizers/punkt_tab/english/[0m

  Searched in:
    - 'C:\\Users\\Dickson/nltk_data'
    - 'C:\\Program Files\\WindowsApps\\PythonSoftwareFoundation.Python.3.13_3.13.1008.0_x64__qbz5n2kfra8p0\\nltk_data'
    - 'C:\\Program Files\\WindowsApps\\PythonSoftwareFoundation.Python.3.13_3.13.1008.0_x64__qbz5n2kfra8p0\\share\\nltk_data'
    - 'C:\\Program Files\\WindowsApps\\PythonSoftwareFoundation.Python.3.13_3.13.1008.0_x64__qbz5n2kfra8p0\\lib\\nltk_data'
    - 'C:\\Users\\Dickson\\AppData\\Roaming\\nltk_data'
    - 'C:\\nltk_data'
    - 'D:\\nltk_data'
    - 'E:\\nltk_data'
**********************************************************************

2025-04-28 18:30:35,574 - __main__ - WARNING - NLTK preprocessing failed: 
**********************************************************************
  Resource [93mpunkt_tab[0m not found.
  Please use the NLTK Downloader to obtain the resource:

  [31m>>> import nltk
  >>> nltk.download('punkt_tab')
  [0m
  For more information see: https://www.nltk.org/data.html

  Attempted to load [93mtokenizers/punkt_tab/english/[0m

  Searched in:
    - 'C:\\Users\\Dickson/nltk_data'
    - 'C:\\Program Files\\WindowsApps\\PythonSoftwareFoundation.Python.3.13_3.13.1008.0_x64__qbz5n2kfra8p0\\nltk_data'
    - 'C:\\Program Files\\WindowsApps\\PythonSoftwareFoundation.Python.3.13_3.13.1008.0_x64__qbz5n2kfra8p0\\share\\nltk_data'
    - 'C:\\Program Files\\WindowsApps\\PythonSoftwareFoundation.Python.3.13_3.13.1008.0_x64__qbz5n2kfra8p0\\lib\\nltk_data'
    - 'C:\\Users\\Dickson\\AppData\\Roaming\\nltk_data'
    - 'C:\\nltk_data'
    - 'D:\\nltk_data'
    - 'E:\\nltk_data'
**********************************************************************

2025-04-28 18:30:35,597 - __main__ - WARNING - NLTK preprocessing failed: 
**********************************************************************
  Resource [93mpunkt_tab[0m not found.
  Please use the NLTK Downloader to obtain the resource:

  [31m>>> import nltk
  >>> nltk.download('punkt_tab')
  [0m
  For more information see: https://www.nltk.org/data.html

  Attempted to load [93mtokenizers/punkt_tab/english/[0m

  Searched in:
    - 'C:\\Users\\Dickson/nltk_data'
    - 'C:\\Program Files\\WindowsApps\\PythonSoftwareFoundation.Python.3.13_3.13.1008.0_x64__qbz5n2kfra8p0\\nltk_data'
    - 'C:\\Program Files\\WindowsApps\\PythonSoftwareFoundation.Python.3.13_3.13.1008.0_x64__qbz5n2kfra8p0\\share\\nltk_data'
    - 'C:\\Program Files\\WindowsApps\\PythonSoftwareFoundation.Python.3.13_3.13.1008.0_x64__qbz5n2kfra8p0\\lib\\nltk_data'
    - 'C:\\Users\\Dickson\\AppData\\Roaming\\nltk_data'
    - 'C:\\nltk_data'
    - 'D:\\nltk_data'
    - 'E:\\nltk_data'
**********************************************************************

2025-04-28 18:30:35,618 - __main__ - WARNING - NLTK preprocessing failed: 
**********************************************************************
  Resource [93mpunkt_tab[0m not found.
  Please use the NLTK Downloader to obtain the resource:

  [31m>>> import nltk
  >>> nltk.download('punkt_tab')
  [0m
  For more information see: https://www.nltk.org/data.html

  Attempted to load [93mtokenizers/punkt_tab/english/[0m

  Searched in:
    - 'C:\\Users\\Dickson/nltk_data'
    - 'C:\\Program Files\\WindowsApps\\PythonSoftwareFoundation.Python.3.13_3.13.1008.0_x64__qbz5n2kfra8p0\\nltk_data'
    - 'C:\\Program Files\\WindowsApps\\PythonSoftwareFoundation.Python.3.13_3.13.1008.0_x64__qbz5n2kfra8p0\\share\\nltk_data'
    - 'C:\\Program Files\\WindowsApps\\PythonSoftwareFoundation.Python.3.13_3.13.1008.0_x64__qbz5n2kfra8p0\\lib\\nltk_data'
    - 'C:\\Users\\Dickson\\AppData\\Roaming\\nltk_data'
    - 'C:\\nltk_data'
    - 'D:\\nltk_data'
    - 'E:\\nltk_data'
**********************************************************************

2025-04-28 18:30:35,636 - __main__ - WARNING - NLTK preprocessing failed: 
**********************************************************************
  Resource [93mpunkt_tab[0m not found.
  Please use the NLTK Downloader to obtain the resource:

  [31m>>> import nltk
  >>> nltk.download('punkt_tab')
  [0m
  For more information see: https://www.nltk.org/data.html

  Attempted to load [93mtokenizers/punkt_tab/english/[0m

  Searched in:
    - 'C:\\Users\\Dickson/nltk_data'
    - 'C:\\Program Files\\WindowsApps\\PythonSoftwareFoundation.Python.3.13_3.13.1008.0_x64__qbz5n2kfra8p0\\nltk_data'
    - 'C:\\Program Files\\WindowsApps\\PythonSoftwareFoundation.Python.3.13_3.13.1008.0_x64__qbz5n2kfra8p0\\share\\nltk_data'
    - 'C:\\Program Files\\WindowsApps\\PythonSoftwareFoundation.Python.3.13_3.13.1008.0_x64__qbz5n2kfra8p0\\lib\\nltk_data'
    - 'C:\\Users\\Dickson\\AppData\\Roaming\\nltk_data'
    - 'C:\\nltk_data'
    - 'D:\\nltk_data'
    - 'E:\\nltk_data'
**********************************************************************

2025-04-28 18:30:35,656 - __main__ - WARNING - NLTK preprocessing failed: 
**********************************************************************
  Resource [93mpunkt_tab[0m not found.
  Please use the NLTK Downloader to obtain the resource:

  [31m>>> import nltk
  >>> nltk.download('punkt_tab')
  [0m
  For more information see: https://www.nltk.org/data.html

  Attempted to load [93mtokenizers/punkt_tab/english/[0m

  Searched in:
    - 'C:\\Users\\Dickson/nltk_data'
    - 'C:\\Program Files\\WindowsApps\\PythonSoftwareFoundation.Python.3.13_3.13.1008.0_x64__qbz5n2kfra8p0\\nltk_data'
    - 'C:\\Program Files\\WindowsApps\\PythonSoftwareFoundation.Python.3.13_3.13.1008.0_x64__qbz5n2kfra8p0\\share\\nltk_data'
    - 'C:\\Program Files\\WindowsApps\\PythonSoftwareFoundation.Python.3.13_3.13.1008.0_x64__qbz5n2kfra8p0\\lib\\nltk_data'
    - 'C:\\Users\\Dickson\\AppData\\Roaming\\nltk_data'
    - 'C:\\nltk_data'
    - 'D:\\nltk_data'
    - 'E:\\nltk_data'
**********************************************************************

2025-04-28 18:30:35,671 - __main__ - WARNING - NLTK preprocessing failed: 
**********************************************************************
  Resource [93mpunkt_tab[0m not found.
  Please use the NLTK Downloader to obtain the resource:

  [31m>>> import nltk
  >>> nltk.download('punkt_tab')
  [0m
  For more information see: https://www.nltk.org/data.html

  Attempted to load [93mtokenizers/punkt_tab/english/[0m

  Searched in:
    - 'C:\\Users\\Dickson/nltk_data'
    - 'C:\\Program Files\\WindowsApps\\PythonSoftwareFoundation.Python.3.13_3.13.1008.0_x64__qbz5n2kfra8p0\\nltk_data'
    - 'C:\\Program Files\\WindowsApps\\PythonSoftwareFoundation.Python.3.13_3.13.1008.0_x64__qbz5n2kfra8p0\\share\\nltk_data'
    - 'C:\\Program Files\\WindowsApps\\PythonSoftwareFoundation.Python.3.13_3.13.1008.0_x64__qbz5n2kfra8p0\\lib\\nltk_data'
    - 'C:\\Users\\Dickson\\AppData\\Roaming\\nltk_data'
    - 'C:\\nltk_data'
    - 'D:\\nltk_data'
    - 'E:\\nltk_data'
**********************************************************************

2025-04-28 18:30:35,686 - __main__ - WARNING - NLTK preprocessing failed: 
**********************************************************************
  Resource [93mpunkt_tab[0m not found.
  Please use the NLTK Downloader to obtain the resource:

  [31m>>> import nltk
  >>> nltk.download('punkt_tab')
  [0m
  For more information see: https://www.nltk.org/data.html

  Attempted to load [93mtokenizers/punkt_tab/english/[0m

  Searched in:
    - 'C:\\Users\\Dickson/nltk_data'
    - 'C:\\Program Files\\WindowsApps\\PythonSoftwareFoundation.Python.3.13_3.13.1008.0_x64__qbz5n2kfra8p0\\nltk_data'
    - 'C:\\Program Files\\WindowsApps\\PythonSoftwareFoundation.Python.3.13_3.13.1008.0_x64__qbz5n2kfra8p0\\share\\nltk_data'
    - 'C:\\Program Files\\WindowsApps\\PythonSoftwareFoundation.Python.3.13_3.13.1008.0_x64__qbz5n2kfra8p0\\lib\\nltk_data'
    - 'C:\\Users\\Dickson\\AppData\\Roaming\\nltk_data'
    - 'C:\\nltk_data'
    - 'D:\\nltk_data'
    - 'E:\\nltk_data'
**********************************************************************

2025-04-28 18:30:35,704 - __main__ - WARNING - NLTK preprocessing failed: 
**********************************************************************
  Resource [93mpunkt_tab[0m not found.
  Please use the NLTK Downloader to obtain the resource:

  [31m>>> import nltk
  >>> nltk.download('punkt_tab')
  [0m
  For more information see: https://www.nltk.org/data.html

  Attempted to load [93mtokenizers/punkt_tab/english/[0m

  Searched in:
    - 'C:\\Users\\Dickson/nltk_data'
    - 'C:\\Program Files\\WindowsApps\\PythonSoftwareFoundation.Python.3.13_3.13.1008.0_x64__qbz5n2kfra8p0\\nltk_data'
    - 'C:\\Program Files\\WindowsApps\\PythonSoftwareFoundation.Python.3.13_3.13.1008.0_x64__qbz5n2kfra8p0\\share\\nltk_data'
    - 'C:\\Program Files\\WindowsApps\\PythonSoftwareFoundation.Python.3.13_3.13.1008.0_x64__qbz5n2kfra8p0\\lib\\nltk_data'
    - 'C:\\Users\\Dickson\\AppData\\Roaming\\nltk_data'
    - 'C:\\nltk_data'
    - 'D:\\nltk_data'
    - 'E:\\nltk_data'
**********************************************************************

2025-04-28 18:30:35,725 - __main__ - WARNING - NLTK preprocessing failed: 
**********************************************************************
  Resource [93mpunkt_tab[0m not found.
  Please use the NLTK Downloader to obtain the resource:

  [31m>>> import nltk
  >>> nltk.download('punkt_tab')
  [0m
  For more information see: https://www.nltk.org/data.html

  Attempted to load [93mtokenizers/punkt_tab/english/[0m

  Searched in:
    - 'C:\\Users\\Dickson/nltk_data'
    - 'C:\\Program Files\\WindowsApps\\PythonSoftwareFoundation.Python.3.13_3.13.1008.0_x64__qbz5n2kfra8p0\\nltk_data'
    - 'C:\\Program Files\\WindowsApps\\PythonSoftwareFoundation.Python.3.13_3.13.1008.0_x64__qbz5n2kfra8p0\\share\\nltk_data'
    - 'C:\\Program Files\\WindowsApps\\PythonSoftwareFoundation.Python.3.13_3.13.1008.0_x64__qbz5n2kfra8p0\\lib\\nltk_data'
    - 'C:\\Users\\Dickson\\AppData\\Roaming\\nltk_data'
    - 'C:\\nltk_data'
    - 'D:\\nltk_data'
    - 'E:\\nltk_data'
**********************************************************************

2025-04-28 18:30:35,746 - __main__ - WARNING - NLTK preprocessing failed: 
**********************************************************************
  Resource [93mpunkt_tab[0m not found.
  Please use the NLTK Downloader to obtain the resource:

  [31m>>> import nltk
  >>> nltk.download('punkt_tab')
  [0m
  For more information see: https://www.nltk.org/data.html

  Attempted to load [93mtokenizers/punkt_tab/english/[0m

  Searched in:
    - 'C:\\Users\\Dickson/nltk_data'
    - 'C:\\Program Files\\WindowsApps\\PythonSoftwareFoundation.Python.3.13_3.13.1008.0_x64__qbz5n2kfra8p0\\nltk_data'
    - 'C:\\Program Files\\WindowsApps\\PythonSoftwareFoundation.Python.3.13_3.13.1008.0_x64__qbz5n2kfra8p0\\share\\nltk_data'
    - 'C:\\Program Files\\WindowsApps\\PythonSoftwareFoundation.Python.3.13_3.13.1008.0_x64__qbz5n2kfra8p0\\lib\\nltk_data'
    - 'C:\\Users\\Dickson\\AppData\\Roaming\\nltk_data'
    - 'C:\\nltk_data'
    - 'D:\\nltk_data'
    - 'E:\\nltk_data'
**********************************************************************

2025-04-28 18:30:35,766 - __main__ - WARNING - NLTK preprocessing failed: 
**********************************************************************
  Resource [93mpunkt_tab[0m not found.
  Please use the NLTK Downloader to obtain the resource:

  [31m>>> import nltk
  >>> nltk.download('punkt_tab')
  [0m
  For more information see: https://www.nltk.org/data.html

  Attempted to load [93mtokenizers/punkt_tab/english/[0m

  Searched in:
    - 'C:\\Users\\Dickson/nltk_data'
    - 'C:\\Program Files\\WindowsApps\\PythonSoftwareFoundation.Python.3.13_3.13.1008.0_x64__qbz5n2kfra8p0\\nltk_data'
    - 'C:\\Program Files\\WindowsApps\\PythonSoftwareFoundation.Python.3.13_3.13.1008.0_x64__qbz5n2kfra8p0\\share\\nltk_data'
    - 'C:\\Program Files\\WindowsApps\\PythonSoftwareFoundation.Python.3.13_3.13.1008.0_x64__qbz5n2kfra8p0\\lib\\nltk_data'
    - 'C:\\Users\\Dickson\\AppData\\Roaming\\nltk_data'
    - 'C:\\nltk_data'
    - 'D:\\nltk_data'
    - 'E:\\nltk_data'
**********************************************************************

2025-04-28 18:30:35,788 - __main__ - WARNING - NLTK preprocessing failed: 
**********************************************************************
  Resource [93mpunkt_tab[0m not found.
  Please use the NLTK Downloader to obtain the resource:

  [31m>>> import nltk
  >>> nltk.download('punkt_tab')
  [0m
  For more information see: https://www.nltk.org/data.html

  Attempted to load [93mtokenizers/punkt_tab/english/[0m

  Searched in:
    - 'C:\\Users\\Dickson/nltk_data'
    - 'C:\\Program Files\\WindowsApps\\PythonSoftwareFoundation.Python.3.13_3.13.1008.0_x64__qbz5n2kfra8p0\\nltk_data'
    - 'C:\\Program Files\\WindowsApps\\PythonSoftwareFoundation.Python.3.13_3.13.1008.0_x64__qbz5n2kfra8p0\\share\\nltk_data'
    - 'C:\\Program Files\\WindowsApps\\PythonSoftwareFoundation.Python.3.13_3.13.1008.0_x64__qbz5n2kfra8p0\\lib\\nltk_data'
    - 'C:\\Users\\Dickson\\AppData\\Roaming\\nltk_data'
    - 'C:\\nltk_data'
    - 'D:\\nltk_data'
    - 'E:\\nltk_data'
**********************************************************************

2025-04-28 18:30:35,809 - __main__ - WARNING - NLTK preprocessing failed: 
**********************************************************************
  Resource [93mpunkt_tab[0m not found.
  Please use the NLTK Downloader to obtain the resource:

  [31m>>> import nltk
  >>> nltk.download('punkt_tab')
  [0m
  For more information see: https://www.nltk.org/data.html

  Attempted to load [93mtokenizers/punkt_tab/english/[0m

  Searched in:
    - 'C:\\Users\\Dickson/nltk_data'
    - 'C:\\Program Files\\WindowsApps\\PythonSoftwareFoundation.Python.3.13_3.13.1008.0_x64__qbz5n2kfra8p0\\nltk_data'
    - 'C:\\Program Files\\WindowsApps\\PythonSoftwareFoundation.Python.3.13_3.13.1008.0_x64__qbz5n2kfra8p0\\share\\nltk_data'
    - 'C:\\Program Files\\WindowsApps\\PythonSoftwareFoundation.Python.3.13_3.13.1008.0_x64__qbz5n2kfra8p0\\lib\\nltk_data'
    - 'C:\\Users\\Dickson\\AppData\\Roaming\\nltk_data'
    - 'C:\\nltk_data'
    - 'D:\\nltk_data'
    - 'E:\\nltk_data'
**********************************************************************

2025-04-28 18:30:35,830 - __main__ - WARNING - NLTK preprocessing failed: 
**********************************************************************
  Resource [93mpunkt_tab[0m not found.
  Please use the NLTK Downloader to obtain the resource:

  [31m>>> import nltk
  >>> nltk.download('punkt_tab')
  [0m
  For more information see: https://www.nltk.org/data.html

  Attempted to load [93mtokenizers/punkt_tab/english/[0m

  Searched in:
    - 'C:\\Users\\Dickson/nltk_data'
    - 'C:\\Program Files\\WindowsApps\\PythonSoftwareFoundation.Python.3.13_3.13.1008.0_x64__qbz5n2kfra8p0\\nltk_data'
    - 'C:\\Program Files\\WindowsApps\\PythonSoftwareFoundation.Python.3.13_3.13.1008.0_x64__qbz5n2kfra8p0\\share\\nltk_data'
    - 'C:\\Program Files\\WindowsApps\\PythonSoftwareFoundation.Python.3.13_3.13.1008.0_x64__qbz5n2kfra8p0\\lib\\nltk_data'
    - 'C:\\Users\\Dickson\\AppData\\Roaming\\nltk_data'
    - 'C:\\nltk_data'
    - 'D:\\nltk_data'
    - 'E:\\nltk_data'
**********************************************************************

2025-04-28 18:30:35,850 - __main__ - WARNING - NLTK preprocessing failed: 
**********************************************************************
  Resource [93mpunkt_tab[0m not found.
  Please use the NLTK Downloader to obtain the resource:

  [31m>>> import nltk
  >>> nltk.download('punkt_tab')
  [0m
  For more information see: https://www.nltk.org/data.html

  Attempted to load [93mtokenizers/punkt_tab/english/[0m

  Searched in:
    - 'C:\\Users\\Dickson/nltk_data'
    - 'C:\\Program Files\\WindowsApps\\PythonSoftwareFoundation.Python.3.13_3.13.1008.0_x64__qbz5n2kfra8p0\\nltk_data'
    - 'C:\\Program Files\\WindowsApps\\PythonSoftwareFoundation.Python.3.13_3.13.1008.0_x64__qbz5n2kfra8p0\\share\\nltk_data'
    - 'C:\\Program Files\\WindowsApps\\PythonSoftwareFoundation.Python.3.13_3.13.1008.0_x64__qbz5n2kfra8p0\\lib\\nltk_data'
    - 'C:\\Users\\Dickson\\AppData\\Roaming\\nltk_data'
    - 'C:\\nltk_data'
    - 'D:\\nltk_data'
    - 'E:\\nltk_data'
**********************************************************************

2025-04-28 18:30:35,869 - __main__ - WARNING - NLTK preprocessing failed: 
**********************************************************************
  Resource [93mpunkt_tab[0m not found.
  Please use the NLTK Downloader to obtain the resource:

  [31m>>> import nltk
  >>> nltk.download('punkt_tab')
  [0m
  For more information see: https://www.nltk.org/data.html

  Attempted to load [93mtokenizers/punkt_tab/english/[0m

  Searched in:
    - 'C:\\Users\\Dickson/nltk_data'
    - 'C:\\Program Files\\WindowsApps\\PythonSoftwareFoundation.Python.3.13_3.13.1008.0_x64__qbz5n2kfra8p0\\nltk_data'
    - 'C:\\Program Files\\WindowsApps\\PythonSoftwareFoundation.Python.3.13_3.13.1008.0_x64__qbz5n2kfra8p0\\share\\nltk_data'
    - 'C:\\Program Files\\WindowsApps\\PythonSoftwareFoundation.Python.3.13_3.13.1008.0_x64__qbz5n2kfra8p0\\lib\\nltk_data'
    - 'C:\\Users\\Dickson\\AppData\\Roaming\\nltk_data'
    - 'C:\\nltk_data'
    - 'D:\\nltk_data'
    - 'E:\\nltk_data'
**********************************************************************

2025-04-28 18:30:35,888 - __main__ - WARNING - NLTK preprocessing failed: 
**********************************************************************
  Resource [93mpunkt_tab[0m not found.
  Please use the NLTK Downloader to obtain the resource:

  [31m>>> import nltk
  >>> nltk.download('punkt_tab')
  [0m
  For more information see: https://www.nltk.org/data.html

  Attempted to load [93mtokenizers/punkt_tab/english/[0m

  Searched in:
    - 'C:\\Users\\Dickson/nltk_data'
    - 'C:\\Program Files\\WindowsApps\\PythonSoftwareFoundation.Python.3.13_3.13.1008.0_x64__qbz5n2kfra8p0\\nltk_data'
    - 'C:\\Program Files\\WindowsApps\\PythonSoftwareFoundation.Python.3.13_3.13.1008.0_x64__qbz5n2kfra8p0\\share\\nltk_data'
    - 'C:\\Program Files\\WindowsApps\\PythonSoftwareFoundation.Python.3.13_3.13.1008.0_x64__qbz5n2kfra8p0\\lib\\nltk_data'
    - 'C:\\Users\\Dickson\\AppData\\Roaming\\nltk_data'
    - 'C:\\nltk_data'
    - 'D:\\nltk_data'
    - 'E:\\nltk_data'
**********************************************************************

2025-04-28 18:30:35,905 - __main__ - WARNING - NLTK preprocessing failed: 
**********************************************************************
  Resource [93mpunkt_tab[0m not found.
  Please use the NLTK Downloader to obtain the resource:

  [31m>>> import nltk
  >>> nltk.download('punkt_tab')
  [0m
  For more information see: https://www.nltk.org/data.html

  Attempted to load [93mtokenizers/punkt_tab/english/[0m

  Searched in:
    - 'C:\\Users\\Dickson/nltk_data'
    - 'C:\\Program Files\\WindowsApps\\PythonSoftwareFoundation.Python.3.13_3.13.1008.0_x64__qbz5n2kfra8p0\\nltk_data'
    - 'C:\\Program Files\\WindowsApps\\PythonSoftwareFoundation.Python.3.13_3.13.1008.0_x64__qbz5n2kfra8p0\\share\\nltk_data'
    - 'C:\\Program Files\\WindowsApps\\PythonSoftwareFoundation.Python.3.13_3.13.1008.0_x64__qbz5n2kfra8p0\\lib\\nltk_data'
    - 'C:\\Users\\Dickson\\AppData\\Roaming\\nltk_data'
    - 'C:\\nltk_data'
    - 'D:\\nltk_data'
    - 'E:\\nltk_data'
**********************************************************************

2025-04-28 18:30:35,925 - __main__ - WARNING - NLTK preprocessing failed: 
**********************************************************************
  Resource [93mpunkt_tab[0m not found.
  Please use the NLTK Downloader to obtain the resource:

  [31m>>> import nltk
  >>> nltk.download('punkt_tab')
  [0m
  For more information see: https://www.nltk.org/data.html

  Attempted to load [93mtokenizers/punkt_tab/english/[0m

  Searched in:
    - 'C:\\Users\\Dickson/nltk_data'
    - 'C:\\Program Files\\WindowsApps\\PythonSoftwareFoundation.Python.3.13_3.13.1008.0_x64__qbz5n2kfra8p0\\nltk_data'
    - 'C:\\Program Files\\WindowsApps\\PythonSoftwareFoundation.Python.3.13_3.13.1008.0_x64__qbz5n2kfra8p0\\share\\nltk_data'
    - 'C:\\Program Files\\WindowsApps\\PythonSoftwareFoundation.Python.3.13_3.13.1008.0_x64__qbz5n2kfra8p0\\lib\\nltk_data'
    - 'C:\\Users\\Dickson\\AppData\\Roaming\\nltk_data'
    - 'C:\\nltk_data'
    - 'D:\\nltk_data'
    - 'E:\\nltk_data'
**********************************************************************

2025-04-28 18:30:35,946 - __main__ - WARNING - NLTK preprocessing failed: 
**********************************************************************
  Resource [93mpunkt_tab[0m not found.
  Please use the NLTK Downloader to obtain the resource:

  [31m>>> import nltk
  >>> nltk.download('punkt_tab')
  [0m
  For more information see: https://www.nltk.org/data.html

  Attempted to load [93mtokenizers/punkt_tab/english/[0m

  Searched in:
    - 'C:\\Users\\Dickson/nltk_data'
    - 'C:\\Program Files\\WindowsApps\\PythonSoftwareFoundation.Python.3.13_3.13.1008.0_x64__qbz5n2kfra8p0\\nltk_data'
    - 'C:\\Program Files\\WindowsApps\\PythonSoftwareFoundation.Python.3.13_3.13.1008.0_x64__qbz5n2kfra8p0\\share\\nltk_data'
    - 'C:\\Program Files\\WindowsApps\\PythonSoftwareFoundation.Python.3.13_3.13.1008.0_x64__qbz5n2kfra8p0\\lib\\nltk_data'
    - 'C:\\Users\\Dickson\\AppData\\Roaming\\nltk_data'
    - 'C:\\nltk_data'
    - 'D:\\nltk_data'
    - 'E:\\nltk_data'
**********************************************************************

2025-04-28 18:30:35,966 - __main__ - WARNING - NLTK preprocessing failed: 
**********************************************************************
  Resource [93mpunkt_tab[0m not found.
  Please use the NLTK Downloader to obtain the resource:

  [31m>>> import nltk
  >>> nltk.download('punkt_tab')
  [0m
  For more information see: https://www.nltk.org/data.html

  Attempted to load [93mtokenizers/punkt_tab/english/[0m

  Searched in:
    - 'C:\\Users\\Dickson/nltk_data'
    - 'C:\\Program Files\\WindowsApps\\PythonSoftwareFoundation.Python.3.13_3.13.1008.0_x64__qbz5n2kfra8p0\\nltk_data'
    - 'C:\\Program Files\\WindowsApps\\PythonSoftwareFoundation.Python.3.13_3.13.1008.0_x64__qbz5n2kfra8p0\\share\\nltk_data'
    - 'C:\\Program Files\\WindowsApps\\PythonSoftwareFoundation.Python.3.13_3.13.1008.0_x64__qbz5n2kfra8p0\\lib\\nltk_data'
    - 'C:\\Users\\Dickson\\AppData\\Roaming\\nltk_data'
    - 'C:\\nltk_data'
    - 'D:\\nltk_data'
    - 'E:\\nltk_data'
**********************************************************************

2025-04-28 18:30:35,986 - __main__ - WARNING - NLTK preprocessing failed: 
**********************************************************************
  Resource [93mpunkt_tab[0m not found.
  Please use the NLTK Downloader to obtain the resource:

  [31m>>> import nltk
  >>> nltk.download('punkt_tab')
  [0m
  For more information see: https://www.nltk.org/data.html

  Attempted to load [93mtokenizers/punkt_tab/english/[0m

  Searched in:
    - 'C:\\Users\\Dickson/nltk_data'
    - 'C:\\Program Files\\WindowsApps\\PythonSoftwareFoundation.Python.3.13_3.13.1008.0_x64__qbz5n2kfra8p0\\nltk_data'
    - 'C:\\Program Files\\WindowsApps\\PythonSoftwareFoundation.Python.3.13_3.13.1008.0_x64__qbz5n2kfra8p0\\share\\nltk_data'
    - 'C:\\Program Files\\WindowsApps\\PythonSoftwareFoundation.Python.3.13_3.13.1008.0_x64__qbz5n2kfra8p0\\lib\\nltk_data'
    - 'C:\\Users\\Dickson\\AppData\\Roaming\\nltk_data'
    - 'C:\\nltk_data'
    - 'D:\\nltk_data'
    - 'E:\\nltk_data'
**********************************************************************

2025-04-28 18:30:36,004 - __main__ - WARNING - NLTK preprocessing failed: 
**********************************************************************
  Resource [93mpunkt_tab[0m not found.
  Please use the NLTK Downloader to obtain the resource:

  [31m>>> import nltk
  >>> nltk.download('punkt_tab')
  [0m
  For more information see: https://www.nltk.org/data.html

  Attempted to load [93mtokenizers/punkt_tab/english/[0m

  Searched in:
    - 'C:\\Users\\Dickson/nltk_data'
    - 'C:\\Program Files\\WindowsApps\\PythonSoftwareFoundation.Python.3.13_3.13.1008.0_x64__qbz5n2kfra8p0\\nltk_data'
    - 'C:\\Program Files\\WindowsApps\\PythonSoftwareFoundation.Python.3.13_3.13.1008.0_x64__qbz5n2kfra8p0\\share\\nltk_data'
    - 'C:\\Program Files\\WindowsApps\\PythonSoftwareFoundation.Python.3.13_3.13.1008.0_x64__qbz5n2kfra8p0\\lib\\nltk_data'
    - 'C:\\Users\\Dickson\\AppData\\Roaming\\nltk_data'
    - 'C:\\nltk_data'
    - 'D:\\nltk_data'
    - 'E:\\nltk_data'
**********************************************************************

2025-04-28 18:30:36,043 - __main__ - WARNING - NLTK preprocessing failed: 
**********************************************************************
  Resource [93mpunkt_tab[0m not found.
  Please use the NLTK Downloader to obtain the resource:

  [31m>>> import nltk
  >>> nltk.download('punkt_tab')
  [0m
  For more information see: https://www.nltk.org/data.html

  Attempted to load [93mtokenizers/punkt_tab/english/[0m

  Searched in:
    - 'C:\\Users\\Dickson/nltk_data'
    - 'C:\\Program Files\\WindowsApps\\PythonSoftwareFoundation.Python.3.13_3.13.1008.0_x64__qbz5n2kfra8p0\\nltk_data'
    - 'C:\\Program Files\\WindowsApps\\PythonSoftwareFoundation.Python.3.13_3.13.1008.0_x64__qbz5n2kfra8p0\\share\\nltk_data'
    - 'C:\\Program Files\\WindowsApps\\PythonSoftwareFoundation.Python.3.13_3.13.1008.0_x64__qbz5n2kfra8p0\\lib\\nltk_data'
    - 'C:\\Users\\Dickson\\AppData\\Roaming\\nltk_data'
    - 'C:\\nltk_data'
    - 'D:\\nltk_data'
    - 'E:\\nltk_data'
**********************************************************************

2025-04-28 18:30:36,058 - __main__ - WARNING - NLTK preprocessing failed: 
**********************************************************************
  Resource [93mpunkt_tab[0m not found.
  Please use the NLTK Downloader to obtain the resource:

  [31m>>> import nltk
  >>> nltk.download('punkt_tab')
  [0m
  For more information see: https://www.nltk.org/data.html

  Attempted to load [93mtokenizers/punkt_tab/english/[0m

  Searched in:
    - 'C:\\Users\\Dickson/nltk_data'
    - 'C:\\Program Files\\WindowsApps\\PythonSoftwareFoundation.Python.3.13_3.13.1008.0_x64__qbz5n2kfra8p0\\nltk_data'
    - 'C:\\Program Files\\WindowsApps\\PythonSoftwareFoundation.Python.3.13_3.13.1008.0_x64__qbz5n2kfra8p0\\share\\nltk_data'
    - 'C:\\Program Files\\WindowsApps\\PythonSoftwareFoundation.Python.3.13_3.13.1008.0_x64__qbz5n2kfra8p0\\lib\\nltk_data'
    - 'C:\\Users\\Dickson\\AppData\\Roaming\\nltk_data'
    - 'C:\\nltk_data'
    - 'D:\\nltk_data'
    - 'E:\\nltk_data'
**********************************************************************

2025-04-28 18:30:36,073 - __main__ - WARNING - NLTK preprocessing failed: 
**********************************************************************
  Resource [93mpunkt_tab[0m not found.
  Please use the NLTK Downloader to obtain the resource:

  [31m>>> import nltk
  >>> nltk.download('punkt_tab')
  [0m
  For more information see: https://www.nltk.org/data.html

  Attempted to load [93mtokenizers/punkt_tab/english/[0m

  Searched in:
    - 'C:\\Users\\Dickson/nltk_data'
    - 'C:\\Program Files\\WindowsApps\\PythonSoftwareFoundation.Python.3.13_3.13.1008.0_x64__qbz5n2kfra8p0\\nltk_data'
    - 'C:\\Program Files\\WindowsApps\\PythonSoftwareFoundation.Python.3.13_3.13.1008.0_x64__qbz5n2kfra8p0\\share\\nltk_data'
    - 'C:\\Program Files\\WindowsApps\\PythonSoftwareFoundation.Python.3.13_3.13.1008.0_x64__qbz5n2kfra8p0\\lib\\nltk_data'
    - 'C:\\Users\\Dickson\\AppData\\Roaming\\nltk_data'
    - 'C:\\nltk_data'
    - 'D:\\nltk_data'
    - 'E:\\nltk_data'
**********************************************************************

2025-04-28 18:30:36,088 - __main__ - WARNING - NLTK preprocessing failed: 
**********************************************************************
  Resource [93mpunkt_tab[0m not found.
  Please use the NLTK Downloader to obtain the resource:

  [31m>>> import nltk
  >>> nltk.download('punkt_tab')
  [0m
  For more information see: https://www.nltk.org/data.html

  Attempted to load [93mtokenizers/punkt_tab/english/[0m

  Searched in:
    - 'C:\\Users\\Dickson/nltk_data'
    - 'C:\\Program Files\\WindowsApps\\PythonSoftwareFoundation.Python.3.13_3.13.1008.0_x64__qbz5n2kfra8p0\\nltk_data'
    - 'C:\\Program Files\\WindowsApps\\PythonSoftwareFoundation.Python.3.13_3.13.1008.0_x64__qbz5n2kfra8p0\\share\\nltk_data'
    - 'C:\\Program Files\\WindowsApps\\PythonSoftwareFoundation.Python.3.13_3.13.1008.0_x64__qbz5n2kfra8p0\\lib\\nltk_data'
    - 'C:\\Users\\Dickson\\AppData\\Roaming\\nltk_data'
    - 'C:\\nltk_data'
    - 'D:\\nltk_data'
    - 'E:\\nltk_data'
**********************************************************************

2025-04-28 18:30:36,102 - __main__ - WARNING - NLTK preprocessing failed: 
**********************************************************************
  Resource [93mpunkt_tab[0m not found.
  Please use the NLTK Downloader to obtain the resource:

  [31m>>> import nltk
  >>> nltk.download('punkt_tab')
  [0m
  For more information see: https://www.nltk.org/data.html

  Attempted to load [93mtokenizers/punkt_tab/english/[0m

  Searched in:
    - 'C:\\Users\\Dickson/nltk_data'
    - 'C:\\Program Files\\WindowsApps\\PythonSoftwareFoundation.Python.3.13_3.13.1008.0_x64__qbz5n2kfra8p0\\nltk_data'
    - 'C:\\Program Files\\WindowsApps\\PythonSoftwareFoundation.Python.3.13_3.13.1008.0_x64__qbz5n2kfra8p0\\share\\nltk_data'
    - 'C:\\Program Files\\WindowsApps\\PythonSoftwareFoundation.Python.3.13_3.13.1008.0_x64__qbz5n2kfra8p0\\lib\\nltk_data'
    - 'C:\\Users\\Dickson\\AppData\\Roaming\\nltk_data'
    - 'C:\\nltk_data'
    - 'D:\\nltk_data'
    - 'E:\\nltk_data'
**********************************************************************

2025-04-28 18:30:36,116 - __main__ - WARNING - NLTK preprocessing failed: 
**********************************************************************
  Resource [93mpunkt_tab[0m not found.
  Please use the NLTK Downloader to obtain the resource:

  [31m>>> import nltk
  >>> nltk.download('punkt_tab')
  [0m
  For more information see: https://www.nltk.org/data.html

  Attempted to load [93mtokenizers/punkt_tab/english/[0m

  Searched in:
    - 'C:\\Users\\Dickson/nltk_data'
    - 'C:\\Program Files\\WindowsApps\\PythonSoftwareFoundation.Python.3.13_3.13.1008.0_x64__qbz5n2kfra8p0\\nltk_data'
    - 'C:\\Program Files\\WindowsApps\\PythonSoftwareFoundation.Python.3.13_3.13.1008.0_x64__qbz5n2kfra8p0\\share\\nltk_data'
    - 'C:\\Program Files\\WindowsApps\\PythonSoftwareFoundation.Python.3.13_3.13.1008.0_x64__qbz5n2kfra8p0\\lib\\nltk_data'
    - 'C:\\Users\\Dickson\\AppData\\Roaming\\nltk_data'
    - 'C:\\nltk_data'
    - 'D:\\nltk_data'
    - 'E:\\nltk_data'
**********************************************************************

2025-04-28 18:30:36,131 - __main__ - WARNING - NLTK preprocessing failed: 
**********************************************************************
  Resource [93mpunkt_tab[0m not found.
  Please use the NLTK Downloader to obtain the resource:

  [31m>>> import nltk
  >>> nltk.download('punkt_tab')
  [0m
  For more information see: https://www.nltk.org/data.html

  Attempted to load [93mtokenizers/punkt_tab/english/[0m

  Searched in:
    - 'C:\\Users\\Dickson/nltk_data'
    - 'C:\\Program Files\\WindowsApps\\PythonSoftwareFoundation.Python.3.13_3.13.1008.0_x64__qbz5n2kfra8p0\\nltk_data'
    - 'C:\\Program Files\\WindowsApps\\PythonSoftwareFoundation.Python.3.13_3.13.1008.0_x64__qbz5n2kfra8p0\\share\\nltk_data'
    - 'C:\\Program Files\\WindowsApps\\PythonSoftwareFoundation.Python.3.13_3.13.1008.0_x64__qbz5n2kfra8p0\\lib\\nltk_data'
    - 'C:\\Users\\Dickson\\AppData\\Roaming\\nltk_data'
    - 'C:\\nltk_data'
    - 'D:\\nltk_data'
    - 'E:\\nltk_data'
**********************************************************************

2025-04-28 18:30:36,145 - __main__ - WARNING - NLTK preprocessing failed: 
**********************************************************************
  Resource [93mpunkt_tab[0m not found.
  Please use the NLTK Downloader to obtain the resource:

  [31m>>> import nltk
  >>> nltk.download('punkt_tab')
  [0m
  For more information see: https://www.nltk.org/data.html

  Attempted to load [93mtokenizers/punkt_tab/english/[0m

  Searched in:
    - 'C:\\Users\\Dickson/nltk_data'
    - 'C:\\Program Files\\WindowsApps\\PythonSoftwareFoundation.Python.3.13_3.13.1008.0_x64__qbz5n2kfra8p0\\nltk_data'
    - 'C:\\Program Files\\WindowsApps\\PythonSoftwareFoundation.Python.3.13_3.13.1008.0_x64__qbz5n2kfra8p0\\share\\nltk_data'
    - 'C:\\Program Files\\WindowsApps\\PythonSoftwareFoundation.Python.3.13_3.13.1008.0_x64__qbz5n2kfra8p0\\lib\\nltk_data'
    - 'C:\\Users\\Dickson\\AppData\\Roaming\\nltk_data'
    - 'C:\\nltk_data'
    - 'D:\\nltk_data'
    - 'E:\\nltk_data'
**********************************************************************

2025-04-28 18:30:36,160 - __main__ - WARNING - NLTK preprocessing failed: 
**********************************************************************
  Resource [93mpunkt_tab[0m not found.
  Please use the NLTK Downloader to obtain the resource:

  [31m>>> import nltk
  >>> nltk.download('punkt_tab')
  [0m
  For more information see: https://www.nltk.org/data.html

  Attempted to load [93mtokenizers/punkt_tab/english/[0m

  Searched in:
    - 'C:\\Users\\Dickson/nltk_data'
    - 'C:\\Program Files\\WindowsApps\\PythonSoftwareFoundation.Python.3.13_3.13.1008.0_x64__qbz5n2kfra8p0\\nltk_data'
    - 'C:\\Program Files\\WindowsApps\\PythonSoftwareFoundation.Python.3.13_3.13.1008.0_x64__qbz5n2kfra8p0\\share\\nltk_data'
    - 'C:\\Program Files\\WindowsApps\\PythonSoftwareFoundation.Python.3.13_3.13.1008.0_x64__qbz5n2kfra8p0\\lib\\nltk_data'
    - 'C:\\Users\\Dickson\\AppData\\Roaming\\nltk_data'
    - 'C:\\nltk_data'
    - 'D:\\nltk_data'
    - 'E:\\nltk_data'
**********************************************************************

2025-04-28 18:30:36,176 - __main__ - WARNING - NLTK preprocessing failed: 
**********************************************************************
  Resource [93mpunkt_tab[0m not found.
  Please use the NLTK Downloader to obtain the resource:

  [31m>>> import nltk
  >>> nltk.download('punkt_tab')
  [0m
  For more information see: https://www.nltk.org/data.html

  Attempted to load [93mtokenizers/punkt_tab/english/[0m

  Searched in:
    - 'C:\\Users\\Dickson/nltk_data'
    - 'C:\\Program Files\\WindowsApps\\PythonSoftwareFoundation.Python.3.13_3.13.1008.0_x64__qbz5n2kfra8p0\\nltk_data'
    - 'C:\\Program Files\\WindowsApps\\PythonSoftwareFoundation.Python.3.13_3.13.1008.0_x64__qbz5n2kfra8p0\\share\\nltk_data'
    - 'C:\\Program Files\\WindowsApps\\PythonSoftwareFoundation.Python.3.13_3.13.1008.0_x64__qbz5n2kfra8p0\\lib\\nltk_data'
    - 'C:\\Users\\Dickson\\AppData\\Roaming\\nltk_data'
    - 'C:\\nltk_data'
    - 'D:\\nltk_data'
    - 'E:\\nltk_data'
**********************************************************************

2025-04-28 18:30:36,196 - __main__ - WARNING - NLTK preprocessing failed: 
**********************************************************************
  Resource [93mpunkt_tab[0m not found.
  Please use the NLTK Downloader to obtain the resource:

  [31m>>> import nltk
  >>> nltk.download('punkt_tab')
  [0m
  For more information see: https://www.nltk.org/data.html

  Attempted to load [93mtokenizers/punkt_tab/english/[0m

  Searched in:
    - 'C:\\Users\\Dickson/nltk_data'
    - 'C:\\Program Files\\WindowsApps\\PythonSoftwareFoundation.Python.3.13_3.13.1008.0_x64__qbz5n2kfra8p0\\nltk_data'
    - 'C:\\Program Files\\WindowsApps\\PythonSoftwareFoundation.Python.3.13_3.13.1008.0_x64__qbz5n2kfra8p0\\share\\nltk_data'
    - 'C:\\Program Files\\WindowsApps\\PythonSoftwareFoundation.Python.3.13_3.13.1008.0_x64__qbz5n2kfra8p0\\lib\\nltk_data'
    - 'C:\\Users\\Dickson\\AppData\\Roaming\\nltk_data'
    - 'C:\\nltk_data'
    - 'D:\\nltk_data'
    - 'E:\\nltk_data'
**********************************************************************

2025-04-28 18:30:36,212 - __main__ - WARNING - NLTK preprocessing failed: 
**********************************************************************
  Resource [93mpunkt_tab[0m not found.
  Please use the NLTK Downloader to obtain the resource:

  [31m>>> import nltk
  >>> nltk.download('punkt_tab')
  [0m
  For more information see: https://www.nltk.org/data.html

  Attempted to load [93mtokenizers/punkt_tab/english/[0m

  Searched in:
    - 'C:\\Users\\Dickson/nltk_data'
    - 'C:\\Program Files\\WindowsApps\\PythonSoftwareFoundation.Python.3.13_3.13.1008.0_x64__qbz5n2kfra8p0\\nltk_data'
    - 'C:\\Program Files\\WindowsApps\\PythonSoftwareFoundation.Python.3.13_3.13.1008.0_x64__qbz5n2kfra8p0\\share\\nltk_data'
    - 'C:\\Program Files\\WindowsApps\\PythonSoftwareFoundation.Python.3.13_3.13.1008.0_x64__qbz5n2kfra8p0\\lib\\nltk_data'
    - 'C:\\Users\\Dickson\\AppData\\Roaming\\nltk_data'
    - 'C:\\nltk_data'
    - 'D:\\nltk_data'
    - 'E:\\nltk_data'
**********************************************************************

2025-04-28 18:30:36,226 - __main__ - WARNING - NLTK preprocessing failed: 
**********************************************************************
  Resource [93mpunkt_tab[0m not found.
  Please use the NLTK Downloader to obtain the resource:

  [31m>>> import nltk
  >>> nltk.download('punkt_tab')
  [0m
  For more information see: https://www.nltk.org/data.html

  Attempted to load [93mtokenizers/punkt_tab/english/[0m

  Searched in:
    - 'C:\\Users\\Dickson/nltk_data'
    - 'C:\\Program Files\\WindowsApps\\PythonSoftwareFoundation.Python.3.13_3.13.1008.0_x64__qbz5n2kfra8p0\\nltk_data'
    - 'C:\\Program Files\\WindowsApps\\PythonSoftwareFoundation.Python.3.13_3.13.1008.0_x64__qbz5n2kfra8p0\\share\\nltk_data'
    - 'C:\\Program Files\\WindowsApps\\PythonSoftwareFoundation.Python.3.13_3.13.1008.0_x64__qbz5n2kfra8p0\\lib\\nltk_data'
    - 'C:\\Users\\Dickson\\AppData\\Roaming\\nltk_data'
    - 'C:\\nltk_data'
    - 'D:\\nltk_data'
    - 'E:\\nltk_data'
**********************************************************************

2025-04-28 18:30:36,245 - __main__ - WARNING - NLTK preprocessing failed: 
**********************************************************************
  Resource [93mpunkt_tab[0m not found.
  Please use the NLTK Downloader to obtain the resource:

  [31m>>> import nltk
  >>> nltk.download('punkt_tab')
  [0m
  For more information see: https://www.nltk.org/data.html

  Attempted to load [93mtokenizers/punkt_tab/english/[0m

  Searched in:
    - 'C:\\Users\\Dickson/nltk_data'
    - 'C:\\Program Files\\WindowsApps\\PythonSoftwareFoundation.Python.3.13_3.13.1008.0_x64__qbz5n2kfra8p0\\nltk_data'
    - 'C:\\Program Files\\WindowsApps\\PythonSoftwareFoundation.Python.3.13_3.13.1008.0_x64__qbz5n2kfra8p0\\share\\nltk_data'
    - 'C:\\Program Files\\WindowsApps\\PythonSoftwareFoundation.Python.3.13_3.13.1008.0_x64__qbz5n2kfra8p0\\lib\\nltk_data'
    - 'C:\\Users\\Dickson\\AppData\\Roaming\\nltk_data'
    - 'C:\\nltk_data'
    - 'D:\\nltk_data'
    - 'E:\\nltk_data'
**********************************************************************

2025-04-28 18:30:36,263 - __main__ - WARNING - NLTK preprocessing failed: 
**********************************************************************
  Resource [93mpunkt_tab[0m not found.
  Please use the NLTK Downloader to obtain the resource:

  [31m>>> import nltk
  >>> nltk.download('punkt_tab')
  [0m
  For more information see: https://www.nltk.org/data.html

  Attempted to load [93mtokenizers/punkt_tab/english/[0m

  Searched in:
    - 'C:\\Users\\Dickson/nltk_data'
    - 'C:\\Program Files\\WindowsApps\\PythonSoftwareFoundation.Python.3.13_3.13.1008.0_x64__qbz5n2kfra8p0\\nltk_data'
    - 'C:\\Program Files\\WindowsApps\\PythonSoftwareFoundation.Python.3.13_3.13.1008.0_x64__qbz5n2kfra8p0\\share\\nltk_data'
    - 'C:\\Program Files\\WindowsApps\\PythonSoftwareFoundation.Python.3.13_3.13.1008.0_x64__qbz5n2kfra8p0\\lib\\nltk_data'
    - 'C:\\Users\\Dickson\\AppData\\Roaming\\nltk_data'
    - 'C:\\nltk_data'
    - 'D:\\nltk_data'
    - 'E:\\nltk_data'
**********************************************************************

2025-04-28 18:30:36,286 - __main__ - WARNING - NLTK preprocessing failed: 
**********************************************************************
  Resource [93mpunkt_tab[0m not found.
  Please use the NLTK Downloader to obtain the resource:

  [31m>>> import nltk
  >>> nltk.download('punkt_tab')
  [0m
  For more information see: https://www.nltk.org/data.html

  Attempted to load [93mtokenizers/punkt_tab/english/[0m

  Searched in:
    - 'C:\\Users\\Dickson/nltk_data'
    - 'C:\\Program Files\\WindowsApps\\PythonSoftwareFoundation.Python.3.13_3.13.1008.0_x64__qbz5n2kfra8p0\\nltk_data'
    - 'C:\\Program Files\\WindowsApps\\PythonSoftwareFoundation.Python.3.13_3.13.1008.0_x64__qbz5n2kfra8p0\\share\\nltk_data'
    - 'C:\\Program Files\\WindowsApps\\PythonSoftwareFoundation.Python.3.13_3.13.1008.0_x64__qbz5n2kfra8p0\\lib\\nltk_data'
    - 'C:\\Users\\Dickson\\AppData\\Roaming\\nltk_data'
    - 'C:\\nltk_data'
    - 'D:\\nltk_data'
    - 'E:\\nltk_data'
**********************************************************************

2025-04-28 18:30:36,309 - __main__ - WARNING - NLTK preprocessing failed: 
**********************************************************************
  Resource [93mpunkt_tab[0m not found.
  Please use the NLTK Downloader to obtain the resource:

  [31m>>> import nltk
  >>> nltk.download('punkt_tab')
  [0m
  For more information see: https://www.nltk.org/data.html

  Attempted to load [93mtokenizers/punkt_tab/english/[0m

  Searched in:
    - 'C:\\Users\\Dickson/nltk_data'
    - 'C:\\Program Files\\WindowsApps\\PythonSoftwareFoundation.Python.3.13_3.13.1008.0_x64__qbz5n2kfra8p0\\nltk_data'
    - 'C:\\Program Files\\WindowsApps\\PythonSoftwareFoundation.Python.3.13_3.13.1008.0_x64__qbz5n2kfra8p0\\share\\nltk_data'
    - 'C:\\Program Files\\WindowsApps\\PythonSoftwareFoundation.Python.3.13_3.13.1008.0_x64__qbz5n2kfra8p0\\lib\\nltk_data'
    - 'C:\\Users\\Dickson\\AppData\\Roaming\\nltk_data'
    - 'C:\\nltk_data'
    - 'D:\\nltk_data'
    - 'E:\\nltk_data'
**********************************************************************

2025-04-28 18:30:36,329 - __main__ - WARNING - NLTK preprocessing failed: 
**********************************************************************
  Resource [93mpunkt_tab[0m not found.
  Please use the NLTK Downloader to obtain the resource:

  [31m>>> import nltk
  >>> nltk.download('punkt_tab')
  [0m
  For more information see: https://www.nltk.org/data.html

  Attempted to load [93mtokenizers/punkt_tab/english/[0m

  Searched in:
    - 'C:\\Users\\Dickson/nltk_data'
    - 'C:\\Program Files\\WindowsApps\\PythonSoftwareFoundation.Python.3.13_3.13.1008.0_x64__qbz5n2kfra8p0\\nltk_data'
    - 'C:\\Program Files\\WindowsApps\\PythonSoftwareFoundation.Python.3.13_3.13.1008.0_x64__qbz5n2kfra8p0\\share\\nltk_data'
    - 'C:\\Program Files\\WindowsApps\\PythonSoftwareFoundation.Python.3.13_3.13.1008.0_x64__qbz5n2kfra8p0\\lib\\nltk_data'
    - 'C:\\Users\\Dickson\\AppData\\Roaming\\nltk_data'
    - 'C:\\nltk_data'
    - 'D:\\nltk_data'
    - 'E:\\nltk_data'
**********************************************************************

2025-04-28 18:30:36,347 - __main__ - WARNING - NLTK preprocessing failed: 
**********************************************************************
  Resource [93mpunkt_tab[0m not found.
  Please use the NLTK Downloader to obtain the resource:

  [31m>>> import nltk
  >>> nltk.download('punkt_tab')
  [0m
  For more information see: https://www.nltk.org/data.html

  Attempted to load [93mtokenizers/punkt_tab/english/[0m

  Searched in:
    - 'C:\\Users\\Dickson/nltk_data'
    - 'C:\\Program Files\\WindowsApps\\PythonSoftwareFoundation.Python.3.13_3.13.1008.0_x64__qbz5n2kfra8p0\\nltk_data'
    - 'C:\\Program Files\\WindowsApps\\PythonSoftwareFoundation.Python.3.13_3.13.1008.0_x64__qbz5n2kfra8p0\\share\\nltk_data'
    - 'C:\\Program Files\\WindowsApps\\PythonSoftwareFoundation.Python.3.13_3.13.1008.0_x64__qbz5n2kfra8p0\\lib\\nltk_data'
    - 'C:\\Users\\Dickson\\AppData\\Roaming\\nltk_data'
    - 'C:\\nltk_data'
    - 'D:\\nltk_data'
    - 'E:\\nltk_data'
**********************************************************************

2025-04-28 18:30:36,365 - __main__ - WARNING - NLTK preprocessing failed: 
**********************************************************************
  Resource [93mpunkt_tab[0m not found.
  Please use the NLTK Downloader to obtain the resource:

  [31m>>> import nltk
  >>> nltk.download('punkt_tab')
  [0m
  For more information see: https://www.nltk.org/data.html

  Attempted to load [93mtokenizers/punkt_tab/english/[0m

  Searched in:
    - 'C:\\Users\\Dickson/nltk_data'
    - 'C:\\Program Files\\WindowsApps\\PythonSoftwareFoundation.Python.3.13_3.13.1008.0_x64__qbz5n2kfra8p0\\nltk_data'
    - 'C:\\Program Files\\WindowsApps\\PythonSoftwareFoundation.Python.3.13_3.13.1008.0_x64__qbz5n2kfra8p0\\share\\nltk_data'
    - 'C:\\Program Files\\WindowsApps\\PythonSoftwareFoundation.Python.3.13_3.13.1008.0_x64__qbz5n2kfra8p0\\lib\\nltk_data'
    - 'C:\\Users\\Dickson\\AppData\\Roaming\\nltk_data'
    - 'C:\\nltk_data'
    - 'D:\\nltk_data'
    - 'E:\\nltk_data'
**********************************************************************

2025-04-28 18:30:36,383 - __main__ - WARNING - NLTK preprocessing failed: 
**********************************************************************
  Resource [93mpunkt_tab[0m not found.
  Please use the NLTK Downloader to obtain the resource:

  [31m>>> import nltk
  >>> nltk.download('punkt_tab')
  [0m
  For more information see: https://www.nltk.org/data.html

  Attempted to load [93mtokenizers/punkt_tab/english/[0m

  Searched in:
    - 'C:\\Users\\Dickson/nltk_data'
    - 'C:\\Program Files\\WindowsApps\\PythonSoftwareFoundation.Python.3.13_3.13.1008.0_x64__qbz5n2kfra8p0\\nltk_data'
    - 'C:\\Program Files\\WindowsApps\\PythonSoftwareFoundation.Python.3.13_3.13.1008.0_x64__qbz5n2kfra8p0\\share\\nltk_data'
    - 'C:\\Program Files\\WindowsApps\\PythonSoftwareFoundation.Python.3.13_3.13.1008.0_x64__qbz5n2kfra8p0\\lib\\nltk_data'
    - 'C:\\Users\\Dickson\\AppData\\Roaming\\nltk_data'
    - 'C:\\nltk_data'
    - 'D:\\nltk_data'
    - 'E:\\nltk_data'
**********************************************************************

2025-04-28 18:30:36,399 - __main__ - WARNING - NLTK preprocessing failed: 
**********************************************************************
  Resource [93mpunkt_tab[0m not found.
  Please use the NLTK Downloader to obtain the resource:

  [31m>>> import nltk
  >>> nltk.download('punkt_tab')
  [0m
  For more information see: https://www.nltk.org/data.html

  Attempted to load [93mtokenizers/punkt_tab/english/[0m

  Searched in:
    - 'C:\\Users\\Dickson/nltk_data'
    - 'C:\\Program Files\\WindowsApps\\PythonSoftwareFoundation.Python.3.13_3.13.1008.0_x64__qbz5n2kfra8p0\\nltk_data'
    - 'C:\\Program Files\\WindowsApps\\PythonSoftwareFoundation.Python.3.13_3.13.1008.0_x64__qbz5n2kfra8p0\\share\\nltk_data'
    - 'C:\\Program Files\\WindowsApps\\PythonSoftwareFoundation.Python.3.13_3.13.1008.0_x64__qbz5n2kfra8p0\\lib\\nltk_data'
    - 'C:\\Users\\Dickson\\AppData\\Roaming\\nltk_data'
    - 'C:\\nltk_data'
    - 'D:\\nltk_data'
    - 'E:\\nltk_data'
**********************************************************************

2025-04-28 18:30:36,418 - __main__ - WARNING - NLTK preprocessing failed: 
**********************************************************************
  Resource [93mpunkt_tab[0m not found.
  Please use the NLTK Downloader to obtain the resource:

  [31m>>> import nltk
  >>> nltk.download('punkt_tab')
  [0m
  For more information see: https://www.nltk.org/data.html

  Attempted to load [93mtokenizers/punkt_tab/english/[0m

  Searched in:
    - 'C:\\Users\\Dickson/nltk_data'
    - 'C:\\Program Files\\WindowsApps\\PythonSoftwareFoundation.Python.3.13_3.13.1008.0_x64__qbz5n2kfra8p0\\nltk_data'
    - 'C:\\Program Files\\WindowsApps\\PythonSoftwareFoundation.Python.3.13_3.13.1008.0_x64__qbz5n2kfra8p0\\share\\nltk_data'
    - 'C:\\Program Files\\WindowsApps\\PythonSoftwareFoundation.Python.3.13_3.13.1008.0_x64__qbz5n2kfra8p0\\lib\\nltk_data'
    - 'C:\\Users\\Dickson\\AppData\\Roaming\\nltk_data'
    - 'C:\\nltk_data'
    - 'D:\\nltk_data'
    - 'E:\\nltk_data'
**********************************************************************

2025-04-28 18:30:36,434 - __main__ - WARNING - NLTK preprocessing failed: 
**********************************************************************
  Resource [93mpunkt_tab[0m not found.
  Please use the NLTK Downloader to obtain the resource:

  [31m>>> import nltk
  >>> nltk.download('punkt_tab')
  [0m
  For more information see: https://www.nltk.org/data.html

  Attempted to load [93mtokenizers/punkt_tab/english/[0m

  Searched in:
    - 'C:\\Users\\Dickson/nltk_data'
    - 'C:\\Program Files\\WindowsApps\\PythonSoftwareFoundation.Python.3.13_3.13.1008.0_x64__qbz5n2kfra8p0\\nltk_data'
    - 'C:\\Program Files\\WindowsApps\\PythonSoftwareFoundation.Python.3.13_3.13.1008.0_x64__qbz5n2kfra8p0\\share\\nltk_data'
    - 'C:\\Program Files\\WindowsApps\\PythonSoftwareFoundation.Python.3.13_3.13.1008.0_x64__qbz5n2kfra8p0\\lib\\nltk_data'
    - 'C:\\Users\\Dickson\\AppData\\Roaming\\nltk_data'
    - 'C:\\nltk_data'
    - 'D:\\nltk_data'
    - 'E:\\nltk_data'
**********************************************************************

2025-04-28 18:30:36,445 - __main__ - WARNING - NLTK preprocessing failed: 
**********************************************************************
  Resource [93mpunkt_tab[0m not found.
  Please use the NLTK Downloader to obtain the resource:

  [31m>>> import nltk
  >>> nltk.download('punkt_tab')
  [0m
  For more information see: https://www.nltk.org/data.html

  Attempted to load [93mtokenizers/punkt_tab/english/[0m

  Searched in:
    - 'C:\\Users\\Dickson/nltk_data'
    - 'C:\\Program Files\\WindowsApps\\PythonSoftwareFoundation.Python.3.13_3.13.1008.0_x64__qbz5n2kfra8p0\\nltk_data'
    - 'C:\\Program Files\\WindowsApps\\PythonSoftwareFoundation.Python.3.13_3.13.1008.0_x64__qbz5n2kfra8p0\\share\\nltk_data'
    - 'C:\\Program Files\\WindowsApps\\PythonSoftwareFoundation.Python.3.13_3.13.1008.0_x64__qbz5n2kfra8p0\\lib\\nltk_data'
    - 'C:\\Users\\Dickson\\AppData\\Roaming\\nltk_data'
    - 'C:\\nltk_data'
    - 'D:\\nltk_data'
    - 'E:\\nltk_data'
**********************************************************************

2025-04-28 18:30:36,456 - __main__ - WARNING - NLTK preprocessing failed: 
**********************************************************************
  Resource [93mpunkt_tab[0m not found.
  Please use the NLTK Downloader to obtain the resource:

  [31m>>> import nltk
  >>> nltk.download('punkt_tab')
  [0m
  For more information see: https://www.nltk.org/data.html

  Attempted to load [93mtokenizers/punkt_tab/english/[0m

  Searched in:
    - 'C:\\Users\\Dickson/nltk_data'
    - 'C:\\Program Files\\WindowsApps\\PythonSoftwareFoundation.Python.3.13_3.13.1008.0_x64__qbz5n2kfra8p0\\nltk_data'
    - 'C:\\Program Files\\WindowsApps\\PythonSoftwareFoundation.Python.3.13_3.13.1008.0_x64__qbz5n2kfra8p0\\share\\nltk_data'
    - 'C:\\Program Files\\WindowsApps\\PythonSoftwareFoundation.Python.3.13_3.13.1008.0_x64__qbz5n2kfra8p0\\lib\\nltk_data'
    - 'C:\\Users\\Dickson\\AppData\\Roaming\\nltk_data'
    - 'C:\\nltk_data'
    - 'D:\\nltk_data'
    - 'E:\\nltk_data'
**********************************************************************

2025-04-28 18:30:36,467 - werkzeug - INFO - 127.0.0.1 - - [28/Apr/2025 18:30:36] "GET /get?msg=How%20do%20you%20work? HTTP/1.1" 200 -
2025-04-28 18:51:52,414 - werkzeug - INFO - 127.0.0.1 - - [28/Apr/2025 18:51:52] "GET / HTTP/1.1" 200 -
2025-04-28 18:51:57,874 - werkzeug - INFO - 127.0.0.1 - - [28/Apr/2025 18:51:57] "[33mGET /favicon.ico HTTP/1.1[0m" 404 -
2025-04-28 18:52:27,351 - __main__ - WARNING - NLTK preprocessing failed: 
**********************************************************************
  Resource [93mpunkt_tab[0m not found.
  Please use the NLTK Downloader to obtain the resource:

  [31m>>> import nltk
  >>> nltk.download('punkt_tab')
  [0m
  For more information see: https://www.nltk.org/data.html

  Attempted to load [93mtokenizers/punkt_tab/english/[0m

  Searched in:
    - 'C:\\Users\\Dickson/nltk_data'
    - 'C:\\Program Files\\WindowsApps\\PythonSoftwareFoundation.Python.3.13_3.13.1008.0_x64__qbz5n2kfra8p0\\nltk_data'
    - 'C:\\Program Files\\WindowsApps\\PythonSoftwareFoundation.Python.3.13_3.13.1008.0_x64__qbz5n2kfra8p0\\share\\nltk_data'
    - 'C:\\Program Files\\WindowsApps\\PythonSoftwareFoundation.Python.3.13_3.13.1008.0_x64__qbz5n2kfra8p0\\lib\\nltk_data'
    - 'C:\\Users\\Dickson\\AppData\\Roaming\\nltk_data'
    - 'C:\\nltk_data'
    - 'D:\\nltk_data'
    - 'E:\\nltk_data'
**********************************************************************

2025-04-28 18:52:27,368 - __main__ - WARNING - NLTK preprocessing failed: 
**********************************************************************
  Resource [93mpunkt_tab[0m not found.
  Please use the NLTK Downloader to obtain the resource:

  [31m>>> import nltk
  >>> nltk.download('punkt_tab')
  [0m
  For more information see: https://www.nltk.org/data.html

  Attempted to load [93mtokenizers/punkt_tab/english/[0m

  Searched in:
    - 'C:\\Users\\Dickson/nltk_data'
    - 'C:\\Program Files\\WindowsApps\\PythonSoftwareFoundation.Python.3.13_3.13.1008.0_x64__qbz5n2kfra8p0\\nltk_data'
    - 'C:\\Program Files\\WindowsApps\\PythonSoftwareFoundation.Python.3.13_3.13.1008.0_x64__qbz5n2kfra8p0\\share\\nltk_data'
    - 'C:\\Program Files\\WindowsApps\\PythonSoftwareFoundation.Python.3.13_3.13.1008.0_x64__qbz5n2kfra8p0\\lib\\nltk_data'
    - 'C:\\Users\\Dickson\\AppData\\Roaming\\nltk_data'
    - 'C:\\nltk_data'
    - 'D:\\nltk_data'
    - 'E:\\nltk_data'
**********************************************************************

2025-04-28 18:52:27,383 - __main__ - WARNING - NLTK preprocessing failed: 
**********************************************************************
  Resource [93mpunkt_tab[0m not found.
  Please use the NLTK Downloader to obtain the resource:

  [31m>>> import nltk
  >>> nltk.download('punkt_tab')
  [0m
  For more information see: https://www.nltk.org/data.html

  Attempted to load [93mtokenizers/punkt_tab/english/[0m

  Searched in:
    - 'C:\\Users\\Dickson/nltk_data'
    - 'C:\\Program Files\\WindowsApps\\PythonSoftwareFoundation.Python.3.13_3.13.1008.0_x64__qbz5n2kfra8p0\\nltk_data'
    - 'C:\\Program Files\\WindowsApps\\PythonSoftwareFoundation.Python.3.13_3.13.1008.0_x64__qbz5n2kfra8p0\\share\\nltk_data'
    - 'C:\\Program Files\\WindowsApps\\PythonSoftwareFoundation.Python.3.13_3.13.1008.0_x64__qbz5n2kfra8p0\\lib\\nltk_data'
    - 'C:\\Users\\Dickson\\AppData\\Roaming\\nltk_data'
    - 'C:\\nltk_data'
    - 'D:\\nltk_data'
    - 'E:\\nltk_data'
**********************************************************************

2025-04-28 18:52:27,399 - __main__ - WARNING - NLTK preprocessing failed: 
**********************************************************************
  Resource [93mpunkt_tab[0m not found.
  Please use the NLTK Downloader to obtain the resource:

  [31m>>> import nltk
  >>> nltk.download('punkt_tab')
  [0m
  For more information see: https://www.nltk.org/data.html

  Attempted to load [93mtokenizers/punkt_tab/english/[0m

  Searched in:
    - 'C:\\Users\\Dickson/nltk_data'
    - 'C:\\Program Files\\WindowsApps\\PythonSoftwareFoundation.Python.3.13_3.13.1008.0_x64__qbz5n2kfra8p0\\nltk_data'
    - 'C:\\Program Files\\WindowsApps\\PythonSoftwareFoundation.Python.3.13_3.13.1008.0_x64__qbz5n2kfra8p0\\share\\nltk_data'
    - 'C:\\Program Files\\WindowsApps\\PythonSoftwareFoundation.Python.3.13_3.13.1008.0_x64__qbz5n2kfra8p0\\lib\\nltk_data'
    - 'C:\\Users\\Dickson\\AppData\\Roaming\\nltk_data'
    - 'C:\\nltk_data'
    - 'D:\\nltk_data'
    - 'E:\\nltk_data'
**********************************************************************

2025-04-28 18:52:27,415 - __main__ - WARNING - NLTK preprocessing failed: 
**********************************************************************
  Resource [93mpunkt_tab[0m not found.
  Please use the NLTK Downloader to obtain the resource:

  [31m>>> import nltk
  >>> nltk.download('punkt_tab')
  [0m
  For more information see: https://www.nltk.org/data.html

  Attempted to load [93mtokenizers/punkt_tab/english/[0m

  Searched in:
    - 'C:\\Users\\Dickson/nltk_data'
    - 'C:\\Program Files\\WindowsApps\\PythonSoftwareFoundation.Python.3.13_3.13.1008.0_x64__qbz5n2kfra8p0\\nltk_data'
    - 'C:\\Program Files\\WindowsApps\\PythonSoftwareFoundation.Python.3.13_3.13.1008.0_x64__qbz5n2kfra8p0\\share\\nltk_data'
    - 'C:\\Program Files\\WindowsApps\\PythonSoftwareFoundation.Python.3.13_3.13.1008.0_x64__qbz5n2kfra8p0\\lib\\nltk_data'
    - 'C:\\Users\\Dickson\\AppData\\Roaming\\nltk_data'
    - 'C:\\nltk_data'
    - 'D:\\nltk_data'
    - 'E:\\nltk_data'
**********************************************************************

2025-04-28 18:52:27,429 - __main__ - WARNING - NLTK preprocessing failed: 
**********************************************************************
  Resource [93mpunkt_tab[0m not found.
  Please use the NLTK Downloader to obtain the resource:

  [31m>>> import nltk
  >>> nltk.download('punkt_tab')
  [0m
  For more information see: https://www.nltk.org/data.html

  Attempted to load [93mtokenizers/punkt_tab/english/[0m

  Searched in:
    - 'C:\\Users\\Dickson/nltk_data'
    - 'C:\\Program Files\\WindowsApps\\PythonSoftwareFoundation.Python.3.13_3.13.1008.0_x64__qbz5n2kfra8p0\\nltk_data'
    - 'C:\\Program Files\\WindowsApps\\PythonSoftwareFoundation.Python.3.13_3.13.1008.0_x64__qbz5n2kfra8p0\\share\\nltk_data'
    - 'C:\\Program Files\\WindowsApps\\PythonSoftwareFoundation.Python.3.13_3.13.1008.0_x64__qbz5n2kfra8p0\\lib\\nltk_data'
    - 'C:\\Users\\Dickson\\AppData\\Roaming\\nltk_data'
    - 'C:\\nltk_data'
    - 'D:\\nltk_data'
    - 'E:\\nltk_data'
**********************************************************************

2025-04-28 18:52:27,446 - __main__ - WARNING - NLTK preprocessing failed: 
**********************************************************************
  Resource [93mpunkt_tab[0m not found.
  Please use the NLTK Downloader to obtain the resource:

  [31m>>> import nltk
  >>> nltk.download('punkt_tab')
  [0m
  For more information see: https://www.nltk.org/data.html

  Attempted to load [93mtokenizers/punkt_tab/english/[0m

  Searched in:
    - 'C:\\Users\\Dickson/nltk_data'
    - 'C:\\Program Files\\WindowsApps\\PythonSoftwareFoundation.Python.3.13_3.13.1008.0_x64__qbz5n2kfra8p0\\nltk_data'
    - 'C:\\Program Files\\WindowsApps\\PythonSoftwareFoundation.Python.3.13_3.13.1008.0_x64__qbz5n2kfra8p0\\share\\nltk_data'
    - 'C:\\Program Files\\WindowsApps\\PythonSoftwareFoundation.Python.3.13_3.13.1008.0_x64__qbz5n2kfra8p0\\lib\\nltk_data'
    - 'C:\\Users\\Dickson\\AppData\\Roaming\\nltk_data'
    - 'C:\\nltk_data'
    - 'D:\\nltk_data'
    - 'E:\\nltk_data'
**********************************************************************

2025-04-28 18:52:27,463 - __main__ - WARNING - NLTK preprocessing failed: 
**********************************************************************
  Resource [93mpunkt_tab[0m not found.
  Please use the NLTK Downloader to obtain the resource:

  [31m>>> import nltk
  >>> nltk.download('punkt_tab')
  [0m
  For more information see: https://www.nltk.org/data.html

  Attempted to load [93mtokenizers/punkt_tab/english/[0m

  Searched in:
    - 'C:\\Users\\Dickson/nltk_data'
    - 'C:\\Program Files\\WindowsApps\\PythonSoftwareFoundation.Python.3.13_3.13.1008.0_x64__qbz5n2kfra8p0\\nltk_data'
    - 'C:\\Program Files\\WindowsApps\\PythonSoftwareFoundation.Python.3.13_3.13.1008.0_x64__qbz5n2kfra8p0\\share\\nltk_data'
    - 'C:\\Program Files\\WindowsApps\\PythonSoftwareFoundation.Python.3.13_3.13.1008.0_x64__qbz5n2kfra8p0\\lib\\nltk_data'
    - 'C:\\Users\\Dickson\\AppData\\Roaming\\nltk_data'
    - 'C:\\nltk_data'
    - 'D:\\nltk_data'
    - 'E:\\nltk_data'
**********************************************************************

2025-04-28 18:52:27,484 - __main__ - WARNING - NLTK preprocessing failed: 
**********************************************************************
  Resource [93mpunkt_tab[0m not found.
  Please use the NLTK Downloader to obtain the resource:

  [31m>>> import nltk
  >>> nltk.download('punkt_tab')
  [0m
  For more information see: https://www.nltk.org/data.html

  Attempted to load [93mtokenizers/punkt_tab/english/[0m

  Searched in:
    - 'C:\\Users\\Dickson/nltk_data'
    - 'C:\\Program Files\\WindowsApps\\PythonSoftwareFoundation.Python.3.13_3.13.1008.0_x64__qbz5n2kfra8p0\\nltk_data'
    - 'C:\\Program Files\\WindowsApps\\PythonSoftwareFoundation.Python.3.13_3.13.1008.0_x64__qbz5n2kfra8p0\\share\\nltk_data'
    - 'C:\\Program Files\\WindowsApps\\PythonSoftwareFoundation.Python.3.13_3.13.1008.0_x64__qbz5n2kfra8p0\\lib\\nltk_data'
    - 'C:\\Users\\Dickson\\AppData\\Roaming\\nltk_data'
    - 'C:\\nltk_data'
    - 'D:\\nltk_data'
    - 'E:\\nltk_data'
**********************************************************************

2025-04-28 18:52:27,502 - __main__ - WARNING - NLTK preprocessing failed: 
**********************************************************************
  Resource [93mpunkt_tab[0m not found.
  Please use the NLTK Downloader to obtain the resource:

  [31m>>> import nltk
  >>> nltk.download('punkt_tab')
  [0m
  For more information see: https://www.nltk.org/data.html

  Attempted to load [93mtokenizers/punkt_tab/english/[0m

  Searched in:
    - 'C:\\Users\\Dickson/nltk_data'
    - 'C:\\Program Files\\WindowsApps\\PythonSoftwareFoundation.Python.3.13_3.13.1008.0_x64__qbz5n2kfra8p0\\nltk_data'
    - 'C:\\Program Files\\WindowsApps\\PythonSoftwareFoundation.Python.3.13_3.13.1008.0_x64__qbz5n2kfra8p0\\share\\nltk_data'
    - 'C:\\Program Files\\WindowsApps\\PythonSoftwareFoundation.Python.3.13_3.13.1008.0_x64__qbz5n2kfra8p0\\lib\\nltk_data'
    - 'C:\\Users\\Dickson\\AppData\\Roaming\\nltk_data'
    - 'C:\\nltk_data'
    - 'D:\\nltk_data'
    - 'E:\\nltk_data'
**********************************************************************

2025-04-28 18:52:27,522 - __main__ - WARNING - NLTK preprocessing failed: 
**********************************************************************
  Resource [93mpunkt_tab[0m not found.
  Please use the NLTK Downloader to obtain the resource:

  [31m>>> import nltk
  >>> nltk.download('punkt_tab')
  [0m
  For more information see: https://www.nltk.org/data.html

  Attempted to load [93mtokenizers/punkt_tab/english/[0m

  Searched in:
    - 'C:\\Users\\Dickson/nltk_data'
    - 'C:\\Program Files\\WindowsApps\\PythonSoftwareFoundation.Python.3.13_3.13.1008.0_x64__qbz5n2kfra8p0\\nltk_data'
    - 'C:\\Program Files\\WindowsApps\\PythonSoftwareFoundation.Python.3.13_3.13.1008.0_x64__qbz5n2kfra8p0\\share\\nltk_data'
    - 'C:\\Program Files\\WindowsApps\\PythonSoftwareFoundation.Python.3.13_3.13.1008.0_x64__qbz5n2kfra8p0\\lib\\nltk_data'
    - 'C:\\Users\\Dickson\\AppData\\Roaming\\nltk_data'
    - 'C:\\nltk_data'
    - 'D:\\nltk_data'
    - 'E:\\nltk_data'
**********************************************************************

2025-04-28 18:52:27,540 - __main__ - WARNING - NLTK preprocessing failed: 
**********************************************************************
  Resource [93mpunkt_tab[0m not found.
  Please use the NLTK Downloader to obtain the resource:

  [31m>>> import nltk
  >>> nltk.download('punkt_tab')
  [0m
  For more information see: https://www.nltk.org/data.html

  Attempted to load [93mtokenizers/punkt_tab/english/[0m

  Searched in:
    - 'C:\\Users\\Dickson/nltk_data'
    - 'C:\\Program Files\\WindowsApps\\PythonSoftwareFoundation.Python.3.13_3.13.1008.0_x64__qbz5n2kfra8p0\\nltk_data'
    - 'C:\\Program Files\\WindowsApps\\PythonSoftwareFoundation.Python.3.13_3.13.1008.0_x64__qbz5n2kfra8p0\\share\\nltk_data'
    - 'C:\\Program Files\\WindowsApps\\PythonSoftwareFoundation.Python.3.13_3.13.1008.0_x64__qbz5n2kfra8p0\\lib\\nltk_data'
    - 'C:\\Users\\Dickson\\AppData\\Roaming\\nltk_data'
    - 'C:\\nltk_data'
    - 'D:\\nltk_data'
    - 'E:\\nltk_data'
**********************************************************************

2025-04-28 18:52:27,558 - __main__ - WARNING - NLTK preprocessing failed: 
**********************************************************************
  Resource [93mpunkt_tab[0m not found.
  Please use the NLTK Downloader to obtain the resource:

  [31m>>> import nltk
  >>> nltk.download('punkt_tab')
  [0m
  For more information see: https://www.nltk.org/data.html

  Attempted to load [93mtokenizers/punkt_tab/english/[0m

  Searched in:
    - 'C:\\Users\\Dickson/nltk_data'
    - 'C:\\Program Files\\WindowsApps\\PythonSoftwareFoundation.Python.3.13_3.13.1008.0_x64__qbz5n2kfra8p0\\nltk_data'
    - 'C:\\Program Files\\WindowsApps\\PythonSoftwareFoundation.Python.3.13_3.13.1008.0_x64__qbz5n2kfra8p0\\share\\nltk_data'
    - 'C:\\Program Files\\WindowsApps\\PythonSoftwareFoundation.Python.3.13_3.13.1008.0_x64__qbz5n2kfra8p0\\lib\\nltk_data'
    - 'C:\\Users\\Dickson\\AppData\\Roaming\\nltk_data'
    - 'C:\\nltk_data'
    - 'D:\\nltk_data'
    - 'E:\\nltk_data'
**********************************************************************

2025-04-28 18:52:27,576 - __main__ - WARNING - NLTK preprocessing failed: 
**********************************************************************
  Resource [93mpunkt_tab[0m not found.
  Please use the NLTK Downloader to obtain the resource:

  [31m>>> import nltk
  >>> nltk.download('punkt_tab')
  [0m
  For more information see: https://www.nltk.org/data.html

  Attempted to load [93mtokenizers/punkt_tab/english/[0m

  Searched in:
    - 'C:\\Users\\Dickson/nltk_data'
    - 'C:\\Program Files\\WindowsApps\\PythonSoftwareFoundation.Python.3.13_3.13.1008.0_x64__qbz5n2kfra8p0\\nltk_data'
    - 'C:\\Program Files\\WindowsApps\\PythonSoftwareFoundation.Python.3.13_3.13.1008.0_x64__qbz5n2kfra8p0\\share\\nltk_data'
    - 'C:\\Program Files\\WindowsApps\\PythonSoftwareFoundation.Python.3.13_3.13.1008.0_x64__qbz5n2kfra8p0\\lib\\nltk_data'
    - 'C:\\Users\\Dickson\\AppData\\Roaming\\nltk_data'
    - 'C:\\nltk_data'
    - 'D:\\nltk_data'
    - 'E:\\nltk_data'
**********************************************************************

2025-04-28 18:52:27,593 - __main__ - WARNING - NLTK preprocessing failed: 
**********************************************************************
  Resource [93mpunkt_tab[0m not found.
  Please use the NLTK Downloader to obtain the resource:

  [31m>>> import nltk
  >>> nltk.download('punkt_tab')
  [0m
  For more information see: https://www.nltk.org/data.html

  Attempted to load [93mtokenizers/punkt_tab/english/[0m

  Searched in:
    - 'C:\\Users\\Dickson/nltk_data'
    - 'C:\\Program Files\\WindowsApps\\PythonSoftwareFoundation.Python.3.13_3.13.1008.0_x64__qbz5n2kfra8p0\\nltk_data'
    - 'C:\\Program Files\\WindowsApps\\PythonSoftwareFoundation.Python.3.13_3.13.1008.0_x64__qbz5n2kfra8p0\\share\\nltk_data'
    - 'C:\\Program Files\\WindowsApps\\PythonSoftwareFoundation.Python.3.13_3.13.1008.0_x64__qbz5n2kfra8p0\\lib\\nltk_data'
    - 'C:\\Users\\Dickson\\AppData\\Roaming\\nltk_data'
    - 'C:\\nltk_data'
    - 'D:\\nltk_data'
    - 'E:\\nltk_data'
**********************************************************************

2025-04-28 18:52:27,611 - __main__ - WARNING - NLTK preprocessing failed: 
**********************************************************************
  Resource [93mpunkt_tab[0m not found.
  Please use the NLTK Downloader to obtain the resource:

  [31m>>> import nltk
  >>> nltk.download('punkt_tab')
  [0m
  For more information see: https://www.nltk.org/data.html

  Attempted to load [93mtokenizers/punkt_tab/english/[0m

  Searched in:
    - 'C:\\Users\\Dickson/nltk_data'
    - 'C:\\Program Files\\WindowsApps\\PythonSoftwareFoundation.Python.3.13_3.13.1008.0_x64__qbz5n2kfra8p0\\nltk_data'
    - 'C:\\Program Files\\WindowsApps\\PythonSoftwareFoundation.Python.3.13_3.13.1008.0_x64__qbz5n2kfra8p0\\share\\nltk_data'
    - 'C:\\Program Files\\WindowsApps\\PythonSoftwareFoundation.Python.3.13_3.13.1008.0_x64__qbz5n2kfra8p0\\lib\\nltk_data'
    - 'C:\\Users\\Dickson\\AppData\\Roaming\\nltk_data'
    - 'C:\\nltk_data'
    - 'D:\\nltk_data'
    - 'E:\\nltk_data'
**********************************************************************

2025-04-28 18:52:27,630 - __main__ - WARNING - NLTK preprocessing failed: 
**********************************************************************
  Resource [93mpunkt_tab[0m not found.
  Please use the NLTK Downloader to obtain the resource:

  [31m>>> import nltk
  >>> nltk.download('punkt_tab')
  [0m
  For more information see: https://www.nltk.org/data.html

  Attempted to load [93mtokenizers/punkt_tab/english/[0m

  Searched in:
    - 'C:\\Users\\Dickson/nltk_data'
    - 'C:\\Program Files\\WindowsApps\\PythonSoftwareFoundation.Python.3.13_3.13.1008.0_x64__qbz5n2kfra8p0\\nltk_data'
    - 'C:\\Program Files\\WindowsApps\\PythonSoftwareFoundation.Python.3.13_3.13.1008.0_x64__qbz5n2kfra8p0\\share\\nltk_data'
    - 'C:\\Program Files\\WindowsApps\\PythonSoftwareFoundation.Python.3.13_3.13.1008.0_x64__qbz5n2kfra8p0\\lib\\nltk_data'
    - 'C:\\Users\\Dickson\\AppData\\Roaming\\nltk_data'
    - 'C:\\nltk_data'
    - 'D:\\nltk_data'
    - 'E:\\nltk_data'
**********************************************************************

2025-04-28 18:52:27,649 - __main__ - WARNING - NLTK preprocessing failed: 
**********************************************************************
  Resource [93mpunkt_tab[0m not found.
  Please use the NLTK Downloader to obtain the resource:

  [31m>>> import nltk
  >>> nltk.download('punkt_tab')
  [0m
  For more information see: https://www.nltk.org/data.html

  Attempted to load [93mtokenizers/punkt_tab/english/[0m

  Searched in:
    - 'C:\\Users\\Dickson/nltk_data'
    - 'C:\\Program Files\\WindowsApps\\PythonSoftwareFoundation.Python.3.13_3.13.1008.0_x64__qbz5n2kfra8p0\\nltk_data'
    - 'C:\\Program Files\\WindowsApps\\PythonSoftwareFoundation.Python.3.13_3.13.1008.0_x64__qbz5n2kfra8p0\\share\\nltk_data'
    - 'C:\\Program Files\\WindowsApps\\PythonSoftwareFoundation.Python.3.13_3.13.1008.0_x64__qbz5n2kfra8p0\\lib\\nltk_data'
    - 'C:\\Users\\Dickson\\AppData\\Roaming\\nltk_data'
    - 'C:\\nltk_data'
    - 'D:\\nltk_data'
    - 'E:\\nltk_data'
**********************************************************************

2025-04-28 18:52:27,671 - __main__ - WARNING - NLTK preprocessing failed: 
**********************************************************************
  Resource [93mpunkt_tab[0m not found.
  Please use the NLTK Downloader to obtain the resource:

  [31m>>> import nltk
  >>> nltk.download('punkt_tab')
  [0m
  For more information see: https://www.nltk.org/data.html

  Attempted to load [93mtokenizers/punkt_tab/english/[0m

  Searched in:
    - 'C:\\Users\\Dickson/nltk_data'
    - 'C:\\Program Files\\WindowsApps\\PythonSoftwareFoundation.Python.3.13_3.13.1008.0_x64__qbz5n2kfra8p0\\nltk_data'
    - 'C:\\Program Files\\WindowsApps\\PythonSoftwareFoundation.Python.3.13_3.13.1008.0_x64__qbz5n2kfra8p0\\share\\nltk_data'
    - 'C:\\Program Files\\WindowsApps\\PythonSoftwareFoundation.Python.3.13_3.13.1008.0_x64__qbz5n2kfra8p0\\lib\\nltk_data'
    - 'C:\\Users\\Dickson\\AppData\\Roaming\\nltk_data'
    - 'C:\\nltk_data'
    - 'D:\\nltk_data'
    - 'E:\\nltk_data'
**********************************************************************

2025-04-28 18:52:27,693 - __main__ - WARNING - NLTK preprocessing failed: 
**********************************************************************
  Resource [93mpunkt_tab[0m not found.
  Please use the NLTK Downloader to obtain the resource:

  [31m>>> import nltk
  >>> nltk.download('punkt_tab')
  [0m
  For more information see: https://www.nltk.org/data.html

  Attempted to load [93mtokenizers/punkt_tab/english/[0m

  Searched in:
    - 'C:\\Users\\Dickson/nltk_data'
    - 'C:\\Program Files\\WindowsApps\\PythonSoftwareFoundation.Python.3.13_3.13.1008.0_x64__qbz5n2kfra8p0\\nltk_data'
    - 'C:\\Program Files\\WindowsApps\\PythonSoftwareFoundation.Python.3.13_3.13.1008.0_x64__qbz5n2kfra8p0\\share\\nltk_data'
    - 'C:\\Program Files\\WindowsApps\\PythonSoftwareFoundation.Python.3.13_3.13.1008.0_x64__qbz5n2kfra8p0\\lib\\nltk_data'
    - 'C:\\Users\\Dickson\\AppData\\Roaming\\nltk_data'
    - 'C:\\nltk_data'
    - 'D:\\nltk_data'
    - 'E:\\nltk_data'
**********************************************************************

2025-04-28 18:52:27,706 - __main__ - WARNING - NLTK preprocessing failed: 
**********************************************************************
  Resource [93mpunkt_tab[0m not found.
  Please use the NLTK Downloader to obtain the resource:

  [31m>>> import nltk
  >>> nltk.download('punkt_tab')
  [0m
  For more information see: https://www.nltk.org/data.html

  Attempted to load [93mtokenizers/punkt_tab/english/[0m

  Searched in:
    - 'C:\\Users\\Dickson/nltk_data'
    - 'C:\\Program Files\\WindowsApps\\PythonSoftwareFoundation.Python.3.13_3.13.1008.0_x64__qbz5n2kfra8p0\\nltk_data'
    - 'C:\\Program Files\\WindowsApps\\PythonSoftwareFoundation.Python.3.13_3.13.1008.0_x64__qbz5n2kfra8p0\\share\\nltk_data'
    - 'C:\\Program Files\\WindowsApps\\PythonSoftwareFoundation.Python.3.13_3.13.1008.0_x64__qbz5n2kfra8p0\\lib\\nltk_data'
    - 'C:\\Users\\Dickson\\AppData\\Roaming\\nltk_data'
    - 'C:\\nltk_data'
    - 'D:\\nltk_data'
    - 'E:\\nltk_data'
**********************************************************************

2025-04-28 18:52:27,718 - __main__ - WARNING - NLTK preprocessing failed: 
**********************************************************************
  Resource [93mpunkt_tab[0m not found.
  Please use the NLTK Downloader to obtain the resource:

  [31m>>> import nltk
  >>> nltk.download('punkt_tab')
  [0m
  For more information see: https://www.nltk.org/data.html

  Attempted to load [93mtokenizers/punkt_tab/english/[0m

  Searched in:
    - 'C:\\Users\\Dickson/nltk_data'
    - 'C:\\Program Files\\WindowsApps\\PythonSoftwareFoundation.Python.3.13_3.13.1008.0_x64__qbz5n2kfra8p0\\nltk_data'
    - 'C:\\Program Files\\WindowsApps\\PythonSoftwareFoundation.Python.3.13_3.13.1008.0_x64__qbz5n2kfra8p0\\share\\nltk_data'
    - 'C:\\Program Files\\WindowsApps\\PythonSoftwareFoundation.Python.3.13_3.13.1008.0_x64__qbz5n2kfra8p0\\lib\\nltk_data'
    - 'C:\\Users\\Dickson\\AppData\\Roaming\\nltk_data'
    - 'C:\\nltk_data'
    - 'D:\\nltk_data'
    - 'E:\\nltk_data'
**********************************************************************

2025-04-28 18:52:27,727 - __main__ - WARNING - NLTK preprocessing failed: 
**********************************************************************
  Resource [93mpunkt_tab[0m not found.
  Please use the NLTK Downloader to obtain the resource:

  [31m>>> import nltk
  >>> nltk.download('punkt_tab')
  [0m
  For more information see: https://www.nltk.org/data.html

  Attempted to load [93mtokenizers/punkt_tab/english/[0m

  Searched in:
    - 'C:\\Users\\Dickson/nltk_data'
    - 'C:\\Program Files\\WindowsApps\\PythonSoftwareFoundation.Python.3.13_3.13.1008.0_x64__qbz5n2kfra8p0\\nltk_data'
    - 'C:\\Program Files\\WindowsApps\\PythonSoftwareFoundation.Python.3.13_3.13.1008.0_x64__qbz5n2kfra8p0\\share\\nltk_data'
    - 'C:\\Program Files\\WindowsApps\\PythonSoftwareFoundation.Python.3.13_3.13.1008.0_x64__qbz5n2kfra8p0\\lib\\nltk_data'
    - 'C:\\Users\\Dickson\\AppData\\Roaming\\nltk_data'
    - 'C:\\nltk_data'
    - 'D:\\nltk_data'
    - 'E:\\nltk_data'
**********************************************************************

2025-04-28 18:52:27,734 - __main__ - WARNING - NLTK preprocessing failed: 
**********************************************************************
  Resource [93mpunkt_tab[0m not found.
  Please use the NLTK Downloader to obtain the resource:

  [31m>>> import nltk
  >>> nltk.download('punkt_tab')
  [0m
  For more information see: https://www.nltk.org/data.html

  Attempted to load [93mtokenizers/punkt_tab/english/[0m

  Searched in:
    - 'C:\\Users\\Dickson/nltk_data'
    - 'C:\\Program Files\\WindowsApps\\PythonSoftwareFoundation.Python.3.13_3.13.1008.0_x64__qbz5n2kfra8p0\\nltk_data'
    - 'C:\\Program Files\\WindowsApps\\PythonSoftwareFoundation.Python.3.13_3.13.1008.0_x64__qbz5n2kfra8p0\\share\\nltk_data'
    - 'C:\\Program Files\\WindowsApps\\PythonSoftwareFoundation.Python.3.13_3.13.1008.0_x64__qbz5n2kfra8p0\\lib\\nltk_data'
    - 'C:\\Users\\Dickson\\AppData\\Roaming\\nltk_data'
    - 'C:\\nltk_data'
    - 'D:\\nltk_data'
    - 'E:\\nltk_data'
**********************************************************************

2025-04-28 18:52:27,740 - __main__ - WARNING - NLTK preprocessing failed: 
**********************************************************************
  Resource [93mpunkt_tab[0m not found.
  Please use the NLTK Downloader to obtain the resource:

  [31m>>> import nltk
  >>> nltk.download('punkt_tab')
  [0m
  For more information see: https://www.nltk.org/data.html

  Attempted to load [93mtokenizers/punkt_tab/english/[0m

  Searched in:
    - 'C:\\Users\\Dickson/nltk_data'
    - 'C:\\Program Files\\WindowsApps\\PythonSoftwareFoundation.Python.3.13_3.13.1008.0_x64__qbz5n2kfra8p0\\nltk_data'
    - 'C:\\Program Files\\WindowsApps\\PythonSoftwareFoundation.Python.3.13_3.13.1008.0_x64__qbz5n2kfra8p0\\share\\nltk_data'
    - 'C:\\Program Files\\WindowsApps\\PythonSoftwareFoundation.Python.3.13_3.13.1008.0_x64__qbz5n2kfra8p0\\lib\\nltk_data'
    - 'C:\\Users\\Dickson\\AppData\\Roaming\\nltk_data'
    - 'C:\\nltk_data'
    - 'D:\\nltk_data'
    - 'E:\\nltk_data'
**********************************************************************

2025-04-28 18:52:27,746 - __main__ - WARNING - NLTK preprocessing failed: 
**********************************************************************
  Resource [93mpunkt_tab[0m not found.
  Please use the NLTK Downloader to obtain the resource:

  [31m>>> import nltk
  >>> nltk.download('punkt_tab')
  [0m
  For more information see: https://www.nltk.org/data.html

  Attempted to load [93mtokenizers/punkt_tab/english/[0m

  Searched in:
    - 'C:\\Users\\Dickson/nltk_data'
    - 'C:\\Program Files\\WindowsApps\\PythonSoftwareFoundation.Python.3.13_3.13.1008.0_x64__qbz5n2kfra8p0\\nltk_data'
    - 'C:\\Program Files\\WindowsApps\\PythonSoftwareFoundation.Python.3.13_3.13.1008.0_x64__qbz5n2kfra8p0\\share\\nltk_data'
    - 'C:\\Program Files\\WindowsApps\\PythonSoftwareFoundation.Python.3.13_3.13.1008.0_x64__qbz5n2kfra8p0\\lib\\nltk_data'
    - 'C:\\Users\\Dickson\\AppData\\Roaming\\nltk_data'
    - 'C:\\nltk_data'
    - 'D:\\nltk_data'
    - 'E:\\nltk_data'
**********************************************************************

2025-04-28 18:52:27,755 - __main__ - WARNING - NLTK preprocessing failed: 
**********************************************************************
  Resource [93mpunkt_tab[0m not found.
  Please use the NLTK Downloader to obtain the resource:

  [31m>>> import nltk
  >>> nltk.download('punkt_tab')
  [0m
  For more information see: https://www.nltk.org/data.html

  Attempted to load [93mtokenizers/punkt_tab/english/[0m

  Searched in:
    - 'C:\\Users\\Dickson/nltk_data'
    - 'C:\\Program Files\\WindowsApps\\PythonSoftwareFoundation.Python.3.13_3.13.1008.0_x64__qbz5n2kfra8p0\\nltk_data'
    - 'C:\\Program Files\\WindowsApps\\PythonSoftwareFoundation.Python.3.13_3.13.1008.0_x64__qbz5n2kfra8p0\\share\\nltk_data'
    - 'C:\\Program Files\\WindowsApps\\PythonSoftwareFoundation.Python.3.13_3.13.1008.0_x64__qbz5n2kfra8p0\\lib\\nltk_data'
    - 'C:\\Users\\Dickson\\AppData\\Roaming\\nltk_data'
    - 'C:\\nltk_data'
    - 'D:\\nltk_data'
    - 'E:\\nltk_data'
**********************************************************************

2025-04-28 18:52:27,762 - __main__ - WARNING - NLTK preprocessing failed: 
**********************************************************************
  Resource [93mpunkt_tab[0m not found.
  Please use the NLTK Downloader to obtain the resource:

  [31m>>> import nltk
  >>> nltk.download('punkt_tab')
  [0m
  For more information see: https://www.nltk.org/data.html

  Attempted to load [93mtokenizers/punkt_tab/english/[0m

  Searched in:
    - 'C:\\Users\\Dickson/nltk_data'
    - 'C:\\Program Files\\WindowsApps\\PythonSoftwareFoundation.Python.3.13_3.13.1008.0_x64__qbz5n2kfra8p0\\nltk_data'
    - 'C:\\Program Files\\WindowsApps\\PythonSoftwareFoundation.Python.3.13_3.13.1008.0_x64__qbz5n2kfra8p0\\share\\nltk_data'
    - 'C:\\Program Files\\WindowsApps\\PythonSoftwareFoundation.Python.3.13_3.13.1008.0_x64__qbz5n2kfra8p0\\lib\\nltk_data'
    - 'C:\\Users\\Dickson\\AppData\\Roaming\\nltk_data'
    - 'C:\\nltk_data'
    - 'D:\\nltk_data'
    - 'E:\\nltk_data'
**********************************************************************

2025-04-28 18:52:27,770 - __main__ - WARNING - NLTK preprocessing failed: 
**********************************************************************
  Resource [93mpunkt_tab[0m not found.
  Please use the NLTK Downloader to obtain the resource:

  [31m>>> import nltk
  >>> nltk.download('punkt_tab')
  [0m
  For more information see: https://www.nltk.org/data.html

  Attempted to load [93mtokenizers/punkt_tab/english/[0m

  Searched in:
    - 'C:\\Users\\Dickson/nltk_data'
    - 'C:\\Program Files\\WindowsApps\\PythonSoftwareFoundation.Python.3.13_3.13.1008.0_x64__qbz5n2kfra8p0\\nltk_data'
    - 'C:\\Program Files\\WindowsApps\\PythonSoftwareFoundation.Python.3.13_3.13.1008.0_x64__qbz5n2kfra8p0\\share\\nltk_data'
    - 'C:\\Program Files\\WindowsApps\\PythonSoftwareFoundation.Python.3.13_3.13.1008.0_x64__qbz5n2kfra8p0\\lib\\nltk_data'
    - 'C:\\Users\\Dickson\\AppData\\Roaming\\nltk_data'
    - 'C:\\nltk_data'
    - 'D:\\nltk_data'
    - 'E:\\nltk_data'
**********************************************************************

2025-04-28 18:52:27,777 - __main__ - WARNING - NLTK preprocessing failed: 
**********************************************************************
  Resource [93mpunkt_tab[0m not found.
  Please use the NLTK Downloader to obtain the resource:

  [31m>>> import nltk
  >>> nltk.download('punkt_tab')
  [0m
  For more information see: https://www.nltk.org/data.html

  Attempted to load [93mtokenizers/punkt_tab/english/[0m

  Searched in:
    - 'C:\\Users\\Dickson/nltk_data'
    - 'C:\\Program Files\\WindowsApps\\PythonSoftwareFoundation.Python.3.13_3.13.1008.0_x64__qbz5n2kfra8p0\\nltk_data'
    - 'C:\\Program Files\\WindowsApps\\PythonSoftwareFoundation.Python.3.13_3.13.1008.0_x64__qbz5n2kfra8p0\\share\\nltk_data'
    - 'C:\\Program Files\\WindowsApps\\PythonSoftwareFoundation.Python.3.13_3.13.1008.0_x64__qbz5n2kfra8p0\\lib\\nltk_data'
    - 'C:\\Users\\Dickson\\AppData\\Roaming\\nltk_data'
    - 'C:\\nltk_data'
    - 'D:\\nltk_data'
    - 'E:\\nltk_data'
**********************************************************************

2025-04-28 18:52:27,783 - __main__ - WARNING - NLTK preprocessing failed: 
**********************************************************************
  Resource [93mpunkt_tab[0m not found.
  Please use the NLTK Downloader to obtain the resource:

  [31m>>> import nltk
  >>> nltk.download('punkt_tab')
  [0m
  For more information see: https://www.nltk.org/data.html

  Attempted to load [93mtokenizers/punkt_tab/english/[0m

  Searched in:
    - 'C:\\Users\\Dickson/nltk_data'
    - 'C:\\Program Files\\WindowsApps\\PythonSoftwareFoundation.Python.3.13_3.13.1008.0_x64__qbz5n2kfra8p0\\nltk_data'
    - 'C:\\Program Files\\WindowsApps\\PythonSoftwareFoundation.Python.3.13_3.13.1008.0_x64__qbz5n2kfra8p0\\share\\nltk_data'
    - 'C:\\Program Files\\WindowsApps\\PythonSoftwareFoundation.Python.3.13_3.13.1008.0_x64__qbz5n2kfra8p0\\lib\\nltk_data'
    - 'C:\\Users\\Dickson\\AppData\\Roaming\\nltk_data'
    - 'C:\\nltk_data'
    - 'D:\\nltk_data'
    - 'E:\\nltk_data'
**********************************************************************

2025-04-28 18:52:27,790 - __main__ - WARNING - NLTK preprocessing failed: 
**********************************************************************
  Resource [93mpunkt_tab[0m not found.
  Please use the NLTK Downloader to obtain the resource:

  [31m>>> import nltk
  >>> nltk.download('punkt_tab')
  [0m
  For more information see: https://www.nltk.org/data.html

  Attempted to load [93mtokenizers/punkt_tab/english/[0m

  Searched in:
    - 'C:\\Users\\Dickson/nltk_data'
    - 'C:\\Program Files\\WindowsApps\\PythonSoftwareFoundation.Python.3.13_3.13.1008.0_x64__qbz5n2kfra8p0\\nltk_data'
    - 'C:\\Program Files\\WindowsApps\\PythonSoftwareFoundation.Python.3.13_3.13.1008.0_x64__qbz5n2kfra8p0\\share\\nltk_data'
    - 'C:\\Program Files\\WindowsApps\\PythonSoftwareFoundation.Python.3.13_3.13.1008.0_x64__qbz5n2kfra8p0\\lib\\nltk_data'
    - 'C:\\Users\\Dickson\\AppData\\Roaming\\nltk_data'
    - 'C:\\nltk_data'
    - 'D:\\nltk_data'
    - 'E:\\nltk_data'
**********************************************************************

2025-04-28 18:52:27,798 - __main__ - WARNING - NLTK preprocessing failed: 
**********************************************************************
  Resource [93mpunkt_tab[0m not found.
  Please use the NLTK Downloader to obtain the resource:

  [31m>>> import nltk
  >>> nltk.download('punkt_tab')
  [0m
  For more information see: https://www.nltk.org/data.html

  Attempted to load [93mtokenizers/punkt_tab/english/[0m

  Searched in:
    - 'C:\\Users\\Dickson/nltk_data'
    - 'C:\\Program Files\\WindowsApps\\PythonSoftwareFoundation.Python.3.13_3.13.1008.0_x64__qbz5n2kfra8p0\\nltk_data'
    - 'C:\\Program Files\\WindowsApps\\PythonSoftwareFoundation.Python.3.13_3.13.1008.0_x64__qbz5n2kfra8p0\\share\\nltk_data'
    - 'C:\\Program Files\\WindowsApps\\PythonSoftwareFoundation.Python.3.13_3.13.1008.0_x64__qbz5n2kfra8p0\\lib\\nltk_data'
    - 'C:\\Users\\Dickson\\AppData\\Roaming\\nltk_data'
    - 'C:\\nltk_data'
    - 'D:\\nltk_data'
    - 'E:\\nltk_data'
**********************************************************************

2025-04-28 18:52:27,807 - __main__ - WARNING - NLTK preprocessing failed: 
**********************************************************************
  Resource [93mpunkt_tab[0m not found.
  Please use the NLTK Downloader to obtain the resource:

  [31m>>> import nltk
  >>> nltk.download('punkt_tab')
  [0m
  For more information see: https://www.nltk.org/data.html

  Attempted to load [93mtokenizers/punkt_tab/english/[0m

  Searched in:
    - 'C:\\Users\\Dickson/nltk_data'
    - 'C:\\Program Files\\WindowsApps\\PythonSoftwareFoundation.Python.3.13_3.13.1008.0_x64__qbz5n2kfra8p0\\nltk_data'
    - 'C:\\Program Files\\WindowsApps\\PythonSoftwareFoundation.Python.3.13_3.13.1008.0_x64__qbz5n2kfra8p0\\share\\nltk_data'
    - 'C:\\Program Files\\WindowsApps\\PythonSoftwareFoundation.Python.3.13_3.13.1008.0_x64__qbz5n2kfra8p0\\lib\\nltk_data'
    - 'C:\\Users\\Dickson\\AppData\\Roaming\\nltk_data'
    - 'C:\\nltk_data'
    - 'D:\\nltk_data'
    - 'E:\\nltk_data'
**********************************************************************

2025-04-28 18:52:27,816 - __main__ - WARNING - NLTK preprocessing failed: 
**********************************************************************
  Resource [93mpunkt_tab[0m not found.
  Please use the NLTK Downloader to obtain the resource:

  [31m>>> import nltk
  >>> nltk.download('punkt_tab')
  [0m
  For more information see: https://www.nltk.org/data.html

  Attempted to load [93mtokenizers/punkt_tab/english/[0m

  Searched in:
    - 'C:\\Users\\Dickson/nltk_data'
    - 'C:\\Program Files\\WindowsApps\\PythonSoftwareFoundation.Python.3.13_3.13.1008.0_x64__qbz5n2kfra8p0\\nltk_data'
    - 'C:\\Program Files\\WindowsApps\\PythonSoftwareFoundation.Python.3.13_3.13.1008.0_x64__qbz5n2kfra8p0\\share\\nltk_data'
    - 'C:\\Program Files\\WindowsApps\\PythonSoftwareFoundation.Python.3.13_3.13.1008.0_x64__qbz5n2kfra8p0\\lib\\nltk_data'
    - 'C:\\Users\\Dickson\\AppData\\Roaming\\nltk_data'
    - 'C:\\nltk_data'
    - 'D:\\nltk_data'
    - 'E:\\nltk_data'
**********************************************************************

2025-04-28 18:52:27,825 - __main__ - WARNING - NLTK preprocessing failed: 
**********************************************************************
  Resource [93mpunkt_tab[0m not found.
  Please use the NLTK Downloader to obtain the resource:

  [31m>>> import nltk
  >>> nltk.download('punkt_tab')
  [0m
  For more information see: https://www.nltk.org/data.html

  Attempted to load [93mtokenizers/punkt_tab/english/[0m

  Searched in:
    - 'C:\\Users\\Dickson/nltk_data'
    - 'C:\\Program Files\\WindowsApps\\PythonSoftwareFoundation.Python.3.13_3.13.1008.0_x64__qbz5n2kfra8p0\\nltk_data'
    - 'C:\\Program Files\\WindowsApps\\PythonSoftwareFoundation.Python.3.13_3.13.1008.0_x64__qbz5n2kfra8p0\\share\\nltk_data'
    - 'C:\\Program Files\\WindowsApps\\PythonSoftwareFoundation.Python.3.13_3.13.1008.0_x64__qbz5n2kfra8p0\\lib\\nltk_data'
    - 'C:\\Users\\Dickson\\AppData\\Roaming\\nltk_data'
    - 'C:\\nltk_data'
    - 'D:\\nltk_data'
    - 'E:\\nltk_data'
**********************************************************************

2025-04-28 18:52:27,836 - __main__ - WARNING - NLTK preprocessing failed: 
**********************************************************************
  Resource [93mpunkt_tab[0m not found.
  Please use the NLTK Downloader to obtain the resource:

  [31m>>> import nltk
  >>> nltk.download('punkt_tab')
  [0m
  For more information see: https://www.nltk.org/data.html

  Attempted to load [93mtokenizers/punkt_tab/english/[0m

  Searched in:
    - 'C:\\Users\\Dickson/nltk_data'
    - 'C:\\Program Files\\WindowsApps\\PythonSoftwareFoundation.Python.3.13_3.13.1008.0_x64__qbz5n2kfra8p0\\nltk_data'
    - 'C:\\Program Files\\WindowsApps\\PythonSoftwareFoundation.Python.3.13_3.13.1008.0_x64__qbz5n2kfra8p0\\share\\nltk_data'
    - 'C:\\Program Files\\WindowsApps\\PythonSoftwareFoundation.Python.3.13_3.13.1008.0_x64__qbz5n2kfra8p0\\lib\\nltk_data'
    - 'C:\\Users\\Dickson\\AppData\\Roaming\\nltk_data'
    - 'C:\\nltk_data'
    - 'D:\\nltk_data'
    - 'E:\\nltk_data'
**********************************************************************

2025-04-28 18:52:27,850 - __main__ - WARNING - NLTK preprocessing failed: 
**********************************************************************
  Resource [93mpunkt_tab[0m not found.
  Please use the NLTK Downloader to obtain the resource:

  [31m>>> import nltk
  >>> nltk.download('punkt_tab')
  [0m
  For more information see: https://www.nltk.org/data.html

  Attempted to load [93mtokenizers/punkt_tab/english/[0m

  Searched in:
    - 'C:\\Users\\Dickson/nltk_data'
    - 'C:\\Program Files\\WindowsApps\\PythonSoftwareFoundation.Python.3.13_3.13.1008.0_x64__qbz5n2kfra8p0\\nltk_data'
    - 'C:\\Program Files\\WindowsApps\\PythonSoftwareFoundation.Python.3.13_3.13.1008.0_x64__qbz5n2kfra8p0\\share\\nltk_data'
    - 'C:\\Program Files\\WindowsApps\\PythonSoftwareFoundation.Python.3.13_3.13.1008.0_x64__qbz5n2kfra8p0\\lib\\nltk_data'
    - 'C:\\Users\\Dickson\\AppData\\Roaming\\nltk_data'
    - 'C:\\nltk_data'
    - 'D:\\nltk_data'
    - 'E:\\nltk_data'
**********************************************************************

2025-04-28 18:52:27,867 - __main__ - WARNING - NLTK preprocessing failed: 
**********************************************************************
  Resource [93mpunkt_tab[0m not found.
  Please use the NLTK Downloader to obtain the resource:

  [31m>>> import nltk
  >>> nltk.download('punkt_tab')
  [0m
  For more information see: https://www.nltk.org/data.html

  Attempted to load [93mtokenizers/punkt_tab/english/[0m

  Searched in:
    - 'C:\\Users\\Dickson/nltk_data'
    - 'C:\\Program Files\\WindowsApps\\PythonSoftwareFoundation.Python.3.13_3.13.1008.0_x64__qbz5n2kfra8p0\\nltk_data'
    - 'C:\\Program Files\\WindowsApps\\PythonSoftwareFoundation.Python.3.13_3.13.1008.0_x64__qbz5n2kfra8p0\\share\\nltk_data'
    - 'C:\\Program Files\\WindowsApps\\PythonSoftwareFoundation.Python.3.13_3.13.1008.0_x64__qbz5n2kfra8p0\\lib\\nltk_data'
    - 'C:\\Users\\Dickson\\AppData\\Roaming\\nltk_data'
    - 'C:\\nltk_data'
    - 'D:\\nltk_data'
    - 'E:\\nltk_data'
**********************************************************************

2025-04-28 18:52:27,888 - __main__ - WARNING - NLTK preprocessing failed: 
**********************************************************************
  Resource [93mpunkt_tab[0m not found.
  Please use the NLTK Downloader to obtain the resource:

  [31m>>> import nltk
  >>> nltk.download('punkt_tab')
  [0m
  For more information see: https://www.nltk.org/data.html

  Attempted to load [93mtokenizers/punkt_tab/english/[0m

  Searched in:
    - 'C:\\Users\\Dickson/nltk_data'
    - 'C:\\Program Files\\WindowsApps\\PythonSoftwareFoundation.Python.3.13_3.13.1008.0_x64__qbz5n2kfra8p0\\nltk_data'
    - 'C:\\Program Files\\WindowsApps\\PythonSoftwareFoundation.Python.3.13_3.13.1008.0_x64__qbz5n2kfra8p0\\share\\nltk_data'
    - 'C:\\Program Files\\WindowsApps\\PythonSoftwareFoundation.Python.3.13_3.13.1008.0_x64__qbz5n2kfra8p0\\lib\\nltk_data'
    - 'C:\\Users\\Dickson\\AppData\\Roaming\\nltk_data'
    - 'C:\\nltk_data'
    - 'D:\\nltk_data'
    - 'E:\\nltk_data'
**********************************************************************

2025-04-28 18:52:27,909 - __main__ - WARNING - NLTK preprocessing failed: 
**********************************************************************
  Resource [93mpunkt_tab[0m not found.
  Please use the NLTK Downloader to obtain the resource:

  [31m>>> import nltk
  >>> nltk.download('punkt_tab')
  [0m
  For more information see: https://www.nltk.org/data.html

  Attempted to load [93mtokenizers/punkt_tab/english/[0m

  Searched in:
    - 'C:\\Users\\Dickson/nltk_data'
    - 'C:\\Program Files\\WindowsApps\\PythonSoftwareFoundation.Python.3.13_3.13.1008.0_x64__qbz5n2kfra8p0\\nltk_data'
    - 'C:\\Program Files\\WindowsApps\\PythonSoftwareFoundation.Python.3.13_3.13.1008.0_x64__qbz5n2kfra8p0\\share\\nltk_data'
    - 'C:\\Program Files\\WindowsApps\\PythonSoftwareFoundation.Python.3.13_3.13.1008.0_x64__qbz5n2kfra8p0\\lib\\nltk_data'
    - 'C:\\Users\\Dickson\\AppData\\Roaming\\nltk_data'
    - 'C:\\nltk_data'
    - 'D:\\nltk_data'
    - 'E:\\nltk_data'
**********************************************************************

2025-04-28 18:52:27,928 - __main__ - WARNING - NLTK preprocessing failed: 
**********************************************************************
  Resource [93mpunkt_tab[0m not found.
  Please use the NLTK Downloader to obtain the resource:

  [31m>>> import nltk
  >>> nltk.download('punkt_tab')
  [0m
  For more information see: https://www.nltk.org/data.html

  Attempted to load [93mtokenizers/punkt_tab/english/[0m

  Searched in:
    - 'C:\\Users\\Dickson/nltk_data'
    - 'C:\\Program Files\\WindowsApps\\PythonSoftwareFoundation.Python.3.13_3.13.1008.0_x64__qbz5n2kfra8p0\\nltk_data'
    - 'C:\\Program Files\\WindowsApps\\PythonSoftwareFoundation.Python.3.13_3.13.1008.0_x64__qbz5n2kfra8p0\\share\\nltk_data'
    - 'C:\\Program Files\\WindowsApps\\PythonSoftwareFoundation.Python.3.13_3.13.1008.0_x64__qbz5n2kfra8p0\\lib\\nltk_data'
    - 'C:\\Users\\Dickson\\AppData\\Roaming\\nltk_data'
    - 'C:\\nltk_data'
    - 'D:\\nltk_data'
    - 'E:\\nltk_data'
**********************************************************************

2025-04-28 18:52:27,942 - __main__ - WARNING - NLTK preprocessing failed: 
**********************************************************************
  Resource [93mpunkt_tab[0m not found.
  Please use the NLTK Downloader to obtain the resource:

  [31m>>> import nltk
  >>> nltk.download('punkt_tab')
  [0m
  For more information see: https://www.nltk.org/data.html

  Attempted to load [93mtokenizers/punkt_tab/english/[0m

  Searched in:
    - 'C:\\Users\\Dickson/nltk_data'
    - 'C:\\Program Files\\WindowsApps\\PythonSoftwareFoundation.Python.3.13_3.13.1008.0_x64__qbz5n2kfra8p0\\nltk_data'
    - 'C:\\Program Files\\WindowsApps\\PythonSoftwareFoundation.Python.3.13_3.13.1008.0_x64__qbz5n2kfra8p0\\share\\nltk_data'
    - 'C:\\Program Files\\WindowsApps\\PythonSoftwareFoundation.Python.3.13_3.13.1008.0_x64__qbz5n2kfra8p0\\lib\\nltk_data'
    - 'C:\\Users\\Dickson\\AppData\\Roaming\\nltk_data'
    - 'C:\\nltk_data'
    - 'D:\\nltk_data'
    - 'E:\\nltk_data'
**********************************************************************

2025-04-28 18:52:27,955 - __main__ - WARNING - NLTK preprocessing failed: 
**********************************************************************
  Resource [93mpunkt_tab[0m not found.
  Please use the NLTK Downloader to obtain the resource:

  [31m>>> import nltk
  >>> nltk.download('punkt_tab')
  [0m
  For more information see: https://www.nltk.org/data.html

  Attempted to load [93mtokenizers/punkt_tab/english/[0m

  Searched in:
    - 'C:\\Users\\Dickson/nltk_data'
    - 'C:\\Program Files\\WindowsApps\\PythonSoftwareFoundation.Python.3.13_3.13.1008.0_x64__qbz5n2kfra8p0\\nltk_data'
    - 'C:\\Program Files\\WindowsApps\\PythonSoftwareFoundation.Python.3.13_3.13.1008.0_x64__qbz5n2kfra8p0\\share\\nltk_data'
    - 'C:\\Program Files\\WindowsApps\\PythonSoftwareFoundation.Python.3.13_3.13.1008.0_x64__qbz5n2kfra8p0\\lib\\nltk_data'
    - 'C:\\Users\\Dickson\\AppData\\Roaming\\nltk_data'
    - 'C:\\nltk_data'
    - 'D:\\nltk_data'
    - 'E:\\nltk_data'
**********************************************************************

2025-04-28 18:52:27,968 - __main__ - WARNING - NLTK preprocessing failed: 
**********************************************************************
  Resource [93mpunkt_tab[0m not found.
  Please use the NLTK Downloader to obtain the resource:

  [31m>>> import nltk
  >>> nltk.download('punkt_tab')
  [0m
  For more information see: https://www.nltk.org/data.html

  Attempted to load [93mtokenizers/punkt_tab/english/[0m

  Searched in:
    - 'C:\\Users\\Dickson/nltk_data'
    - 'C:\\Program Files\\WindowsApps\\PythonSoftwareFoundation.Python.3.13_3.13.1008.0_x64__qbz5n2kfra8p0\\nltk_data'
    - 'C:\\Program Files\\WindowsApps\\PythonSoftwareFoundation.Python.3.13_3.13.1008.0_x64__qbz5n2kfra8p0\\share\\nltk_data'
    - 'C:\\Program Files\\WindowsApps\\PythonSoftwareFoundation.Python.3.13_3.13.1008.0_x64__qbz5n2kfra8p0\\lib\\nltk_data'
    - 'C:\\Users\\Dickson\\AppData\\Roaming\\nltk_data'
    - 'C:\\nltk_data'
    - 'D:\\nltk_data'
    - 'E:\\nltk_data'
**********************************************************************

2025-04-28 18:52:27,981 - __main__ - WARNING - NLTK preprocessing failed: 
**********************************************************************
  Resource [93mpunkt_tab[0m not found.
  Please use the NLTK Downloader to obtain the resource:

  [31m>>> import nltk
  >>> nltk.download('punkt_tab')
  [0m
  For more information see: https://www.nltk.org/data.html

  Attempted to load [93mtokenizers/punkt_tab/english/[0m

  Searched in:
    - 'C:\\Users\\Dickson/nltk_data'
    - 'C:\\Program Files\\WindowsApps\\PythonSoftwareFoundation.Python.3.13_3.13.1008.0_x64__qbz5n2kfra8p0\\nltk_data'
    - 'C:\\Program Files\\WindowsApps\\PythonSoftwareFoundation.Python.3.13_3.13.1008.0_x64__qbz5n2kfra8p0\\share\\nltk_data'
    - 'C:\\Program Files\\WindowsApps\\PythonSoftwareFoundation.Python.3.13_3.13.1008.0_x64__qbz5n2kfra8p0\\lib\\nltk_data'
    - 'C:\\Users\\Dickson\\AppData\\Roaming\\nltk_data'
    - 'C:\\nltk_data'
    - 'D:\\nltk_data'
    - 'E:\\nltk_data'
**********************************************************************

2025-04-28 18:52:27,994 - __main__ - WARNING - NLTK preprocessing failed: 
**********************************************************************
  Resource [93mpunkt_tab[0m not found.
  Please use the NLTK Downloader to obtain the resource:

  [31m>>> import nltk
  >>> nltk.download('punkt_tab')
  [0m
  For more information see: https://www.nltk.org/data.html

  Attempted to load [93mtokenizers/punkt_tab/english/[0m

  Searched in:
    - 'C:\\Users\\Dickson/nltk_data'
    - 'C:\\Program Files\\WindowsApps\\PythonSoftwareFoundation.Python.3.13_3.13.1008.0_x64__qbz5n2kfra8p0\\nltk_data'
    - 'C:\\Program Files\\WindowsApps\\PythonSoftwareFoundation.Python.3.13_3.13.1008.0_x64__qbz5n2kfra8p0\\share\\nltk_data'
    - 'C:\\Program Files\\WindowsApps\\PythonSoftwareFoundation.Python.3.13_3.13.1008.0_x64__qbz5n2kfra8p0\\lib\\nltk_data'
    - 'C:\\Users\\Dickson\\AppData\\Roaming\\nltk_data'
    - 'C:\\nltk_data'
    - 'D:\\nltk_data'
    - 'E:\\nltk_data'
**********************************************************************

2025-04-28 18:52:28,006 - __main__ - WARNING - NLTK preprocessing failed: 
**********************************************************************
  Resource [93mpunkt_tab[0m not found.
  Please use the NLTK Downloader to obtain the resource:

  [31m>>> import nltk
  >>> nltk.download('punkt_tab')
  [0m
  For more information see: https://www.nltk.org/data.html

  Attempted to load [93mtokenizers/punkt_tab/english/[0m

  Searched in:
    - 'C:\\Users\\Dickson/nltk_data'
    - 'C:\\Program Files\\WindowsApps\\PythonSoftwareFoundation.Python.3.13_3.13.1008.0_x64__qbz5n2kfra8p0\\nltk_data'
    - 'C:\\Program Files\\WindowsApps\\PythonSoftwareFoundation.Python.3.13_3.13.1008.0_x64__qbz5n2kfra8p0\\share\\nltk_data'
    - 'C:\\Program Files\\WindowsApps\\PythonSoftwareFoundation.Python.3.13_3.13.1008.0_x64__qbz5n2kfra8p0\\lib\\nltk_data'
    - 'C:\\Users\\Dickson\\AppData\\Roaming\\nltk_data'
    - 'C:\\nltk_data'
    - 'D:\\nltk_data'
    - 'E:\\nltk_data'
**********************************************************************

2025-04-28 18:52:28,019 - __main__ - WARNING - NLTK preprocessing failed: 
**********************************************************************
  Resource [93mpunkt_tab[0m not found.
  Please use the NLTK Downloader to obtain the resource:

  [31m>>> import nltk
  >>> nltk.download('punkt_tab')
  [0m
  For more information see: https://www.nltk.org/data.html

  Attempted to load [93mtokenizers/punkt_tab/english/[0m

  Searched in:
    - 'C:\\Users\\Dickson/nltk_data'
    - 'C:\\Program Files\\WindowsApps\\PythonSoftwareFoundation.Python.3.13_3.13.1008.0_x64__qbz5n2kfra8p0\\nltk_data'
    - 'C:\\Program Files\\WindowsApps\\PythonSoftwareFoundation.Python.3.13_3.13.1008.0_x64__qbz5n2kfra8p0\\share\\nltk_data'
    - 'C:\\Program Files\\WindowsApps\\PythonSoftwareFoundation.Python.3.13_3.13.1008.0_x64__qbz5n2kfra8p0\\lib\\nltk_data'
    - 'C:\\Users\\Dickson\\AppData\\Roaming\\nltk_data'
    - 'C:\\nltk_data'
    - 'D:\\nltk_data'
    - 'E:\\nltk_data'
**********************************************************************

2025-04-28 18:52:28,032 - __main__ - WARNING - NLTK preprocessing failed: 
**********************************************************************
  Resource [93mpunkt_tab[0m not found.
  Please use the NLTK Downloader to obtain the resource:

  [31m>>> import nltk
  >>> nltk.download('punkt_tab')
  [0m
  For more information see: https://www.nltk.org/data.html

  Attempted to load [93mtokenizers/punkt_tab/english/[0m

  Searched in:
    - 'C:\\Users\\Dickson/nltk_data'
    - 'C:\\Program Files\\WindowsApps\\PythonSoftwareFoundation.Python.3.13_3.13.1008.0_x64__qbz5n2kfra8p0\\nltk_data'
    - 'C:\\Program Files\\WindowsApps\\PythonSoftwareFoundation.Python.3.13_3.13.1008.0_x64__qbz5n2kfra8p0\\share\\nltk_data'
    - 'C:\\Program Files\\WindowsApps\\PythonSoftwareFoundation.Python.3.13_3.13.1008.0_x64__qbz5n2kfra8p0\\lib\\nltk_data'
    - 'C:\\Users\\Dickson\\AppData\\Roaming\\nltk_data'
    - 'C:\\nltk_data'
    - 'D:\\nltk_data'
    - 'E:\\nltk_data'
**********************************************************************

2025-04-28 18:52:28,045 - __main__ - WARNING - NLTK preprocessing failed: 
**********************************************************************
  Resource [93mpunkt_tab[0m not found.
  Please use the NLTK Downloader to obtain the resource:

  [31m>>> import nltk
  >>> nltk.download('punkt_tab')
  [0m
  For more information see: https://www.nltk.org/data.html

  Attempted to load [93mtokenizers/punkt_tab/english/[0m

  Searched in:
    - 'C:\\Users\\Dickson/nltk_data'
    - 'C:\\Program Files\\WindowsApps\\PythonSoftwareFoundation.Python.3.13_3.13.1008.0_x64__qbz5n2kfra8p0\\nltk_data'
    - 'C:\\Program Files\\WindowsApps\\PythonSoftwareFoundation.Python.3.13_3.13.1008.0_x64__qbz5n2kfra8p0\\share\\nltk_data'
    - 'C:\\Program Files\\WindowsApps\\PythonSoftwareFoundation.Python.3.13_3.13.1008.0_x64__qbz5n2kfra8p0\\lib\\nltk_data'
    - 'C:\\Users\\Dickson\\AppData\\Roaming\\nltk_data'
    - 'C:\\nltk_data'
    - 'D:\\nltk_data'
    - 'E:\\nltk_data'
**********************************************************************

2025-04-28 18:52:28,058 - __main__ - WARNING - NLTK preprocessing failed: 
**********************************************************************
  Resource [93mpunkt_tab[0m not found.
  Please use the NLTK Downloader to obtain the resource:

  [31m>>> import nltk
  >>> nltk.download('punkt_tab')
  [0m
  For more information see: https://www.nltk.org/data.html

  Attempted to load [93mtokenizers/punkt_tab/english/[0m

  Searched in:
    - 'C:\\Users\\Dickson/nltk_data'
    - 'C:\\Program Files\\WindowsApps\\PythonSoftwareFoundation.Python.3.13_3.13.1008.0_x64__qbz5n2kfra8p0\\nltk_data'
    - 'C:\\Program Files\\WindowsApps\\PythonSoftwareFoundation.Python.3.13_3.13.1008.0_x64__qbz5n2kfra8p0\\share\\nltk_data'
    - 'C:\\Program Files\\WindowsApps\\PythonSoftwareFoundation.Python.3.13_3.13.1008.0_x64__qbz5n2kfra8p0\\lib\\nltk_data'
    - 'C:\\Users\\Dickson\\AppData\\Roaming\\nltk_data'
    - 'C:\\nltk_data'
    - 'D:\\nltk_data'
    - 'E:\\nltk_data'
**********************************************************************

2025-04-28 18:52:28,075 - __main__ - WARNING - NLTK preprocessing failed: 
**********************************************************************
  Resource [93mpunkt_tab[0m not found.
  Please use the NLTK Downloader to obtain the resource:

  [31m>>> import nltk
  >>> nltk.download('punkt_tab')
  [0m
  For more information see: https://www.nltk.org/data.html

  Attempted to load [93mtokenizers/punkt_tab/english/[0m

  Searched in:
    - 'C:\\Users\\Dickson/nltk_data'
    - 'C:\\Program Files\\WindowsApps\\PythonSoftwareFoundation.Python.3.13_3.13.1008.0_x64__qbz5n2kfra8p0\\nltk_data'
    - 'C:\\Program Files\\WindowsApps\\PythonSoftwareFoundation.Python.3.13_3.13.1008.0_x64__qbz5n2kfra8p0\\share\\nltk_data'
    - 'C:\\Program Files\\WindowsApps\\PythonSoftwareFoundation.Python.3.13_3.13.1008.0_x64__qbz5n2kfra8p0\\lib\\nltk_data'
    - 'C:\\Users\\Dickson\\AppData\\Roaming\\nltk_data'
    - 'C:\\nltk_data'
    - 'D:\\nltk_data'
    - 'E:\\nltk_data'
**********************************************************************

2025-04-28 18:52:28,091 - __main__ - WARNING - NLTK preprocessing failed: 
**********************************************************************
  Resource [93mpunkt_tab[0m not found.
  Please use the NLTK Downloader to obtain the resource:

  [31m>>> import nltk
  >>> nltk.download('punkt_tab')
  [0m
  For more information see: https://www.nltk.org/data.html

  Attempted to load [93mtokenizers/punkt_tab/english/[0m

  Searched in:
    - 'C:\\Users\\Dickson/nltk_data'
    - 'C:\\Program Files\\WindowsApps\\PythonSoftwareFoundation.Python.3.13_3.13.1008.0_x64__qbz5n2kfra8p0\\nltk_data'
    - 'C:\\Program Files\\WindowsApps\\PythonSoftwareFoundation.Python.3.13_3.13.1008.0_x64__qbz5n2kfra8p0\\share\\nltk_data'
    - 'C:\\Program Files\\WindowsApps\\PythonSoftwareFoundation.Python.3.13_3.13.1008.0_x64__qbz5n2kfra8p0\\lib\\nltk_data'
    - 'C:\\Users\\Dickson\\AppData\\Roaming\\nltk_data'
    - 'C:\\nltk_data'
    - 'D:\\nltk_data'
    - 'E:\\nltk_data'
**********************************************************************

2025-04-28 18:52:28,108 - __main__ - WARNING - NLTK preprocessing failed: 
**********************************************************************
  Resource [93mpunkt_tab[0m not found.
  Please use the NLTK Downloader to obtain the resource:

  [31m>>> import nltk
  >>> nltk.download('punkt_tab')
  [0m
  For more information see: https://www.nltk.org/data.html

  Attempted to load [93mtokenizers/punkt_tab/english/[0m

  Searched in:
    - 'C:\\Users\\Dickson/nltk_data'
    - 'C:\\Program Files\\WindowsApps\\PythonSoftwareFoundation.Python.3.13_3.13.1008.0_x64__qbz5n2kfra8p0\\nltk_data'
    - 'C:\\Program Files\\WindowsApps\\PythonSoftwareFoundation.Python.3.13_3.13.1008.0_x64__qbz5n2kfra8p0\\share\\nltk_data'
    - 'C:\\Program Files\\WindowsApps\\PythonSoftwareFoundation.Python.3.13_3.13.1008.0_x64__qbz5n2kfra8p0\\lib\\nltk_data'
    - 'C:\\Users\\Dickson\\AppData\\Roaming\\nltk_data'
    - 'C:\\nltk_data'
    - 'D:\\nltk_data'
    - 'E:\\nltk_data'
**********************************************************************

2025-04-28 18:52:28,125 - __main__ - WARNING - NLTK preprocessing failed: 
**********************************************************************
  Resource [93mpunkt_tab[0m not found.
  Please use the NLTK Downloader to obtain the resource:

  [31m>>> import nltk
  >>> nltk.download('punkt_tab')
  [0m
  For more information see: https://www.nltk.org/data.html

  Attempted to load [93mtokenizers/punkt_tab/english/[0m

  Searched in:
    - 'C:\\Users\\Dickson/nltk_data'
    - 'C:\\Program Files\\WindowsApps\\PythonSoftwareFoundation.Python.3.13_3.13.1008.0_x64__qbz5n2kfra8p0\\nltk_data'
    - 'C:\\Program Files\\WindowsApps\\PythonSoftwareFoundation.Python.3.13_3.13.1008.0_x64__qbz5n2kfra8p0\\share\\nltk_data'
    - 'C:\\Program Files\\WindowsApps\\PythonSoftwareFoundation.Python.3.13_3.13.1008.0_x64__qbz5n2kfra8p0\\lib\\nltk_data'
    - 'C:\\Users\\Dickson\\AppData\\Roaming\\nltk_data'
    - 'C:\\nltk_data'
    - 'D:\\nltk_data'
    - 'E:\\nltk_data'
**********************************************************************

2025-04-28 18:52:28,142 - __main__ - WARNING - NLTK preprocessing failed: 
**********************************************************************
  Resource [93mpunkt_tab[0m not found.
  Please use the NLTK Downloader to obtain the resource:

  [31m>>> import nltk
  >>> nltk.download('punkt_tab')
  [0m
  For more information see: https://www.nltk.org/data.html

  Attempted to load [93mtokenizers/punkt_tab/english/[0m

  Searched in:
    - 'C:\\Users\\Dickson/nltk_data'
    - 'C:\\Program Files\\WindowsApps\\PythonSoftwareFoundation.Python.3.13_3.13.1008.0_x64__qbz5n2kfra8p0\\nltk_data'
    - 'C:\\Program Files\\WindowsApps\\PythonSoftwareFoundation.Python.3.13_3.13.1008.0_x64__qbz5n2kfra8p0\\share\\nltk_data'
    - 'C:\\Program Files\\WindowsApps\\PythonSoftwareFoundation.Python.3.13_3.13.1008.0_x64__qbz5n2kfra8p0\\lib\\nltk_data'
    - 'C:\\Users\\Dickson\\AppData\\Roaming\\nltk_data'
    - 'C:\\nltk_data'
    - 'D:\\nltk_data'
    - 'E:\\nltk_data'
**********************************************************************

2025-04-28 18:52:28,158 - __main__ - WARNING - NLTK preprocessing failed: 
**********************************************************************
  Resource [93mpunkt_tab[0m not found.
  Please use the NLTK Downloader to obtain the resource:

  [31m>>> import nltk
  >>> nltk.download('punkt_tab')
  [0m
  For more information see: https://www.nltk.org/data.html

  Attempted to load [93mtokenizers/punkt_tab/english/[0m

  Searched in:
    - 'C:\\Users\\Dickson/nltk_data'
    - 'C:\\Program Files\\WindowsApps\\PythonSoftwareFoundation.Python.3.13_3.13.1008.0_x64__qbz5n2kfra8p0\\nltk_data'
    - 'C:\\Program Files\\WindowsApps\\PythonSoftwareFoundation.Python.3.13_3.13.1008.0_x64__qbz5n2kfra8p0\\share\\nltk_data'
    - 'C:\\Program Files\\WindowsApps\\PythonSoftwareFoundation.Python.3.13_3.13.1008.0_x64__qbz5n2kfra8p0\\lib\\nltk_data'
    - 'C:\\Users\\Dickson\\AppData\\Roaming\\nltk_data'
    - 'C:\\nltk_data'
    - 'D:\\nltk_data'
    - 'E:\\nltk_data'
**********************************************************************

2025-04-28 18:52:28,173 - __main__ - WARNING - NLTK preprocessing failed: 
**********************************************************************
  Resource [93mpunkt_tab[0m not found.
  Please use the NLTK Downloader to obtain the resource:

  [31m>>> import nltk
  >>> nltk.download('punkt_tab')
  [0m
  For more information see: https://www.nltk.org/data.html

  Attempted to load [93mtokenizers/punkt_tab/english/[0m

  Searched in:
    - 'C:\\Users\\Dickson/nltk_data'
    - 'C:\\Program Files\\WindowsApps\\PythonSoftwareFoundation.Python.3.13_3.13.1008.0_x64__qbz5n2kfra8p0\\nltk_data'
    - 'C:\\Program Files\\WindowsApps\\PythonSoftwareFoundation.Python.3.13_3.13.1008.0_x64__qbz5n2kfra8p0\\share\\nltk_data'
    - 'C:\\Program Files\\WindowsApps\\PythonSoftwareFoundation.Python.3.13_3.13.1008.0_x64__qbz5n2kfra8p0\\lib\\nltk_data'
    - 'C:\\Users\\Dickson\\AppData\\Roaming\\nltk_data'
    - 'C:\\nltk_data'
    - 'D:\\nltk_data'
    - 'E:\\nltk_data'
**********************************************************************

2025-04-28 18:52:28,191 - __main__ - WARNING - NLTK preprocessing failed: 
**********************************************************************
  Resource [93mpunkt_tab[0m not found.
  Please use the NLTK Downloader to obtain the resource:

  [31m>>> import nltk
  >>> nltk.download('punkt_tab')
  [0m
  For more information see: https://www.nltk.org/data.html

  Attempted to load [93mtokenizers/punkt_tab/english/[0m

  Searched in:
    - 'C:\\Users\\Dickson/nltk_data'
    - 'C:\\Program Files\\WindowsApps\\PythonSoftwareFoundation.Python.3.13_3.13.1008.0_x64__qbz5n2kfra8p0\\nltk_data'
    - 'C:\\Program Files\\WindowsApps\\PythonSoftwareFoundation.Python.3.13_3.13.1008.0_x64__qbz5n2kfra8p0\\share\\nltk_data'
    - 'C:\\Program Files\\WindowsApps\\PythonSoftwareFoundation.Python.3.13_3.13.1008.0_x64__qbz5n2kfra8p0\\lib\\nltk_data'
    - 'C:\\Users\\Dickson\\AppData\\Roaming\\nltk_data'
    - 'C:\\nltk_data'
    - 'D:\\nltk_data'
    - 'E:\\nltk_data'
**********************************************************************

2025-04-28 18:52:28,213 - __main__ - WARNING - NLTK preprocessing failed: 
**********************************************************************
  Resource [93mpunkt_tab[0m not found.
  Please use the NLTK Downloader to obtain the resource:

  [31m>>> import nltk
  >>> nltk.download('punkt_tab')
  [0m
  For more information see: https://www.nltk.org/data.html

  Attempted to load [93mtokenizers/punkt_tab/english/[0m

  Searched in:
    - 'C:\\Users\\Dickson/nltk_data'
    - 'C:\\Program Files\\WindowsApps\\PythonSoftwareFoundation.Python.3.13_3.13.1008.0_x64__qbz5n2kfra8p0\\nltk_data'
    - 'C:\\Program Files\\WindowsApps\\PythonSoftwareFoundation.Python.3.13_3.13.1008.0_x64__qbz5n2kfra8p0\\share\\nltk_data'
    - 'C:\\Program Files\\WindowsApps\\PythonSoftwareFoundation.Python.3.13_3.13.1008.0_x64__qbz5n2kfra8p0\\lib\\nltk_data'
    - 'C:\\Users\\Dickson\\AppData\\Roaming\\nltk_data'
    - 'C:\\nltk_data'
    - 'D:\\nltk_data'
    - 'E:\\nltk_data'
**********************************************************************

2025-04-28 18:52:28,232 - __main__ - WARNING - NLTK preprocessing failed: 
**********************************************************************
  Resource [93mpunkt_tab[0m not found.
  Please use the NLTK Downloader to obtain the resource:

  [31m>>> import nltk
  >>> nltk.download('punkt_tab')
  [0m
  For more information see: https://www.nltk.org/data.html

  Attempted to load [93mtokenizers/punkt_tab/english/[0m

  Searched in:
    - 'C:\\Users\\Dickson/nltk_data'
    - 'C:\\Program Files\\WindowsApps\\PythonSoftwareFoundation.Python.3.13_3.13.1008.0_x64__qbz5n2kfra8p0\\nltk_data'
    - 'C:\\Program Files\\WindowsApps\\PythonSoftwareFoundation.Python.3.13_3.13.1008.0_x64__qbz5n2kfra8p0\\share\\nltk_data'
    - 'C:\\Program Files\\WindowsApps\\PythonSoftwareFoundation.Python.3.13_3.13.1008.0_x64__qbz5n2kfra8p0\\lib\\nltk_data'
    - 'C:\\Users\\Dickson\\AppData\\Roaming\\nltk_data'
    - 'C:\\nltk_data'
    - 'D:\\nltk_data'
    - 'E:\\nltk_data'
**********************************************************************

2025-04-28 18:52:28,250 - __main__ - WARNING - NLTK preprocessing failed: 
**********************************************************************
  Resource [93mpunkt_tab[0m not found.
  Please use the NLTK Downloader to obtain the resource:

  [31m>>> import nltk
  >>> nltk.download('punkt_tab')
  [0m
  For more information see: https://www.nltk.org/data.html

  Attempted to load [93mtokenizers/punkt_tab/english/[0m

  Searched in:
    - 'C:\\Users\\Dickson/nltk_data'
    - 'C:\\Program Files\\WindowsApps\\PythonSoftwareFoundation.Python.3.13_3.13.1008.0_x64__qbz5n2kfra8p0\\nltk_data'
    - 'C:\\Program Files\\WindowsApps\\PythonSoftwareFoundation.Python.3.13_3.13.1008.0_x64__qbz5n2kfra8p0\\share\\nltk_data'
    - 'C:\\Program Files\\WindowsApps\\PythonSoftwareFoundation.Python.3.13_3.13.1008.0_x64__qbz5n2kfra8p0\\lib\\nltk_data'
    - 'C:\\Users\\Dickson\\AppData\\Roaming\\nltk_data'
    - 'C:\\nltk_data'
    - 'D:\\nltk_data'
    - 'E:\\nltk_data'
**********************************************************************

2025-04-28 18:52:28,263 - __main__ - WARNING - NLTK preprocessing failed: 
**********************************************************************
  Resource [93mpunkt_tab[0m not found.
  Please use the NLTK Downloader to obtain the resource:

  [31m>>> import nltk
  >>> nltk.download('punkt_tab')
  [0m
  For more information see: https://www.nltk.org/data.html

  Attempted to load [93mtokenizers/punkt_tab/english/[0m

  Searched in:
    - 'C:\\Users\\Dickson/nltk_data'
    - 'C:\\Program Files\\WindowsApps\\PythonSoftwareFoundation.Python.3.13_3.13.1008.0_x64__qbz5n2kfra8p0\\nltk_data'
    - 'C:\\Program Files\\WindowsApps\\PythonSoftwareFoundation.Python.3.13_3.13.1008.0_x64__qbz5n2kfra8p0\\share\\nltk_data'
    - 'C:\\Program Files\\WindowsApps\\PythonSoftwareFoundation.Python.3.13_3.13.1008.0_x64__qbz5n2kfra8p0\\lib\\nltk_data'
    - 'C:\\Users\\Dickson\\AppData\\Roaming\\nltk_data'
    - 'C:\\nltk_data'
    - 'D:\\nltk_data'
    - 'E:\\nltk_data'
**********************************************************************

2025-04-28 18:52:28,278 - __main__ - WARNING - NLTK preprocessing failed: 
**********************************************************************
  Resource [93mpunkt_tab[0m not found.
  Please use the NLTK Downloader to obtain the resource:

  [31m>>> import nltk
  >>> nltk.download('punkt_tab')
  [0m
  For more information see: https://www.nltk.org/data.html

  Attempted to load [93mtokenizers/punkt_tab/english/[0m

  Searched in:
    - 'C:\\Users\\Dickson/nltk_data'
    - 'C:\\Program Files\\WindowsApps\\PythonSoftwareFoundation.Python.3.13_3.13.1008.0_x64__qbz5n2kfra8p0\\nltk_data'
    - 'C:\\Program Files\\WindowsApps\\PythonSoftwareFoundation.Python.3.13_3.13.1008.0_x64__qbz5n2kfra8p0\\share\\nltk_data'
    - 'C:\\Program Files\\WindowsApps\\PythonSoftwareFoundation.Python.3.13_3.13.1008.0_x64__qbz5n2kfra8p0\\lib\\nltk_data'
    - 'C:\\Users\\Dickson\\AppData\\Roaming\\nltk_data'
    - 'C:\\nltk_data'
    - 'D:\\nltk_data'
    - 'E:\\nltk_data'
**********************************************************************

2025-04-28 18:52:28,292 - __main__ - WARNING - NLTK preprocessing failed: 
**********************************************************************
  Resource [93mpunkt_tab[0m not found.
  Please use the NLTK Downloader to obtain the resource:

  [31m>>> import nltk
  >>> nltk.download('punkt_tab')
  [0m
  For more information see: https://www.nltk.org/data.html

  Attempted to load [93mtokenizers/punkt_tab/english/[0m

  Searched in:
    - 'C:\\Users\\Dickson/nltk_data'
    - 'C:\\Program Files\\WindowsApps\\PythonSoftwareFoundation.Python.3.13_3.13.1008.0_x64__qbz5n2kfra8p0\\nltk_data'
    - 'C:\\Program Files\\WindowsApps\\PythonSoftwareFoundation.Python.3.13_3.13.1008.0_x64__qbz5n2kfra8p0\\share\\nltk_data'
    - 'C:\\Program Files\\WindowsApps\\PythonSoftwareFoundation.Python.3.13_3.13.1008.0_x64__qbz5n2kfra8p0\\lib\\nltk_data'
    - 'C:\\Users\\Dickson\\AppData\\Roaming\\nltk_data'
    - 'C:\\nltk_data'
    - 'D:\\nltk_data'
    - 'E:\\nltk_data'
**********************************************************************

2025-04-28 18:52:28,317 - __main__ - WARNING - NLTK preprocessing failed: 
**********************************************************************
  Resource [93mpunkt_tab[0m not found.
  Please use the NLTK Downloader to obtain the resource:

  [31m>>> import nltk
  >>> nltk.download('punkt_tab')
  [0m
  For more information see: https://www.nltk.org/data.html

  Attempted to load [93mtokenizers/punkt_tab/english/[0m

  Searched in:
    - 'C:\\Users\\Dickson/nltk_data'
    - 'C:\\Program Files\\WindowsApps\\PythonSoftwareFoundation.Python.3.13_3.13.1008.0_x64__qbz5n2kfra8p0\\nltk_data'
    - 'C:\\Program Files\\WindowsApps\\PythonSoftwareFoundation.Python.3.13_3.13.1008.0_x64__qbz5n2kfra8p0\\share\\nltk_data'
    - 'C:\\Program Files\\WindowsApps\\PythonSoftwareFoundation.Python.3.13_3.13.1008.0_x64__qbz5n2kfra8p0\\lib\\nltk_data'
    - 'C:\\Users\\Dickson\\AppData\\Roaming\\nltk_data'
    - 'C:\\nltk_data'
    - 'D:\\nltk_data'
    - 'E:\\nltk_data'
**********************************************************************

2025-04-28 18:52:28,327 - __main__ - WARNING - NLTK preprocessing failed: 
**********************************************************************
  Resource [93mpunkt_tab[0m not found.
  Please use the NLTK Downloader to obtain the resource:

  [31m>>> import nltk
  >>> nltk.download('punkt_tab')
  [0m
  For more information see: https://www.nltk.org/data.html

  Attempted to load [93mtokenizers/punkt_tab/english/[0m

  Searched in:
    - 'C:\\Users\\Dickson/nltk_data'
    - 'C:\\Program Files\\WindowsApps\\PythonSoftwareFoundation.Python.3.13_3.13.1008.0_x64__qbz5n2kfra8p0\\nltk_data'
    - 'C:\\Program Files\\WindowsApps\\PythonSoftwareFoundation.Python.3.13_3.13.1008.0_x64__qbz5n2kfra8p0\\share\\nltk_data'
    - 'C:\\Program Files\\WindowsApps\\PythonSoftwareFoundation.Python.3.13_3.13.1008.0_x64__qbz5n2kfra8p0\\lib\\nltk_data'
    - 'C:\\Users\\Dickson\\AppData\\Roaming\\nltk_data'
    - 'C:\\nltk_data'
    - 'D:\\nltk_data'
    - 'E:\\nltk_data'
**********************************************************************

2025-04-28 18:52:28,339 - __main__ - WARNING - NLTK preprocessing failed: 
**********************************************************************
  Resource [93mpunkt_tab[0m not found.
  Please use the NLTK Downloader to obtain the resource:

  [31m>>> import nltk
  >>> nltk.download('punkt_tab')
  [0m
  For more information see: https://www.nltk.org/data.html

  Attempted to load [93mtokenizers/punkt_tab/english/[0m

  Searched in:
    - 'C:\\Users\\Dickson/nltk_data'
    - 'C:\\Program Files\\WindowsApps\\PythonSoftwareFoundation.Python.3.13_3.13.1008.0_x64__qbz5n2kfra8p0\\nltk_data'
    - 'C:\\Program Files\\WindowsApps\\PythonSoftwareFoundation.Python.3.13_3.13.1008.0_x64__qbz5n2kfra8p0\\share\\nltk_data'
    - 'C:\\Program Files\\WindowsApps\\PythonSoftwareFoundation.Python.3.13_3.13.1008.0_x64__qbz5n2kfra8p0\\lib\\nltk_data'
    - 'C:\\Users\\Dickson\\AppData\\Roaming\\nltk_data'
    - 'C:\\nltk_data'
    - 'D:\\nltk_data'
    - 'E:\\nltk_data'
**********************************************************************

2025-04-28 18:52:28,349 - __main__ - WARNING - NLTK preprocessing failed: 
**********************************************************************
  Resource [93mpunkt_tab[0m not found.
  Please use the NLTK Downloader to obtain the resource:

  [31m>>> import nltk
  >>> nltk.download('punkt_tab')
  [0m
  For more information see: https://www.nltk.org/data.html

  Attempted to load [93mtokenizers/punkt_tab/english/[0m

  Searched in:
    - 'C:\\Users\\Dickson/nltk_data'
    - 'C:\\Program Files\\WindowsApps\\PythonSoftwareFoundation.Python.3.13_3.13.1008.0_x64__qbz5n2kfra8p0\\nltk_data'
    - 'C:\\Program Files\\WindowsApps\\PythonSoftwareFoundation.Python.3.13_3.13.1008.0_x64__qbz5n2kfra8p0\\share\\nltk_data'
    - 'C:\\Program Files\\WindowsApps\\PythonSoftwareFoundation.Python.3.13_3.13.1008.0_x64__qbz5n2kfra8p0\\lib\\nltk_data'
    - 'C:\\Users\\Dickson\\AppData\\Roaming\\nltk_data'
    - 'C:\\nltk_data'
    - 'D:\\nltk_data'
    - 'E:\\nltk_data'
**********************************************************************

2025-04-28 18:52:28,359 - __main__ - WARNING - NLTK preprocessing failed: 
**********************************************************************
  Resource [93mpunkt_tab[0m not found.
  Please use the NLTK Downloader to obtain the resource:

  [31m>>> import nltk
  >>> nltk.download('punkt_tab')
  [0m
  For more information see: https://www.nltk.org/data.html

  Attempted to load [93mtokenizers/punkt_tab/english/[0m

  Searched in:
    - 'C:\\Users\\Dickson/nltk_data'
    - 'C:\\Program Files\\WindowsApps\\PythonSoftwareFoundation.Python.3.13_3.13.1008.0_x64__qbz5n2kfra8p0\\nltk_data'
    - 'C:\\Program Files\\WindowsApps\\PythonSoftwareFoundation.Python.3.13_3.13.1008.0_x64__qbz5n2kfra8p0\\share\\nltk_data'
    - 'C:\\Program Files\\WindowsApps\\PythonSoftwareFoundation.Python.3.13_3.13.1008.0_x64__qbz5n2kfra8p0\\lib\\nltk_data'
    - 'C:\\Users\\Dickson\\AppData\\Roaming\\nltk_data'
    - 'C:\\nltk_data'
    - 'D:\\nltk_data'
    - 'E:\\nltk_data'
**********************************************************************

2025-04-28 18:52:28,376 - werkzeug - INFO - 127.0.0.1 - - [28/Apr/2025 18:52:28] "GET /get?msg=How%20do%20you%20work? HTTP/1.1" 200 -
2025-04-28 19:03:51,996 - werkzeug - INFO - 127.0.0.1 - - [28/Apr/2025 19:03:51] "GET / HTTP/1.1" 200 -
2025-04-28 19:04:56,400 - werkzeug - INFO - 127.0.0.1 - - [28/Apr/2025 19:04:56] "GET / HTTP/1.1" 200 -
2025-04-28 19:07:46,360 - __main__ - INFO - Received file upload request
2025-04-28 19:07:49,643 - __main__ - INFO - Processing file: QUESTION- EVALUATION AND ANALYSIS.pdf
2025-04-28 19:07:49,656 - __main__ - INFO - Processing progress: {'status': 'processing', 'progress': 10, 'message': 'Starting document extraction...'}
2025-04-28 19:07:49,657 - __main__ - INFO - Requested summary: 30 sentences, paragraph format, structured type, ML: True
2025-04-28 19:07:49,658 - __main__ - INFO - Starting asynchronous processing of uploads\QUESTION-_EVALUATION_AND_ANALYSIS.pdf
2025-04-28 19:07:49,659 - werkzeug - INFO - 127.0.0.1 - - [28/Apr/2025 19:07:49] "POST /upload HTTP/1.1" 200 -
2025-04-28 19:07:49,938 - __main__ - INFO - Successfully extracted 16120 characters with PyPDF2
2025-04-28 19:07:49,938 - __main__ - INFO - Using fallback summarization method
2025-04-28 19:07:49,941 - __main__ - WARNING - NLTK sentence tokenization failed: 
**********************************************************************
  Resource [93mpunkt_tab[0m not found.
  Please use the NLTK Downloader to obtain the resource:

  [31m>>> import nltk
  >>> nltk.download('punkt_tab')
  [0m
  For more information see: https://www.nltk.org/data.html

  Attempted to load [93mtokenizers/punkt_tab/english/[0m

  Searched in:
    - 'C:\\Users\\Dickson/nltk_data'
    - 'C:\\Program Files\\WindowsApps\\PythonSoftwareFoundation.Python.3.13_3.13.1008.0_x64__qbz5n2kfra8p0\\nltk_data'
    - 'C:\\Program Files\\WindowsApps\\PythonSoftwareFoundation.Python.3.13_3.13.1008.0_x64__qbz5n2kfra8p0\\share\\nltk_data'
    - 'C:\\Program Files\\WindowsApps\\PythonSoftwareFoundation.Python.3.13_3.13.1008.0_x64__qbz5n2kfra8p0\\lib\\nltk_data'
    - 'C:\\Users\\Dickson\\AppData\\Roaming\\nltk_data'
    - 'C:\\nltk_data'
    - 'D:\\nltk_data'
    - 'E:\\nltk_data'
**********************************************************************

2025-04-28 19:07:49,942 - __main__ - INFO - Regex tokenization found 77 sentences
2025-04-28 19:07:49,943 - __main__ - DEBUG - Split text into 77 sentences
2025-04-28 19:07:49,943 - __main__ - INFO - Generated fallback summary of 9958 characters
2025-04-28 19:07:49,946 - __main__ - WARNING - NLTK sentence tokenization failed: 
**********************************************************************
  Resource [93mpunkt_tab[0m not found.
  Please use the NLTK Downloader to obtain the resource:

  [31m>>> import nltk
  >>> nltk.download('punkt_tab')
  [0m
  For more information see: https://www.nltk.org/data.html

  Attempted to load [93mtokenizers/punkt_tab/english/[0m

  Searched in:
    - 'C:\\Users\\Dickson/nltk_data'
    - 'C:\\Program Files\\WindowsApps\\PythonSoftwareFoundation.Python.3.13_3.13.1008.0_x64__qbz5n2kfra8p0\\nltk_data'
    - 'C:\\Program Files\\WindowsApps\\PythonSoftwareFoundation.Python.3.13_3.13.1008.0_x64__qbz5n2kfra8p0\\share\\nltk_data'
    - 'C:\\Program Files\\WindowsApps\\PythonSoftwareFoundation.Python.3.13_3.13.1008.0_x64__qbz5n2kfra8p0\\lib\\nltk_data'
    - 'C:\\Users\\Dickson\\AppData\\Roaming\\nltk_data'
    - 'C:\\nltk_data'
    - 'D:\\nltk_data'
    - 'E:\\nltk_data'
**********************************************************************

2025-04-28 19:07:49,947 - __main__ - INFO - Regex tokenization found 30 sentences
2025-04-28 19:07:49,948 - __main__ - DEBUG - Removed temporary file: uploads\QUESTION-_EVALUATION_AND_ANALYSIS.pdf
2025-04-28 19:07:52,051 - werkzeug - INFO - 127.0.0.1 - - [28/Apr/2025 19:07:52] "GET /status/697c2c8d55e8f53fc3fa8f72031e1f88 HTTP/1.1" 200 -
2025-04-28 19:14:46,394 - werkzeug - INFO - 127.0.0.1 - - [28/Apr/2025 19:14:46] "GET / HTTP/1.1" 200 -
2025-04-28 19:14:52,953 - werkzeug - INFO - 127.0.0.1 - - [28/Apr/2025 19:14:52] "GET / HTTP/1.1" 200 -
2025-04-28 19:16:11,084 - __main__ - INFO - Received file upload request
2025-04-28 19:16:15,850 - __main__ - WARNING - Invalid file format: 4. Humility to accept the back and front stages of life real.docx
2025-04-28 19:16:15,852 - werkzeug - INFO - 127.0.0.1 - - [28/Apr/2025 19:16:15] "[31m[1mPOST /upload HTTP/1.1[0m" 400 -
2025-04-28 19:16:16,357 - __main__ - INFO - Received file upload request
2025-04-28 19:16:20,909 - __main__ - WARNING - Invalid file format: 4. Humility to accept the back and front stages of life real.docx
2025-04-28 19:16:20,910 - werkzeug - INFO - 127.0.0.1 - - [28/Apr/2025 19:16:20] "[31m[1mPOST /upload HTTP/1.1[0m" 400 -
2025-04-28 19:16:21,341 - __main__ - INFO - Received file upload request
2025-04-28 19:16:26,170 - __main__ - WARNING - Invalid file format: 4. Humility to accept the back and front stages of life real.docx
2025-04-28 19:16:26,172 - werkzeug - INFO - 127.0.0.1 - - [28/Apr/2025 19:16:26] "[31m[1mPOST /upload HTTP/1.1[0m" 400 -
2025-04-28 19:16:26,607 - __main__ - INFO - Received file upload request
2025-04-28 19:16:30,660 - __main__ - WARNING - Invalid file format: 4. Humility to accept the back and front stages of life real.docx
2025-04-28 19:16:30,661 - werkzeug - INFO - 127.0.0.1 - - [28/Apr/2025 19:16:30] "[31m[1mPOST /upload HTTP/1.1[0m" 400 -
2025-04-28 19:17:43,961 - __main__ - INFO - Received file upload request
2025-04-28 19:17:47,784 - __main__ - WARNING - Invalid file format: Screenshot_20240716-095253.png
2025-04-28 19:17:47,785 - werkzeug - INFO - 127.0.0.1 - - [28/Apr/2025 19:17:47] "[31m[1mPOST /upload HTTP/1.1[0m" 400 -
2025-04-28 19:17:48,257 - __main__ - INFO - Received file upload request
2025-04-28 19:17:49,630 - __main__ - WARNING - Invalid file format: Screenshot_20240716-095253.png
2025-04-28 19:17:49,631 - werkzeug - INFO - 127.0.0.1 - - [28/Apr/2025 19:17:49] "[31m[1mPOST /upload HTTP/1.1[0m" 400 -
2025-04-28 19:17:50,215 - __main__ - INFO - Received file upload request
2025-04-28 19:17:51,225 - __main__ - WARNING - Invalid file format: Screenshot_20240716-095253.png
2025-04-28 19:17:51,226 - werkzeug - INFO - 127.0.0.1 - - [28/Apr/2025 19:17:51] "[31m[1mPOST /upload HTTP/1.1[0m" 400 -
2025-04-28 19:17:51,837 - __main__ - INFO - Received file upload request
2025-04-28 19:17:52,692 - __main__ - WARNING - Invalid file format: Screenshot_20240716-095253.png
2025-04-28 19:17:52,693 - werkzeug - INFO - 127.0.0.1 - - [28/Apr/2025 19:17:52] "[31m[1mPOST /upload HTTP/1.1[0m" 400 -
2025-04-28 19:18:09,869 - werkzeug - INFO - 127.0.0.1 - - [28/Apr/2025 19:18:09] "GET / HTTP/1.1" 200 -
2025-04-28 19:18:42,119 - __main__ - INFO - Received file upload request
2025-04-28 19:18:42,120 - __main__ - WARNING - Invalid file format: Copy-of-Copy-of-RuthAndNaomi.jpg
2025-04-28 19:18:42,121 - werkzeug - INFO - 127.0.0.1 - - [28/Apr/2025 19:18:42] "[31m[1mPOST /upload HTTP/1.1[0m" 400 -
2025-04-28 19:18:42,633 - __main__ - INFO - Received file upload request
2025-04-28 19:18:43,040 - __main__ - WARNING - Invalid file format: Copy-of-Copy-of-RuthAndNaomi.jpg
2025-04-28 19:18:43,040 - werkzeug - INFO - 127.0.0.1 - - [28/Apr/2025 19:18:43] "[31m[1mPOST /upload HTTP/1.1[0m" 400 -
2025-04-28 19:18:43,561 - __main__ - INFO - Received file upload request
2025-04-28 19:18:43,859 - __main__ - WARNING - Invalid file format: Copy-of-Copy-of-RuthAndNaomi.jpg
2025-04-28 19:18:43,860 - werkzeug - INFO - 127.0.0.1 - - [28/Apr/2025 19:18:43] "[31m[1mPOST /upload HTTP/1.1[0m" 400 -
2025-04-28 19:18:44,393 - __main__ - INFO - Received file upload request
2025-04-28 19:18:44,666 - __main__ - WARNING - Invalid file format: Copy-of-Copy-of-RuthAndNaomi.jpg
2025-04-28 19:18:44,666 - werkzeug - INFO - 127.0.0.1 - - [28/Apr/2025 19:18:44] "[31m[1mPOST /upload HTTP/1.1[0m" 400 -
2025-04-28 19:19:10,609 - __main__ - WARNING - NLTK preprocessing failed: 
**********************************************************************
  Resource [93mpunkt_tab[0m not found.
  Please use the NLTK Downloader to obtain the resource:

  [31m>>> import nltk
  >>> nltk.download('punkt_tab')
  [0m
  For more information see: https://www.nltk.org/data.html

  Attempted to load [93mtokenizers/punkt_tab/english/[0m

  Searched in:
    - 'C:\\Users\\Dickson/nltk_data'
    - 'C:\\Program Files\\WindowsApps\\PythonSoftwareFoundation.Python.3.13_3.13.1008.0_x64__qbz5n2kfra8p0\\nltk_data'
    - 'C:\\Program Files\\WindowsApps\\PythonSoftwareFoundation.Python.3.13_3.13.1008.0_x64__qbz5n2kfra8p0\\share\\nltk_data'
    - 'C:\\Program Files\\WindowsApps\\PythonSoftwareFoundation.Python.3.13_3.13.1008.0_x64__qbz5n2kfra8p0\\lib\\nltk_data'
    - 'C:\\Users\\Dickson\\AppData\\Roaming\\nltk_data'
    - 'C:\\nltk_data'
    - 'D:\\nltk_data'
    - 'E:\\nltk_data'
**********************************************************************

2025-04-28 19:19:10,612 - __main__ - WARNING - NLTK preprocessing failed: 
**********************************************************************
  Resource [93mpunkt_tab[0m not found.
  Please use the NLTK Downloader to obtain the resource:

  [31m>>> import nltk
  >>> nltk.download('punkt_tab')
  [0m
  For more information see: https://www.nltk.org/data.html

  Attempted to load [93mtokenizers/punkt_tab/english/[0m

  Searched in:
    - 'C:\\Users\\Dickson/nltk_data'
    - 'C:\\Program Files\\WindowsApps\\PythonSoftwareFoundation.Python.3.13_3.13.1008.0_x64__qbz5n2kfra8p0\\nltk_data'
    - 'C:\\Program Files\\WindowsApps\\PythonSoftwareFoundation.Python.3.13_3.13.1008.0_x64__qbz5n2kfra8p0\\share\\nltk_data'
    - 'C:\\Program Files\\WindowsApps\\PythonSoftwareFoundation.Python.3.13_3.13.1008.0_x64__qbz5n2kfra8p0\\lib\\nltk_data'
    - 'C:\\Users\\Dickson\\AppData\\Roaming\\nltk_data'
    - 'C:\\nltk_data'
    - 'D:\\nltk_data'
    - 'E:\\nltk_data'
**********************************************************************

2025-04-28 19:19:10,615 - __main__ - WARNING - NLTK preprocessing failed: 
**********************************************************************
  Resource [93mpunkt_tab[0m not found.
  Please use the NLTK Downloader to obtain the resource:

  [31m>>> import nltk
  >>> nltk.download('punkt_tab')
  [0m
  For more information see: https://www.nltk.org/data.html

  Attempted to load [93mtokenizers/punkt_tab/english/[0m

  Searched in:
    - 'C:\\Users\\Dickson/nltk_data'
    - 'C:\\Program Files\\WindowsApps\\PythonSoftwareFoundation.Python.3.13_3.13.1008.0_x64__qbz5n2kfra8p0\\nltk_data'
    - 'C:\\Program Files\\WindowsApps\\PythonSoftwareFoundation.Python.3.13_3.13.1008.0_x64__qbz5n2kfra8p0\\share\\nltk_data'
    - 'C:\\Program Files\\WindowsApps\\PythonSoftwareFoundation.Python.3.13_3.13.1008.0_x64__qbz5n2kfra8p0\\lib\\nltk_data'
    - 'C:\\Users\\Dickson\\AppData\\Roaming\\nltk_data'
    - 'C:\\nltk_data'
    - 'D:\\nltk_data'
    - 'E:\\nltk_data'
**********************************************************************

2025-04-28 19:19:10,618 - __main__ - WARNING - NLTK preprocessing failed: 
**********************************************************************
  Resource [93mpunkt_tab[0m not found.
  Please use the NLTK Downloader to obtain the resource:

  [31m>>> import nltk
  >>> nltk.download('punkt_tab')
  [0m
  For more information see: https://www.nltk.org/data.html

  Attempted to load [93mtokenizers/punkt_tab/english/[0m

  Searched in:
    - 'C:\\Users\\Dickson/nltk_data'
    - 'C:\\Program Files\\WindowsApps\\PythonSoftwareFoundation.Python.3.13_3.13.1008.0_x64__qbz5n2kfra8p0\\nltk_data'
    - 'C:\\Program Files\\WindowsApps\\PythonSoftwareFoundation.Python.3.13_3.13.1008.0_x64__qbz5n2kfra8p0\\share\\nltk_data'
    - 'C:\\Program Files\\WindowsApps\\PythonSoftwareFoundation.Python.3.13_3.13.1008.0_x64__qbz5n2kfra8p0\\lib\\nltk_data'
    - 'C:\\Users\\Dickson\\AppData\\Roaming\\nltk_data'
    - 'C:\\nltk_data'
    - 'D:\\nltk_data'
    - 'E:\\nltk_data'
**********************************************************************

2025-04-28 19:19:10,621 - __main__ - WARNING - NLTK preprocessing failed: 
**********************************************************************
  Resource [93mpunkt_tab[0m not found.
  Please use the NLTK Downloader to obtain the resource:

  [31m>>> import nltk
  >>> nltk.download('punkt_tab')
  [0m
  For more information see: https://www.nltk.org/data.html

  Attempted to load [93mtokenizers/punkt_tab/english/[0m

  Searched in:
    - 'C:\\Users\\Dickson/nltk_data'
    - 'C:\\Program Files\\WindowsApps\\PythonSoftwareFoundation.Python.3.13_3.13.1008.0_x64__qbz5n2kfra8p0\\nltk_data'
    - 'C:\\Program Files\\WindowsApps\\PythonSoftwareFoundation.Python.3.13_3.13.1008.0_x64__qbz5n2kfra8p0\\share\\nltk_data'
    - 'C:\\Program Files\\WindowsApps\\PythonSoftwareFoundation.Python.3.13_3.13.1008.0_x64__qbz5n2kfra8p0\\lib\\nltk_data'
    - 'C:\\Users\\Dickson\\AppData\\Roaming\\nltk_data'
    - 'C:\\nltk_data'
    - 'D:\\nltk_data'
    - 'E:\\nltk_data'
**********************************************************************

2025-04-28 19:19:10,625 - __main__ - WARNING - NLTK preprocessing failed: 
**********************************************************************
  Resource [93mpunkt_tab[0m not found.
  Please use the NLTK Downloader to obtain the resource:

  [31m>>> import nltk
  >>> nltk.download('punkt_tab')
  [0m
  For more information see: https://www.nltk.org/data.html

  Attempted to load [93mtokenizers/punkt_tab/english/[0m

  Searched in:
    - 'C:\\Users\\Dickson/nltk_data'
    - 'C:\\Program Files\\WindowsApps\\PythonSoftwareFoundation.Python.3.13_3.13.1008.0_x64__qbz5n2kfra8p0\\nltk_data'
    - 'C:\\Program Files\\WindowsApps\\PythonSoftwareFoundation.Python.3.13_3.13.1008.0_x64__qbz5n2kfra8p0\\share\\nltk_data'
    - 'C:\\Program Files\\WindowsApps\\PythonSoftwareFoundation.Python.3.13_3.13.1008.0_x64__qbz5n2kfra8p0\\lib\\nltk_data'
    - 'C:\\Users\\Dickson\\AppData\\Roaming\\nltk_data'
    - 'C:\\nltk_data'
    - 'D:\\nltk_data'
    - 'E:\\nltk_data'
**********************************************************************

2025-04-28 19:19:10,628 - __main__ - WARNING - NLTK preprocessing failed: 
**********************************************************************
  Resource [93mpunkt_tab[0m not found.
  Please use the NLTK Downloader to obtain the resource:

  [31m>>> import nltk
  >>> nltk.download('punkt_tab')
  [0m
  For more information see: https://www.nltk.org/data.html

  Attempted to load [93mtokenizers/punkt_tab/english/[0m

  Searched in:
    - 'C:\\Users\\Dickson/nltk_data'
    - 'C:\\Program Files\\WindowsApps\\PythonSoftwareFoundation.Python.3.13_3.13.1008.0_x64__qbz5n2kfra8p0\\nltk_data'
    - 'C:\\Program Files\\WindowsApps\\PythonSoftwareFoundation.Python.3.13_3.13.1008.0_x64__qbz5n2kfra8p0\\share\\nltk_data'
    - 'C:\\Program Files\\WindowsApps\\PythonSoftwareFoundation.Python.3.13_3.13.1008.0_x64__qbz5n2kfra8p0\\lib\\nltk_data'
    - 'C:\\Users\\Dickson\\AppData\\Roaming\\nltk_data'
    - 'C:\\nltk_data'
    - 'D:\\nltk_data'
    - 'E:\\nltk_data'
**********************************************************************

2025-04-28 19:19:10,631 - __main__ - WARNING - NLTK preprocessing failed: 
**********************************************************************
  Resource [93mpunkt_tab[0m not found.
  Please use the NLTK Downloader to obtain the resource:

  [31m>>> import nltk
  >>> nltk.download('punkt_tab')
  [0m
  For more information see: https://www.nltk.org/data.html

  Attempted to load [93mtokenizers/punkt_tab/english/[0m

  Searched in:
    - 'C:\\Users\\Dickson/nltk_data'
    - 'C:\\Program Files\\WindowsApps\\PythonSoftwareFoundation.Python.3.13_3.13.1008.0_x64__qbz5n2kfra8p0\\nltk_data'
    - 'C:\\Program Files\\WindowsApps\\PythonSoftwareFoundation.Python.3.13_3.13.1008.0_x64__qbz5n2kfra8p0\\share\\nltk_data'
    - 'C:\\Program Files\\WindowsApps\\PythonSoftwareFoundation.Python.3.13_3.13.1008.0_x64__qbz5n2kfra8p0\\lib\\nltk_data'
    - 'C:\\Users\\Dickson\\AppData\\Roaming\\nltk_data'
    - 'C:\\nltk_data'
    - 'D:\\nltk_data'
    - 'E:\\nltk_data'
**********************************************************************

2025-04-28 19:19:10,634 - __main__ - WARNING - NLTK preprocessing failed: 
**********************************************************************
  Resource [93mpunkt_tab[0m not found.
  Please use the NLTK Downloader to obtain the resource:

  [31m>>> import nltk
  >>> nltk.download('punkt_tab')
  [0m
  For more information see: https://www.nltk.org/data.html

  Attempted to load [93mtokenizers/punkt_tab/english/[0m

  Searched in:
    - 'C:\\Users\\Dickson/nltk_data'
    - 'C:\\Program Files\\WindowsApps\\PythonSoftwareFoundation.Python.3.13_3.13.1008.0_x64__qbz5n2kfra8p0\\nltk_data'
    - 'C:\\Program Files\\WindowsApps\\PythonSoftwareFoundation.Python.3.13_3.13.1008.0_x64__qbz5n2kfra8p0\\share\\nltk_data'
    - 'C:\\Program Files\\WindowsApps\\PythonSoftwareFoundation.Python.3.13_3.13.1008.0_x64__qbz5n2kfra8p0\\lib\\nltk_data'
    - 'C:\\Users\\Dickson\\AppData\\Roaming\\nltk_data'
    - 'C:\\nltk_data'
    - 'D:\\nltk_data'
    - 'E:\\nltk_data'
**********************************************************************

2025-04-28 19:19:10,637 - __main__ - WARNING - NLTK preprocessing failed: 
**********************************************************************
  Resource [93mpunkt_tab[0m not found.
  Please use the NLTK Downloader to obtain the resource:

  [31m>>> import nltk
  >>> nltk.download('punkt_tab')
  [0m
  For more information see: https://www.nltk.org/data.html

  Attempted to load [93mtokenizers/punkt_tab/english/[0m

  Searched in:
    - 'C:\\Users\\Dickson/nltk_data'
    - 'C:\\Program Files\\WindowsApps\\PythonSoftwareFoundation.Python.3.13_3.13.1008.0_x64__qbz5n2kfra8p0\\nltk_data'
    - 'C:\\Program Files\\WindowsApps\\PythonSoftwareFoundation.Python.3.13_3.13.1008.0_x64__qbz5n2kfra8p0\\share\\nltk_data'
    - 'C:\\Program Files\\WindowsApps\\PythonSoftwareFoundation.Python.3.13_3.13.1008.0_x64__qbz5n2kfra8p0\\lib\\nltk_data'
    - 'C:\\Users\\Dickson\\AppData\\Roaming\\nltk_data'
    - 'C:\\nltk_data'
    - 'D:\\nltk_data'
    - 'E:\\nltk_data'
**********************************************************************

2025-04-28 19:19:10,641 - __main__ - WARNING - NLTK preprocessing failed: 
**********************************************************************
  Resource [93mpunkt_tab[0m not found.
  Please use the NLTK Downloader to obtain the resource:

  [31m>>> import nltk
  >>> nltk.download('punkt_tab')
  [0m
  For more information see: https://www.nltk.org/data.html

  Attempted to load [93mtokenizers/punkt_tab/english/[0m

  Searched in:
    - 'C:\\Users\\Dickson/nltk_data'
    - 'C:\\Program Files\\WindowsApps\\PythonSoftwareFoundation.Python.3.13_3.13.1008.0_x64__qbz5n2kfra8p0\\nltk_data'
    - 'C:\\Program Files\\WindowsApps\\PythonSoftwareFoundation.Python.3.13_3.13.1008.0_x64__qbz5n2kfra8p0\\share\\nltk_data'
    - 'C:\\Program Files\\WindowsApps\\PythonSoftwareFoundation.Python.3.13_3.13.1008.0_x64__qbz5n2kfra8p0\\lib\\nltk_data'
    - 'C:\\Users\\Dickson\\AppData\\Roaming\\nltk_data'
    - 'C:\\nltk_data'
    - 'D:\\nltk_data'
    - 'E:\\nltk_data'
**********************************************************************

2025-04-28 19:19:10,644 - __main__ - WARNING - NLTK preprocessing failed: 
**********************************************************************
  Resource [93mpunkt_tab[0m not found.
  Please use the NLTK Downloader to obtain the resource:

  [31m>>> import nltk
  >>> nltk.download('punkt_tab')
  [0m
  For more information see: https://www.nltk.org/data.html

  Attempted to load [93mtokenizers/punkt_tab/english/[0m

  Searched in:
    - 'C:\\Users\\Dickson/nltk_data'
    - 'C:\\Program Files\\WindowsApps\\PythonSoftwareFoundation.Python.3.13_3.13.1008.0_x64__qbz5n2kfra8p0\\nltk_data'
    - 'C:\\Program Files\\WindowsApps\\PythonSoftwareFoundation.Python.3.13_3.13.1008.0_x64__qbz5n2kfra8p0\\share\\nltk_data'
    - 'C:\\Program Files\\WindowsApps\\PythonSoftwareFoundation.Python.3.13_3.13.1008.0_x64__qbz5n2kfra8p0\\lib\\nltk_data'
    - 'C:\\Users\\Dickson\\AppData\\Roaming\\nltk_data'
    - 'C:\\nltk_data'
    - 'D:\\nltk_data'
    - 'E:\\nltk_data'
**********************************************************************

2025-04-28 19:19:10,647 - __main__ - WARNING - NLTK preprocessing failed: 
**********************************************************************
  Resource [93mpunkt_tab[0m not found.
  Please use the NLTK Downloader to obtain the resource:

  [31m>>> import nltk
  >>> nltk.download('punkt_tab')
  [0m
  For more information see: https://www.nltk.org/data.html

  Attempted to load [93mtokenizers/punkt_tab/english/[0m

  Searched in:
    - 'C:\\Users\\Dickson/nltk_data'
    - 'C:\\Program Files\\WindowsApps\\PythonSoftwareFoundation.Python.3.13_3.13.1008.0_x64__qbz5n2kfra8p0\\nltk_data'
    - 'C:\\Program Files\\WindowsApps\\PythonSoftwareFoundation.Python.3.13_3.13.1008.0_x64__qbz5n2kfra8p0\\share\\nltk_data'
    - 'C:\\Program Files\\WindowsApps\\PythonSoftwareFoundation.Python.3.13_3.13.1008.0_x64__qbz5n2kfra8p0\\lib\\nltk_data'
    - 'C:\\Users\\Dickson\\AppData\\Roaming\\nltk_data'
    - 'C:\\nltk_data'
    - 'D:\\nltk_data'
    - 'E:\\nltk_data'
**********************************************************************

2025-04-28 19:19:10,650 - __main__ - WARNING - NLTK preprocessing failed: 
**********************************************************************
  Resource [93mpunkt_tab[0m not found.
  Please use the NLTK Downloader to obtain the resource:

  [31m>>> import nltk
  >>> nltk.download('punkt_tab')
  [0m
  For more information see: https://www.nltk.org/data.html

  Attempted to load [93mtokenizers/punkt_tab/english/[0m

  Searched in:
    - 'C:\\Users\\Dickson/nltk_data'
    - 'C:\\Program Files\\WindowsApps\\PythonSoftwareFoundation.Python.3.13_3.13.1008.0_x64__qbz5n2kfra8p0\\nltk_data'
    - 'C:\\Program Files\\WindowsApps\\PythonSoftwareFoundation.Python.3.13_3.13.1008.0_x64__qbz5n2kfra8p0\\share\\nltk_data'
    - 'C:\\Program Files\\WindowsApps\\PythonSoftwareFoundation.Python.3.13_3.13.1008.0_x64__qbz5n2kfra8p0\\lib\\nltk_data'
    - 'C:\\Users\\Dickson\\AppData\\Roaming\\nltk_data'
    - 'C:\\nltk_data'
    - 'D:\\nltk_data'
    - 'E:\\nltk_data'
**********************************************************************

2025-04-28 19:19:10,653 - __main__ - WARNING - NLTK preprocessing failed: 
**********************************************************************
  Resource [93mpunkt_tab[0m not found.
  Please use the NLTK Downloader to obtain the resource:

  [31m>>> import nltk
  >>> nltk.download('punkt_tab')
  [0m
  For more information see: https://www.nltk.org/data.html

  Attempted to load [93mtokenizers/punkt_tab/english/[0m

  Searched in:
    - 'C:\\Users\\Dickson/nltk_data'
    - 'C:\\Program Files\\WindowsApps\\PythonSoftwareFoundation.Python.3.13_3.13.1008.0_x64__qbz5n2kfra8p0\\nltk_data'
    - 'C:\\Program Files\\WindowsApps\\PythonSoftwareFoundation.Python.3.13_3.13.1008.0_x64__qbz5n2kfra8p0\\share\\nltk_data'
    - 'C:\\Program Files\\WindowsApps\\PythonSoftwareFoundation.Python.3.13_3.13.1008.0_x64__qbz5n2kfra8p0\\lib\\nltk_data'
    - 'C:\\Users\\Dickson\\AppData\\Roaming\\nltk_data'
    - 'C:\\nltk_data'
    - 'D:\\nltk_data'
    - 'E:\\nltk_data'
**********************************************************************

2025-04-28 19:19:10,656 - __main__ - WARNING - NLTK preprocessing failed: 
**********************************************************************
  Resource [93mpunkt_tab[0m not found.
  Please use the NLTK Downloader to obtain the resource:

  [31m>>> import nltk
  >>> nltk.download('punkt_tab')
  [0m
  For more information see: https://www.nltk.org/data.html

  Attempted to load [93mtokenizers/punkt_tab/english/[0m

  Searched in:
    - 'C:\\Users\\Dickson/nltk_data'
    - 'C:\\Program Files\\WindowsApps\\PythonSoftwareFoundation.Python.3.13_3.13.1008.0_x64__qbz5n2kfra8p0\\nltk_data'
    - 'C:\\Program Files\\WindowsApps\\PythonSoftwareFoundation.Python.3.13_3.13.1008.0_x64__qbz5n2kfra8p0\\share\\nltk_data'
    - 'C:\\Program Files\\WindowsApps\\PythonSoftwareFoundation.Python.3.13_3.13.1008.0_x64__qbz5n2kfra8p0\\lib\\nltk_data'
    - 'C:\\Users\\Dickson\\AppData\\Roaming\\nltk_data'
    - 'C:\\nltk_data'
    - 'D:\\nltk_data'
    - 'E:\\nltk_data'
**********************************************************************

2025-04-28 19:19:10,659 - __main__ - WARNING - NLTK preprocessing failed: 
**********************************************************************
  Resource [93mpunkt_tab[0m not found.
  Please use the NLTK Downloader to obtain the resource:

  [31m>>> import nltk
  >>> nltk.download('punkt_tab')
  [0m
  For more information see: https://www.nltk.org/data.html

  Attempted to load [93mtokenizers/punkt_tab/english/[0m

  Searched in:
    - 'C:\\Users\\Dickson/nltk_data'
    - 'C:\\Program Files\\WindowsApps\\PythonSoftwareFoundation.Python.3.13_3.13.1008.0_x64__qbz5n2kfra8p0\\nltk_data'
    - 'C:\\Program Files\\WindowsApps\\PythonSoftwareFoundation.Python.3.13_3.13.1008.0_x64__qbz5n2kfra8p0\\share\\nltk_data'
    - 'C:\\Program Files\\WindowsApps\\PythonSoftwareFoundation.Python.3.13_3.13.1008.0_x64__qbz5n2kfra8p0\\lib\\nltk_data'
    - 'C:\\Users\\Dickson\\AppData\\Roaming\\nltk_data'
    - 'C:\\nltk_data'
    - 'D:\\nltk_data'
    - 'E:\\nltk_data'
**********************************************************************

2025-04-28 19:19:10,662 - __main__ - WARNING - NLTK preprocessing failed: 
**********************************************************************
  Resource [93mpunkt_tab[0m not found.
  Please use the NLTK Downloader to obtain the resource:

  [31m>>> import nltk
  >>> nltk.download('punkt_tab')
  [0m
  For more information see: https://www.nltk.org/data.html

  Attempted to load [93mtokenizers/punkt_tab/english/[0m

  Searched in:
    - 'C:\\Users\\Dickson/nltk_data'
    - 'C:\\Program Files\\WindowsApps\\PythonSoftwareFoundation.Python.3.13_3.13.1008.0_x64__qbz5n2kfra8p0\\nltk_data'
    - 'C:\\Program Files\\WindowsApps\\PythonSoftwareFoundation.Python.3.13_3.13.1008.0_x64__qbz5n2kfra8p0\\share\\nltk_data'
    - 'C:\\Program Files\\WindowsApps\\PythonSoftwareFoundation.Python.3.13_3.13.1008.0_x64__qbz5n2kfra8p0\\lib\\nltk_data'
    - 'C:\\Users\\Dickson\\AppData\\Roaming\\nltk_data'
    - 'C:\\nltk_data'
    - 'D:\\nltk_data'
    - 'E:\\nltk_data'
**********************************************************************

2025-04-28 19:19:10,665 - __main__ - WARNING - NLTK preprocessing failed: 
**********************************************************************
  Resource [93mpunkt_tab[0m not found.
  Please use the NLTK Downloader to obtain the resource:

  [31m>>> import nltk
  >>> nltk.download('punkt_tab')
  [0m
  For more information see: https://www.nltk.org/data.html

  Attempted to load [93mtokenizers/punkt_tab/english/[0m

  Searched in:
    - 'C:\\Users\\Dickson/nltk_data'
    - 'C:\\Program Files\\WindowsApps\\PythonSoftwareFoundation.Python.3.13_3.13.1008.0_x64__qbz5n2kfra8p0\\nltk_data'
    - 'C:\\Program Files\\WindowsApps\\PythonSoftwareFoundation.Python.3.13_3.13.1008.0_x64__qbz5n2kfra8p0\\share\\nltk_data'
    - 'C:\\Program Files\\WindowsApps\\PythonSoftwareFoundation.Python.3.13_3.13.1008.0_x64__qbz5n2kfra8p0\\lib\\nltk_data'
    - 'C:\\Users\\Dickson\\AppData\\Roaming\\nltk_data'
    - 'C:\\nltk_data'
    - 'D:\\nltk_data'
    - 'E:\\nltk_data'
**********************************************************************

2025-04-28 19:19:10,668 - __main__ - WARNING - NLTK preprocessing failed: 
**********************************************************************
  Resource [93mpunkt_tab[0m not found.
  Please use the NLTK Downloader to obtain the resource:

  [31m>>> import nltk
  >>> nltk.download('punkt_tab')
  [0m
  For more information see: https://www.nltk.org/data.html

  Attempted to load [93mtokenizers/punkt_tab/english/[0m

  Searched in:
    - 'C:\\Users\\Dickson/nltk_data'
    - 'C:\\Program Files\\WindowsApps\\PythonSoftwareFoundation.Python.3.13_3.13.1008.0_x64__qbz5n2kfra8p0\\nltk_data'
    - 'C:\\Program Files\\WindowsApps\\PythonSoftwareFoundation.Python.3.13_3.13.1008.0_x64__qbz5n2kfra8p0\\share\\nltk_data'
    - 'C:\\Program Files\\WindowsApps\\PythonSoftwareFoundation.Python.3.13_3.13.1008.0_x64__qbz5n2kfra8p0\\lib\\nltk_data'
    - 'C:\\Users\\Dickson\\AppData\\Roaming\\nltk_data'
    - 'C:\\nltk_data'
    - 'D:\\nltk_data'
    - 'E:\\nltk_data'
**********************************************************************

2025-04-28 19:19:10,671 - __main__ - WARNING - NLTK preprocessing failed: 
**********************************************************************
  Resource [93mpunkt_tab[0m not found.
  Please use the NLTK Downloader to obtain the resource:

  [31m>>> import nltk
  >>> nltk.download('punkt_tab')
  [0m
  For more information see: https://www.nltk.org/data.html

  Attempted to load [93mtokenizers/punkt_tab/english/[0m

  Searched in:
    - 'C:\\Users\\Dickson/nltk_data'
    - 'C:\\Program Files\\WindowsApps\\PythonSoftwareFoundation.Python.3.13_3.13.1008.0_x64__qbz5n2kfra8p0\\nltk_data'
    - 'C:\\Program Files\\WindowsApps\\PythonSoftwareFoundation.Python.3.13_3.13.1008.0_x64__qbz5n2kfra8p0\\share\\nltk_data'
    - 'C:\\Program Files\\WindowsApps\\PythonSoftwareFoundation.Python.3.13_3.13.1008.0_x64__qbz5n2kfra8p0\\lib\\nltk_data'
    - 'C:\\Users\\Dickson\\AppData\\Roaming\\nltk_data'
    - 'C:\\nltk_data'
    - 'D:\\nltk_data'
    - 'E:\\nltk_data'
**********************************************************************

2025-04-28 19:19:10,675 - __main__ - WARNING - NLTK preprocessing failed: 
**********************************************************************
  Resource [93mpunkt_tab[0m not found.
  Please use the NLTK Downloader to obtain the resource:

  [31m>>> import nltk
  >>> nltk.download('punkt_tab')
  [0m
  For more information see: https://www.nltk.org/data.html

  Attempted to load [93mtokenizers/punkt_tab/english/[0m

  Searched in:
    - 'C:\\Users\\Dickson/nltk_data'
    - 'C:\\Program Files\\WindowsApps\\PythonSoftwareFoundation.Python.3.13_3.13.1008.0_x64__qbz5n2kfra8p0\\nltk_data'
    - 'C:\\Program Files\\WindowsApps\\PythonSoftwareFoundation.Python.3.13_3.13.1008.0_x64__qbz5n2kfra8p0\\share\\nltk_data'
    - 'C:\\Program Files\\WindowsApps\\PythonSoftwareFoundation.Python.3.13_3.13.1008.0_x64__qbz5n2kfra8p0\\lib\\nltk_data'
    - 'C:\\Users\\Dickson\\AppData\\Roaming\\nltk_data'
    - 'C:\\nltk_data'
    - 'D:\\nltk_data'
    - 'E:\\nltk_data'
**********************************************************************

2025-04-28 19:19:10,678 - __main__ - WARNING - NLTK preprocessing failed: 
**********************************************************************
  Resource [93mpunkt_tab[0m not found.
  Please use the NLTK Downloader to obtain the resource:

  [31m>>> import nltk
  >>> nltk.download('punkt_tab')
  [0m
  For more information see: https://www.nltk.org/data.html

  Attempted to load [93mtokenizers/punkt_tab/english/[0m

  Searched in:
    - 'C:\\Users\\Dickson/nltk_data'
    - 'C:\\Program Files\\WindowsApps\\PythonSoftwareFoundation.Python.3.13_3.13.1008.0_x64__qbz5n2kfra8p0\\nltk_data'
    - 'C:\\Program Files\\WindowsApps\\PythonSoftwareFoundation.Python.3.13_3.13.1008.0_x64__qbz5n2kfra8p0\\share\\nltk_data'
    - 'C:\\Program Files\\WindowsApps\\PythonSoftwareFoundation.Python.3.13_3.13.1008.0_x64__qbz5n2kfra8p0\\lib\\nltk_data'
    - 'C:\\Users\\Dickson\\AppData\\Roaming\\nltk_data'
    - 'C:\\nltk_data'
    - 'D:\\nltk_data'
    - 'E:\\nltk_data'
**********************************************************************

2025-04-28 19:19:10,681 - __main__ - WARNING - NLTK preprocessing failed: 
**********************************************************************
  Resource [93mpunkt_tab[0m not found.
  Please use the NLTK Downloader to obtain the resource:

  [31m>>> import nltk
  >>> nltk.download('punkt_tab')
  [0m
  For more information see: https://www.nltk.org/data.html

  Attempted to load [93mtokenizers/punkt_tab/english/[0m

  Searched in:
    - 'C:\\Users\\Dickson/nltk_data'
    - 'C:\\Program Files\\WindowsApps\\PythonSoftwareFoundation.Python.3.13_3.13.1008.0_x64__qbz5n2kfra8p0\\nltk_data'
    - 'C:\\Program Files\\WindowsApps\\PythonSoftwareFoundation.Python.3.13_3.13.1008.0_x64__qbz5n2kfra8p0\\share\\nltk_data'
    - 'C:\\Program Files\\WindowsApps\\PythonSoftwareFoundation.Python.3.13_3.13.1008.0_x64__qbz5n2kfra8p0\\lib\\nltk_data'
    - 'C:\\Users\\Dickson\\AppData\\Roaming\\nltk_data'
    - 'C:\\nltk_data'
    - 'D:\\nltk_data'
    - 'E:\\nltk_data'
**********************************************************************

2025-04-28 19:19:10,684 - __main__ - WARNING - NLTK preprocessing failed: 
**********************************************************************
  Resource [93mpunkt_tab[0m not found.
  Please use the NLTK Downloader to obtain the resource:

  [31m>>> import nltk
  >>> nltk.download('punkt_tab')
  [0m
  For more information see: https://www.nltk.org/data.html

  Attempted to load [93mtokenizers/punkt_tab/english/[0m

  Searched in:
    - 'C:\\Users\\Dickson/nltk_data'
    - 'C:\\Program Files\\WindowsApps\\PythonSoftwareFoundation.Python.3.13_3.13.1008.0_x64__qbz5n2kfra8p0\\nltk_data'
    - 'C:\\Program Files\\WindowsApps\\PythonSoftwareFoundation.Python.3.13_3.13.1008.0_x64__qbz5n2kfra8p0\\share\\nltk_data'
    - 'C:\\Program Files\\WindowsApps\\PythonSoftwareFoundation.Python.3.13_3.13.1008.0_x64__qbz5n2kfra8p0\\lib\\nltk_data'
    - 'C:\\Users\\Dickson\\AppData\\Roaming\\nltk_data'
    - 'C:\\nltk_data'
    - 'D:\\nltk_data'
    - 'E:\\nltk_data'
**********************************************************************

2025-04-28 19:19:10,687 - __main__ - WARNING - NLTK preprocessing failed: 
**********************************************************************
  Resource [93mpunkt_tab[0m not found.
  Please use the NLTK Downloader to obtain the resource:

  [31m>>> import nltk
  >>> nltk.download('punkt_tab')
  [0m
  For more information see: https://www.nltk.org/data.html

  Attempted to load [93mtokenizers/punkt_tab/english/[0m

  Searched in:
    - 'C:\\Users\\Dickson/nltk_data'
    - 'C:\\Program Files\\WindowsApps\\PythonSoftwareFoundation.Python.3.13_3.13.1008.0_x64__qbz5n2kfra8p0\\nltk_data'
    - 'C:\\Program Files\\WindowsApps\\PythonSoftwareFoundation.Python.3.13_3.13.1008.0_x64__qbz5n2kfra8p0\\share\\nltk_data'
    - 'C:\\Program Files\\WindowsApps\\PythonSoftwareFoundation.Python.3.13_3.13.1008.0_x64__qbz5n2kfra8p0\\lib\\nltk_data'
    - 'C:\\Users\\Dickson\\AppData\\Roaming\\nltk_data'
    - 'C:\\nltk_data'
    - 'D:\\nltk_data'
    - 'E:\\nltk_data'
**********************************************************************

2025-04-28 19:19:10,690 - __main__ - WARNING - NLTK preprocessing failed: 
**********************************************************************
  Resource [93mpunkt_tab[0m not found.
  Please use the NLTK Downloader to obtain the resource:

  [31m>>> import nltk
  >>> nltk.download('punkt_tab')
  [0m
  For more information see: https://www.nltk.org/data.html

  Attempted to load [93mtokenizers/punkt_tab/english/[0m

  Searched in:
    - 'C:\\Users\\Dickson/nltk_data'
    - 'C:\\Program Files\\WindowsApps\\PythonSoftwareFoundation.Python.3.13_3.13.1008.0_x64__qbz5n2kfra8p0\\nltk_data'
    - 'C:\\Program Files\\WindowsApps\\PythonSoftwareFoundation.Python.3.13_3.13.1008.0_x64__qbz5n2kfra8p0\\share\\nltk_data'
    - 'C:\\Program Files\\WindowsApps\\PythonSoftwareFoundation.Python.3.13_3.13.1008.0_x64__qbz5n2kfra8p0\\lib\\nltk_data'
    - 'C:\\Users\\Dickson\\AppData\\Roaming\\nltk_data'
    - 'C:\\nltk_data'
    - 'D:\\nltk_data'
    - 'E:\\nltk_data'
**********************************************************************

2025-04-28 19:19:10,693 - __main__ - WARNING - NLTK preprocessing failed: 
**********************************************************************
  Resource [93mpunkt_tab[0m not found.
  Please use the NLTK Downloader to obtain the resource:

  [31m>>> import nltk
  >>> nltk.download('punkt_tab')
  [0m
  For more information see: https://www.nltk.org/data.html

  Attempted to load [93mtokenizers/punkt_tab/english/[0m

  Searched in:
    - 'C:\\Users\\Dickson/nltk_data'
    - 'C:\\Program Files\\WindowsApps\\PythonSoftwareFoundation.Python.3.13_3.13.1008.0_x64__qbz5n2kfra8p0\\nltk_data'
    - 'C:\\Program Files\\WindowsApps\\PythonSoftwareFoundation.Python.3.13_3.13.1008.0_x64__qbz5n2kfra8p0\\share\\nltk_data'
    - 'C:\\Program Files\\WindowsApps\\PythonSoftwareFoundation.Python.3.13_3.13.1008.0_x64__qbz5n2kfra8p0\\lib\\nltk_data'
    - 'C:\\Users\\Dickson\\AppData\\Roaming\\nltk_data'
    - 'C:\\nltk_data'
    - 'D:\\nltk_data'
    - 'E:\\nltk_data'
**********************************************************************

2025-04-28 19:19:10,696 - __main__ - WARNING - NLTK preprocessing failed: 
**********************************************************************
  Resource [93mpunkt_tab[0m not found.
  Please use the NLTK Downloader to obtain the resource:

  [31m>>> import nltk
  >>> nltk.download('punkt_tab')
  [0m
  For more information see: https://www.nltk.org/data.html

  Attempted to load [93mtokenizers/punkt_tab/english/[0m

  Searched in:
    - 'C:\\Users\\Dickson/nltk_data'
    - 'C:\\Program Files\\WindowsApps\\PythonSoftwareFoundation.Python.3.13_3.13.1008.0_x64__qbz5n2kfra8p0\\nltk_data'
    - 'C:\\Program Files\\WindowsApps\\PythonSoftwareFoundation.Python.3.13_3.13.1008.0_x64__qbz5n2kfra8p0\\share\\nltk_data'
    - 'C:\\Program Files\\WindowsApps\\PythonSoftwareFoundation.Python.3.13_3.13.1008.0_x64__qbz5n2kfra8p0\\lib\\nltk_data'
    - 'C:\\Users\\Dickson\\AppData\\Roaming\\nltk_data'
    - 'C:\\nltk_data'
    - 'D:\\nltk_data'
    - 'E:\\nltk_data'
**********************************************************************

2025-04-28 19:19:10,699 - __main__ - WARNING - NLTK preprocessing failed: 
**********************************************************************
  Resource [93mpunkt_tab[0m not found.
  Please use the NLTK Downloader to obtain the resource:

  [31m>>> import nltk
  >>> nltk.download('punkt_tab')
  [0m
  For more information see: https://www.nltk.org/data.html

  Attempted to load [93mtokenizers/punkt_tab/english/[0m

  Searched in:
    - 'C:\\Users\\Dickson/nltk_data'
    - 'C:\\Program Files\\WindowsApps\\PythonSoftwareFoundation.Python.3.13_3.13.1008.0_x64__qbz5n2kfra8p0\\nltk_data'
    - 'C:\\Program Files\\WindowsApps\\PythonSoftwareFoundation.Python.3.13_3.13.1008.0_x64__qbz5n2kfra8p0\\share\\nltk_data'
    - 'C:\\Program Files\\WindowsApps\\PythonSoftwareFoundation.Python.3.13_3.13.1008.0_x64__qbz5n2kfra8p0\\lib\\nltk_data'
    - 'C:\\Users\\Dickson\\AppData\\Roaming\\nltk_data'
    - 'C:\\nltk_data'
    - 'D:\\nltk_data'
    - 'E:\\nltk_data'
**********************************************************************

2025-04-28 19:19:10,702 - __main__ - WARNING - NLTK preprocessing failed: 
**********************************************************************
  Resource [93mpunkt_tab[0m not found.
  Please use the NLTK Downloader to obtain the resource:

  [31m>>> import nltk
  >>> nltk.download('punkt_tab')
  [0m
  For more information see: https://www.nltk.org/data.html

  Attempted to load [93mtokenizers/punkt_tab/english/[0m

  Searched in:
    - 'C:\\Users\\Dickson/nltk_data'
    - 'C:\\Program Files\\WindowsApps\\PythonSoftwareFoundation.Python.3.13_3.13.1008.0_x64__qbz5n2kfra8p0\\nltk_data'
    - 'C:\\Program Files\\WindowsApps\\PythonSoftwareFoundation.Python.3.13_3.13.1008.0_x64__qbz5n2kfra8p0\\share\\nltk_data'
    - 'C:\\Program Files\\WindowsApps\\PythonSoftwareFoundation.Python.3.13_3.13.1008.0_x64__qbz5n2kfra8p0\\lib\\nltk_data'
    - 'C:\\Users\\Dickson\\AppData\\Roaming\\nltk_data'
    - 'C:\\nltk_data'
    - 'D:\\nltk_data'
    - 'E:\\nltk_data'
**********************************************************************

2025-04-28 19:19:10,705 - __main__ - WARNING - NLTK preprocessing failed: 
**********************************************************************
  Resource [93mpunkt_tab[0m not found.
  Please use the NLTK Downloader to obtain the resource:

  [31m>>> import nltk
  >>> nltk.download('punkt_tab')
  [0m
  For more information see: https://www.nltk.org/data.html

  Attempted to load [93mtokenizers/punkt_tab/english/[0m

  Searched in:
    - 'C:\\Users\\Dickson/nltk_data'
    - 'C:\\Program Files\\WindowsApps\\PythonSoftwareFoundation.Python.3.13_3.13.1008.0_x64__qbz5n2kfra8p0\\nltk_data'
    - 'C:\\Program Files\\WindowsApps\\PythonSoftwareFoundation.Python.3.13_3.13.1008.0_x64__qbz5n2kfra8p0\\share\\nltk_data'
    - 'C:\\Program Files\\WindowsApps\\PythonSoftwareFoundation.Python.3.13_3.13.1008.0_x64__qbz5n2kfra8p0\\lib\\nltk_data'
    - 'C:\\Users\\Dickson\\AppData\\Roaming\\nltk_data'
    - 'C:\\nltk_data'
    - 'D:\\nltk_data'
    - 'E:\\nltk_data'
**********************************************************************

2025-04-28 19:19:10,708 - __main__ - WARNING - NLTK preprocessing failed: 
**********************************************************************
  Resource [93mpunkt_tab[0m not found.
  Please use the NLTK Downloader to obtain the resource:

  [31m>>> import nltk
  >>> nltk.download('punkt_tab')
  [0m
  For more information see: https://www.nltk.org/data.html

  Attempted to load [93mtokenizers/punkt_tab/english/[0m

  Searched in:
    - 'C:\\Users\\Dickson/nltk_data'
    - 'C:\\Program Files\\WindowsApps\\PythonSoftwareFoundation.Python.3.13_3.13.1008.0_x64__qbz5n2kfra8p0\\nltk_data'
    - 'C:\\Program Files\\WindowsApps\\PythonSoftwareFoundation.Python.3.13_3.13.1008.0_x64__qbz5n2kfra8p0\\share\\nltk_data'
    - 'C:\\Program Files\\WindowsApps\\PythonSoftwareFoundation.Python.3.13_3.13.1008.0_x64__qbz5n2kfra8p0\\lib\\nltk_data'
    - 'C:\\Users\\Dickson\\AppData\\Roaming\\nltk_data'
    - 'C:\\nltk_data'
    - 'D:\\nltk_data'
    - 'E:\\nltk_data'
**********************************************************************

2025-04-28 19:19:10,711 - __main__ - WARNING - NLTK preprocessing failed: 
**********************************************************************
  Resource [93mpunkt_tab[0m not found.
  Please use the NLTK Downloader to obtain the resource:

  [31m>>> import nltk
  >>> nltk.download('punkt_tab')
  [0m
  For more information see: https://www.nltk.org/data.html

  Attempted to load [93mtokenizers/punkt_tab/english/[0m

  Searched in:
    - 'C:\\Users\\Dickson/nltk_data'
    - 'C:\\Program Files\\WindowsApps\\PythonSoftwareFoundation.Python.3.13_3.13.1008.0_x64__qbz5n2kfra8p0\\nltk_data'
    - 'C:\\Program Files\\WindowsApps\\PythonSoftwareFoundation.Python.3.13_3.13.1008.0_x64__qbz5n2kfra8p0\\share\\nltk_data'
    - 'C:\\Program Files\\WindowsApps\\PythonSoftwareFoundation.Python.3.13_3.13.1008.0_x64__qbz5n2kfra8p0\\lib\\nltk_data'
    - 'C:\\Users\\Dickson\\AppData\\Roaming\\nltk_data'
    - 'C:\\nltk_data'
    - 'D:\\nltk_data'
    - 'E:\\nltk_data'
**********************************************************************

2025-04-28 19:19:10,714 - __main__ - WARNING - NLTK preprocessing failed: 
**********************************************************************
  Resource [93mpunkt_tab[0m not found.
  Please use the NLTK Downloader to obtain the resource:

  [31m>>> import nltk
  >>> nltk.download('punkt_tab')
  [0m
  For more information see: https://www.nltk.org/data.html

  Attempted to load [93mtokenizers/punkt_tab/english/[0m

  Searched in:
    - 'C:\\Users\\Dickson/nltk_data'
    - 'C:\\Program Files\\WindowsApps\\PythonSoftwareFoundation.Python.3.13_3.13.1008.0_x64__qbz5n2kfra8p0\\nltk_data'
    - 'C:\\Program Files\\WindowsApps\\PythonSoftwareFoundation.Python.3.13_3.13.1008.0_x64__qbz5n2kfra8p0\\share\\nltk_data'
    - 'C:\\Program Files\\WindowsApps\\PythonSoftwareFoundation.Python.3.13_3.13.1008.0_x64__qbz5n2kfra8p0\\lib\\nltk_data'
    - 'C:\\Users\\Dickson\\AppData\\Roaming\\nltk_data'
    - 'C:\\nltk_data'
    - 'D:\\nltk_data'
    - 'E:\\nltk_data'
**********************************************************************

2025-04-28 19:19:10,717 - __main__ - WARNING - NLTK preprocessing failed: 
**********************************************************************
  Resource [93mpunkt_tab[0m not found.
  Please use the NLTK Downloader to obtain the resource:

  [31m>>> import nltk
  >>> nltk.download('punkt_tab')
  [0m
  For more information see: https://www.nltk.org/data.html

  Attempted to load [93mtokenizers/punkt_tab/english/[0m

  Searched in:
    - 'C:\\Users\\Dickson/nltk_data'
    - 'C:\\Program Files\\WindowsApps\\PythonSoftwareFoundation.Python.3.13_3.13.1008.0_x64__qbz5n2kfra8p0\\nltk_data'
    - 'C:\\Program Files\\WindowsApps\\PythonSoftwareFoundation.Python.3.13_3.13.1008.0_x64__qbz5n2kfra8p0\\share\\nltk_data'
    - 'C:\\Program Files\\WindowsApps\\PythonSoftwareFoundation.Python.3.13_3.13.1008.0_x64__qbz5n2kfra8p0\\lib\\nltk_data'
    - 'C:\\Users\\Dickson\\AppData\\Roaming\\nltk_data'
    - 'C:\\nltk_data'
    - 'D:\\nltk_data'
    - 'E:\\nltk_data'
**********************************************************************

2025-04-28 19:19:10,720 - __main__ - WARNING - NLTK preprocessing failed: 
**********************************************************************
  Resource [93mpunkt_tab[0m not found.
  Please use the NLTK Downloader to obtain the resource:

  [31m>>> import nltk
  >>> nltk.download('punkt_tab')
  [0m
  For more information see: https://www.nltk.org/data.html

  Attempted to load [93mtokenizers/punkt_tab/english/[0m

  Searched in:
    - 'C:\\Users\\Dickson/nltk_data'
    - 'C:\\Program Files\\WindowsApps\\PythonSoftwareFoundation.Python.3.13_3.13.1008.0_x64__qbz5n2kfra8p0\\nltk_data'
    - 'C:\\Program Files\\WindowsApps\\PythonSoftwareFoundation.Python.3.13_3.13.1008.0_x64__qbz5n2kfra8p0\\share\\nltk_data'
    - 'C:\\Program Files\\WindowsApps\\PythonSoftwareFoundation.Python.3.13_3.13.1008.0_x64__qbz5n2kfra8p0\\lib\\nltk_data'
    - 'C:\\Users\\Dickson\\AppData\\Roaming\\nltk_data'
    - 'C:\\nltk_data'
    - 'D:\\nltk_data'
    - 'E:\\nltk_data'
**********************************************************************

2025-04-28 19:19:10,724 - __main__ - WARNING - NLTK preprocessing failed: 
**********************************************************************
  Resource [93mpunkt_tab[0m not found.
  Please use the NLTK Downloader to obtain the resource:

  [31m>>> import nltk
  >>> nltk.download('punkt_tab')
  [0m
  For more information see: https://www.nltk.org/data.html

  Attempted to load [93mtokenizers/punkt_tab/english/[0m

  Searched in:
    - 'C:\\Users\\Dickson/nltk_data'
    - 'C:\\Program Files\\WindowsApps\\PythonSoftwareFoundation.Python.3.13_3.13.1008.0_x64__qbz5n2kfra8p0\\nltk_data'
    - 'C:\\Program Files\\WindowsApps\\PythonSoftwareFoundation.Python.3.13_3.13.1008.0_x64__qbz5n2kfra8p0\\share\\nltk_data'
    - 'C:\\Program Files\\WindowsApps\\PythonSoftwareFoundation.Python.3.13_3.13.1008.0_x64__qbz5n2kfra8p0\\lib\\nltk_data'
    - 'C:\\Users\\Dickson\\AppData\\Roaming\\nltk_data'
    - 'C:\\nltk_data'
    - 'D:\\nltk_data'
    - 'E:\\nltk_data'
**********************************************************************

2025-04-28 19:19:10,727 - __main__ - WARNING - NLTK preprocessing failed: 
**********************************************************************
  Resource [93mpunkt_tab[0m not found.
  Please use the NLTK Downloader to obtain the resource:

  [31m>>> import nltk
  >>> nltk.download('punkt_tab')
  [0m
  For more information see: https://www.nltk.org/data.html

  Attempted to load [93mtokenizers/punkt_tab/english/[0m

  Searched in:
    - 'C:\\Users\\Dickson/nltk_data'
    - 'C:\\Program Files\\WindowsApps\\PythonSoftwareFoundation.Python.3.13_3.13.1008.0_x64__qbz5n2kfra8p0\\nltk_data'
    - 'C:\\Program Files\\WindowsApps\\PythonSoftwareFoundation.Python.3.13_3.13.1008.0_x64__qbz5n2kfra8p0\\share\\nltk_data'
    - 'C:\\Program Files\\WindowsApps\\PythonSoftwareFoundation.Python.3.13_3.13.1008.0_x64__qbz5n2kfra8p0\\lib\\nltk_data'
    - 'C:\\Users\\Dickson\\AppData\\Roaming\\nltk_data'
    - 'C:\\nltk_data'
    - 'D:\\nltk_data'
    - 'E:\\nltk_data'
**********************************************************************

2025-04-28 19:19:10,730 - __main__ - WARNING - NLTK preprocessing failed: 
**********************************************************************
  Resource [93mpunkt_tab[0m not found.
  Please use the NLTK Downloader to obtain the resource:

  [31m>>> import nltk
  >>> nltk.download('punkt_tab')
  [0m
  For more information see: https://www.nltk.org/data.html

  Attempted to load [93mtokenizers/punkt_tab/english/[0m

  Searched in:
    - 'C:\\Users\\Dickson/nltk_data'
    - 'C:\\Program Files\\WindowsApps\\PythonSoftwareFoundation.Python.3.13_3.13.1008.0_x64__qbz5n2kfra8p0\\nltk_data'
    - 'C:\\Program Files\\WindowsApps\\PythonSoftwareFoundation.Python.3.13_3.13.1008.0_x64__qbz5n2kfra8p0\\share\\nltk_data'
    - 'C:\\Program Files\\WindowsApps\\PythonSoftwareFoundation.Python.3.13_3.13.1008.0_x64__qbz5n2kfra8p0\\lib\\nltk_data'
    - 'C:\\Users\\Dickson\\AppData\\Roaming\\nltk_data'
    - 'C:\\nltk_data'
    - 'D:\\nltk_data'
    - 'E:\\nltk_data'
**********************************************************************

2025-04-28 19:19:10,733 - __main__ - WARNING - NLTK preprocessing failed: 
**********************************************************************
  Resource [93mpunkt_tab[0m not found.
  Please use the NLTK Downloader to obtain the resource:

  [31m>>> import nltk
  >>> nltk.download('punkt_tab')
  [0m
  For more information see: https://www.nltk.org/data.html

  Attempted to load [93mtokenizers/punkt_tab/english/[0m

  Searched in:
    - 'C:\\Users\\Dickson/nltk_data'
    - 'C:\\Program Files\\WindowsApps\\PythonSoftwareFoundation.Python.3.13_3.13.1008.0_x64__qbz5n2kfra8p0\\nltk_data'
    - 'C:\\Program Files\\WindowsApps\\PythonSoftwareFoundation.Python.3.13_3.13.1008.0_x64__qbz5n2kfra8p0\\share\\nltk_data'
    - 'C:\\Program Files\\WindowsApps\\PythonSoftwareFoundation.Python.3.13_3.13.1008.0_x64__qbz5n2kfra8p0\\lib\\nltk_data'
    - 'C:\\Users\\Dickson\\AppData\\Roaming\\nltk_data'
    - 'C:\\nltk_data'
    - 'D:\\nltk_data'
    - 'E:\\nltk_data'
**********************************************************************

2025-04-28 19:19:10,736 - __main__ - WARNING - NLTK preprocessing failed: 
**********************************************************************
  Resource [93mpunkt_tab[0m not found.
  Please use the NLTK Downloader to obtain the resource:

  [31m>>> import nltk
  >>> nltk.download('punkt_tab')
  [0m
  For more information see: https://www.nltk.org/data.html

  Attempted to load [93mtokenizers/punkt_tab/english/[0m

  Searched in:
    - 'C:\\Users\\Dickson/nltk_data'
    - 'C:\\Program Files\\WindowsApps\\PythonSoftwareFoundation.Python.3.13_3.13.1008.0_x64__qbz5n2kfra8p0\\nltk_data'
    - 'C:\\Program Files\\WindowsApps\\PythonSoftwareFoundation.Python.3.13_3.13.1008.0_x64__qbz5n2kfra8p0\\share\\nltk_data'
    - 'C:\\Program Files\\WindowsApps\\PythonSoftwareFoundation.Python.3.13_3.13.1008.0_x64__qbz5n2kfra8p0\\lib\\nltk_data'
    - 'C:\\Users\\Dickson\\AppData\\Roaming\\nltk_data'
    - 'C:\\nltk_data'
    - 'D:\\nltk_data'
    - 'E:\\nltk_data'
**********************************************************************

2025-04-28 19:19:10,739 - __main__ - WARNING - NLTK preprocessing failed: 
**********************************************************************
  Resource [93mpunkt_tab[0m not found.
  Please use the NLTK Downloader to obtain the resource:

  [31m>>> import nltk
  >>> nltk.download('punkt_tab')
  [0m
  For more information see: https://www.nltk.org/data.html

  Attempted to load [93mtokenizers/punkt_tab/english/[0m

  Searched in:
    - 'C:\\Users\\Dickson/nltk_data'
    - 'C:\\Program Files\\WindowsApps\\PythonSoftwareFoundation.Python.3.13_3.13.1008.0_x64__qbz5n2kfra8p0\\nltk_data'
    - 'C:\\Program Files\\WindowsApps\\PythonSoftwareFoundation.Python.3.13_3.13.1008.0_x64__qbz5n2kfra8p0\\share\\nltk_data'
    - 'C:\\Program Files\\WindowsApps\\PythonSoftwareFoundation.Python.3.13_3.13.1008.0_x64__qbz5n2kfra8p0\\lib\\nltk_data'
    - 'C:\\Users\\Dickson\\AppData\\Roaming\\nltk_data'
    - 'C:\\nltk_data'
    - 'D:\\nltk_data'
    - 'E:\\nltk_data'
**********************************************************************

2025-04-28 19:19:10,742 - __main__ - WARNING - NLTK preprocessing failed: 
**********************************************************************
  Resource [93mpunkt_tab[0m not found.
  Please use the NLTK Downloader to obtain the resource:

  [31m>>> import nltk
  >>> nltk.download('punkt_tab')
  [0m
  For more information see: https://www.nltk.org/data.html

  Attempted to load [93mtokenizers/punkt_tab/english/[0m

  Searched in:
    - 'C:\\Users\\Dickson/nltk_data'
    - 'C:\\Program Files\\WindowsApps\\PythonSoftwareFoundation.Python.3.13_3.13.1008.0_x64__qbz5n2kfra8p0\\nltk_data'
    - 'C:\\Program Files\\WindowsApps\\PythonSoftwareFoundation.Python.3.13_3.13.1008.0_x64__qbz5n2kfra8p0\\share\\nltk_data'
    - 'C:\\Program Files\\WindowsApps\\PythonSoftwareFoundation.Python.3.13_3.13.1008.0_x64__qbz5n2kfra8p0\\lib\\nltk_data'
    - 'C:\\Users\\Dickson\\AppData\\Roaming\\nltk_data'
    - 'C:\\nltk_data'
    - 'D:\\nltk_data'
    - 'E:\\nltk_data'
**********************************************************************

2025-04-28 19:19:10,745 - __main__ - WARNING - NLTK preprocessing failed: 
**********************************************************************
  Resource [93mpunkt_tab[0m not found.
  Please use the NLTK Downloader to obtain the resource:

  [31m>>> import nltk
  >>> nltk.download('punkt_tab')
  [0m
  For more information see: https://www.nltk.org/data.html

  Attempted to load [93mtokenizers/punkt_tab/english/[0m

  Searched in:
    - 'C:\\Users\\Dickson/nltk_data'
    - 'C:\\Program Files\\WindowsApps\\PythonSoftwareFoundation.Python.3.13_3.13.1008.0_x64__qbz5n2kfra8p0\\nltk_data'
    - 'C:\\Program Files\\WindowsApps\\PythonSoftwareFoundation.Python.3.13_3.13.1008.0_x64__qbz5n2kfra8p0\\share\\nltk_data'
    - 'C:\\Program Files\\WindowsApps\\PythonSoftwareFoundation.Python.3.13_3.13.1008.0_x64__qbz5n2kfra8p0\\lib\\nltk_data'
    - 'C:\\Users\\Dickson\\AppData\\Roaming\\nltk_data'
    - 'C:\\nltk_data'
    - 'D:\\nltk_data'
    - 'E:\\nltk_data'
**********************************************************************

2025-04-28 19:19:10,748 - __main__ - WARNING - NLTK preprocessing failed: 
**********************************************************************
  Resource [93mpunkt_tab[0m not found.
  Please use the NLTK Downloader to obtain the resource:

  [31m>>> import nltk
  >>> nltk.download('punkt_tab')
  [0m
  For more information see: https://www.nltk.org/data.html

  Attempted to load [93mtokenizers/punkt_tab/english/[0m

  Searched in:
    - 'C:\\Users\\Dickson/nltk_data'
    - 'C:\\Program Files\\WindowsApps\\PythonSoftwareFoundation.Python.3.13_3.13.1008.0_x64__qbz5n2kfra8p0\\nltk_data'
    - 'C:\\Program Files\\WindowsApps\\PythonSoftwareFoundation.Python.3.13_3.13.1008.0_x64__qbz5n2kfra8p0\\share\\nltk_data'
    - 'C:\\Program Files\\WindowsApps\\PythonSoftwareFoundation.Python.3.13_3.13.1008.0_x64__qbz5n2kfra8p0\\lib\\nltk_data'
    - 'C:\\Users\\Dickson\\AppData\\Roaming\\nltk_data'
    - 'C:\\nltk_data'
    - 'D:\\nltk_data'
    - 'E:\\nltk_data'
**********************************************************************

2025-04-28 19:19:10,751 - __main__ - WARNING - NLTK preprocessing failed: 
**********************************************************************
  Resource [93mpunkt_tab[0m not found.
  Please use the NLTK Downloader to obtain the resource:

  [31m>>> import nltk
  >>> nltk.download('punkt_tab')
  [0m
  For more information see: https://www.nltk.org/data.html

  Attempted to load [93mtokenizers/punkt_tab/english/[0m

  Searched in:
    - 'C:\\Users\\Dickson/nltk_data'
    - 'C:\\Program Files\\WindowsApps\\PythonSoftwareFoundation.Python.3.13_3.13.1008.0_x64__qbz5n2kfra8p0\\nltk_data'
    - 'C:\\Program Files\\WindowsApps\\PythonSoftwareFoundation.Python.3.13_3.13.1008.0_x64__qbz5n2kfra8p0\\share\\nltk_data'
    - 'C:\\Program Files\\WindowsApps\\PythonSoftwareFoundation.Python.3.13_3.13.1008.0_x64__qbz5n2kfra8p0\\lib\\nltk_data'
    - 'C:\\Users\\Dickson\\AppData\\Roaming\\nltk_data'
    - 'C:\\nltk_data'
    - 'D:\\nltk_data'
    - 'E:\\nltk_data'
**********************************************************************

2025-04-28 19:19:10,754 - __main__ - WARNING - NLTK preprocessing failed: 
**********************************************************************
  Resource [93mpunkt_tab[0m not found.
  Please use the NLTK Downloader to obtain the resource:

  [31m>>> import nltk
  >>> nltk.download('punkt_tab')
  [0m
  For more information see: https://www.nltk.org/data.html

  Attempted to load [93mtokenizers/punkt_tab/english/[0m

  Searched in:
    - 'C:\\Users\\Dickson/nltk_data'
    - 'C:\\Program Files\\WindowsApps\\PythonSoftwareFoundation.Python.3.13_3.13.1008.0_x64__qbz5n2kfra8p0\\nltk_data'
    - 'C:\\Program Files\\WindowsApps\\PythonSoftwareFoundation.Python.3.13_3.13.1008.0_x64__qbz5n2kfra8p0\\share\\nltk_data'
    - 'C:\\Program Files\\WindowsApps\\PythonSoftwareFoundation.Python.3.13_3.13.1008.0_x64__qbz5n2kfra8p0\\lib\\nltk_data'
    - 'C:\\Users\\Dickson\\AppData\\Roaming\\nltk_data'
    - 'C:\\nltk_data'
    - 'D:\\nltk_data'
    - 'E:\\nltk_data'
**********************************************************************

2025-04-28 19:19:10,757 - __main__ - WARNING - NLTK preprocessing failed: 
**********************************************************************
  Resource [93mpunkt_tab[0m not found.
  Please use the NLTK Downloader to obtain the resource:

  [31m>>> import nltk
  >>> nltk.download('punkt_tab')
  [0m
  For more information see: https://www.nltk.org/data.html

  Attempted to load [93mtokenizers/punkt_tab/english/[0m

  Searched in:
    - 'C:\\Users\\Dickson/nltk_data'
    - 'C:\\Program Files\\WindowsApps\\PythonSoftwareFoundation.Python.3.13_3.13.1008.0_x64__qbz5n2kfra8p0\\nltk_data'
    - 'C:\\Program Files\\WindowsApps\\PythonSoftwareFoundation.Python.3.13_3.13.1008.0_x64__qbz5n2kfra8p0\\share\\nltk_data'
    - 'C:\\Program Files\\WindowsApps\\PythonSoftwareFoundation.Python.3.13_3.13.1008.0_x64__qbz5n2kfra8p0\\lib\\nltk_data'
    - 'C:\\Users\\Dickson\\AppData\\Roaming\\nltk_data'
    - 'C:\\nltk_data'
    - 'D:\\nltk_data'
    - 'E:\\nltk_data'
**********************************************************************

2025-04-28 19:19:10,760 - __main__ - WARNING - NLTK preprocessing failed: 
**********************************************************************
  Resource [93mpunkt_tab[0m not found.
  Please use the NLTK Downloader to obtain the resource:

  [31m>>> import nltk
  >>> nltk.download('punkt_tab')
  [0m
  For more information see: https://www.nltk.org/data.html

  Attempted to load [93mtokenizers/punkt_tab/english/[0m

  Searched in:
    - 'C:\\Users\\Dickson/nltk_data'
    - 'C:\\Program Files\\WindowsApps\\PythonSoftwareFoundation.Python.3.13_3.13.1008.0_x64__qbz5n2kfra8p0\\nltk_data'
    - 'C:\\Program Files\\WindowsApps\\PythonSoftwareFoundation.Python.3.13_3.13.1008.0_x64__qbz5n2kfra8p0\\share\\nltk_data'
    - 'C:\\Program Files\\WindowsApps\\PythonSoftwareFoundation.Python.3.13_3.13.1008.0_x64__qbz5n2kfra8p0\\lib\\nltk_data'
    - 'C:\\Users\\Dickson\\AppData\\Roaming\\nltk_data'
    - 'C:\\nltk_data'
    - 'D:\\nltk_data'
    - 'E:\\nltk_data'
**********************************************************************

2025-04-28 19:19:10,763 - __main__ - WARNING - NLTK preprocessing failed: 
**********************************************************************
  Resource [93mpunkt_tab[0m not found.
  Please use the NLTK Downloader to obtain the resource:

  [31m>>> import nltk
  >>> nltk.download('punkt_tab')
  [0m
  For more information see: https://www.nltk.org/data.html

  Attempted to load [93mtokenizers/punkt_tab/english/[0m

  Searched in:
    - 'C:\\Users\\Dickson/nltk_data'
    - 'C:\\Program Files\\WindowsApps\\PythonSoftwareFoundation.Python.3.13_3.13.1008.0_x64__qbz5n2kfra8p0\\nltk_data'
    - 'C:\\Program Files\\WindowsApps\\PythonSoftwareFoundation.Python.3.13_3.13.1008.0_x64__qbz5n2kfra8p0\\share\\nltk_data'
    - 'C:\\Program Files\\WindowsApps\\PythonSoftwareFoundation.Python.3.13_3.13.1008.0_x64__qbz5n2kfra8p0\\lib\\nltk_data'
    - 'C:\\Users\\Dickson\\AppData\\Roaming\\nltk_data'
    - 'C:\\nltk_data'
    - 'D:\\nltk_data'
    - 'E:\\nltk_data'
**********************************************************************

2025-04-28 19:19:10,766 - __main__ - WARNING - NLTK preprocessing failed: 
**********************************************************************
  Resource [93mpunkt_tab[0m not found.
  Please use the NLTK Downloader to obtain the resource:

  [31m>>> import nltk
  >>> nltk.download('punkt_tab')
  [0m
  For more information see: https://www.nltk.org/data.html

  Attempted to load [93mtokenizers/punkt_tab/english/[0m

  Searched in:
    - 'C:\\Users\\Dickson/nltk_data'
    - 'C:\\Program Files\\WindowsApps\\PythonSoftwareFoundation.Python.3.13_3.13.1008.0_x64__qbz5n2kfra8p0\\nltk_data'
    - 'C:\\Program Files\\WindowsApps\\PythonSoftwareFoundation.Python.3.13_3.13.1008.0_x64__qbz5n2kfra8p0\\share\\nltk_data'
    - 'C:\\Program Files\\WindowsApps\\PythonSoftwareFoundation.Python.3.13_3.13.1008.0_x64__qbz5n2kfra8p0\\lib\\nltk_data'
    - 'C:\\Users\\Dickson\\AppData\\Roaming\\nltk_data'
    - 'C:\\nltk_data'
    - 'D:\\nltk_data'
    - 'E:\\nltk_data'
**********************************************************************

2025-04-28 19:19:10,769 - __main__ - WARNING - NLTK preprocessing failed: 
**********************************************************************
  Resource [93mpunkt_tab[0m not found.
  Please use the NLTK Downloader to obtain the resource:

  [31m>>> import nltk
  >>> nltk.download('punkt_tab')
  [0m
  For more information see: https://www.nltk.org/data.html

  Attempted to load [93mtokenizers/punkt_tab/english/[0m

  Searched in:
    - 'C:\\Users\\Dickson/nltk_data'
    - 'C:\\Program Files\\WindowsApps\\PythonSoftwareFoundation.Python.3.13_3.13.1008.0_x64__qbz5n2kfra8p0\\nltk_data'
    - 'C:\\Program Files\\WindowsApps\\PythonSoftwareFoundation.Python.3.13_3.13.1008.0_x64__qbz5n2kfra8p0\\share\\nltk_data'
    - 'C:\\Program Files\\WindowsApps\\PythonSoftwareFoundation.Python.3.13_3.13.1008.0_x64__qbz5n2kfra8p0\\lib\\nltk_data'
    - 'C:\\Users\\Dickson\\AppData\\Roaming\\nltk_data'
    - 'C:\\nltk_data'
    - 'D:\\nltk_data'
    - 'E:\\nltk_data'
**********************************************************************

2025-04-28 19:19:10,772 - __main__ - WARNING - NLTK preprocessing failed: 
**********************************************************************
  Resource [93mpunkt_tab[0m not found.
  Please use the NLTK Downloader to obtain the resource:

  [31m>>> import nltk
  >>> nltk.download('punkt_tab')
  [0m
  For more information see: https://www.nltk.org/data.html

  Attempted to load [93mtokenizers/punkt_tab/english/[0m

  Searched in:
    - 'C:\\Users\\Dickson/nltk_data'
    - 'C:\\Program Files\\WindowsApps\\PythonSoftwareFoundation.Python.3.13_3.13.1008.0_x64__qbz5n2kfra8p0\\nltk_data'
    - 'C:\\Program Files\\WindowsApps\\PythonSoftwareFoundation.Python.3.13_3.13.1008.0_x64__qbz5n2kfra8p0\\share\\nltk_data'
    - 'C:\\Program Files\\WindowsApps\\PythonSoftwareFoundation.Python.3.13_3.13.1008.0_x64__qbz5n2kfra8p0\\lib\\nltk_data'
    - 'C:\\Users\\Dickson\\AppData\\Roaming\\nltk_data'
    - 'C:\\nltk_data'
    - 'D:\\nltk_data'
    - 'E:\\nltk_data'
**********************************************************************

2025-04-28 19:19:10,775 - __main__ - WARNING - NLTK preprocessing failed: 
**********************************************************************
  Resource [93mpunkt_tab[0m not found.
  Please use the NLTK Downloader to obtain the resource:

  [31m>>> import nltk
  >>> nltk.download('punkt_tab')
  [0m
  For more information see: https://www.nltk.org/data.html

  Attempted to load [93mtokenizers/punkt_tab/english/[0m

  Searched in:
    - 'C:\\Users\\Dickson/nltk_data'
    - 'C:\\Program Files\\WindowsApps\\PythonSoftwareFoundation.Python.3.13_3.13.1008.0_x64__qbz5n2kfra8p0\\nltk_data'
    - 'C:\\Program Files\\WindowsApps\\PythonSoftwareFoundation.Python.3.13_3.13.1008.0_x64__qbz5n2kfra8p0\\share\\nltk_data'
    - 'C:\\Program Files\\WindowsApps\\PythonSoftwareFoundation.Python.3.13_3.13.1008.0_x64__qbz5n2kfra8p0\\lib\\nltk_data'
    - 'C:\\Users\\Dickson\\AppData\\Roaming\\nltk_data'
    - 'C:\\nltk_data'
    - 'D:\\nltk_data'
    - 'E:\\nltk_data'
**********************************************************************

2025-04-28 19:19:10,778 - __main__ - WARNING - NLTK preprocessing failed: 
**********************************************************************
  Resource [93mpunkt_tab[0m not found.
  Please use the NLTK Downloader to obtain the resource:

  [31m>>> import nltk
  >>> nltk.download('punkt_tab')
  [0m
  For more information see: https://www.nltk.org/data.html

  Attempted to load [93mtokenizers/punkt_tab/english/[0m

  Searched in:
    - 'C:\\Users\\Dickson/nltk_data'
    - 'C:\\Program Files\\WindowsApps\\PythonSoftwareFoundation.Python.3.13_3.13.1008.0_x64__qbz5n2kfra8p0\\nltk_data'
    - 'C:\\Program Files\\WindowsApps\\PythonSoftwareFoundation.Python.3.13_3.13.1008.0_x64__qbz5n2kfra8p0\\share\\nltk_data'
    - 'C:\\Program Files\\WindowsApps\\PythonSoftwareFoundation.Python.3.13_3.13.1008.0_x64__qbz5n2kfra8p0\\lib\\nltk_data'
    - 'C:\\Users\\Dickson\\AppData\\Roaming\\nltk_data'
    - 'C:\\nltk_data'
    - 'D:\\nltk_data'
    - 'E:\\nltk_data'
**********************************************************************

2025-04-28 19:19:10,781 - __main__ - WARNING - NLTK preprocessing failed: 
**********************************************************************
  Resource [93mpunkt_tab[0m not found.
  Please use the NLTK Downloader to obtain the resource:

  [31m>>> import nltk
  >>> nltk.download('punkt_tab')
  [0m
  For more information see: https://www.nltk.org/data.html

  Attempted to load [93mtokenizers/punkt_tab/english/[0m

  Searched in:
    - 'C:\\Users\\Dickson/nltk_data'
    - 'C:\\Program Files\\WindowsApps\\PythonSoftwareFoundation.Python.3.13_3.13.1008.0_x64__qbz5n2kfra8p0\\nltk_data'
    - 'C:\\Program Files\\WindowsApps\\PythonSoftwareFoundation.Python.3.13_3.13.1008.0_x64__qbz5n2kfra8p0\\share\\nltk_data'
    - 'C:\\Program Files\\WindowsApps\\PythonSoftwareFoundation.Python.3.13_3.13.1008.0_x64__qbz5n2kfra8p0\\lib\\nltk_data'
    - 'C:\\Users\\Dickson\\AppData\\Roaming\\nltk_data'
    - 'C:\\nltk_data'
    - 'D:\\nltk_data'
    - 'E:\\nltk_data'
**********************************************************************

2025-04-28 19:19:10,784 - __main__ - WARNING - NLTK preprocessing failed: 
**********************************************************************
  Resource [93mpunkt_tab[0m not found.
  Please use the NLTK Downloader to obtain the resource:

  [31m>>> import nltk
  >>> nltk.download('punkt_tab')
  [0m
  For more information see: https://www.nltk.org/data.html

  Attempted to load [93mtokenizers/punkt_tab/english/[0m

  Searched in:
    - 'C:\\Users\\Dickson/nltk_data'
    - 'C:\\Program Files\\WindowsApps\\PythonSoftwareFoundation.Python.3.13_3.13.1008.0_x64__qbz5n2kfra8p0\\nltk_data'
    - 'C:\\Program Files\\WindowsApps\\PythonSoftwareFoundation.Python.3.13_3.13.1008.0_x64__qbz5n2kfra8p0\\share\\nltk_data'
    - 'C:\\Program Files\\WindowsApps\\PythonSoftwareFoundation.Python.3.13_3.13.1008.0_x64__qbz5n2kfra8p0\\lib\\nltk_data'
    - 'C:\\Users\\Dickson\\AppData\\Roaming\\nltk_data'
    - 'C:\\nltk_data'
    - 'D:\\nltk_data'
    - 'E:\\nltk_data'
**********************************************************************

2025-04-28 19:19:10,787 - __main__ - WARNING - NLTK preprocessing failed: 
**********************************************************************
  Resource [93mpunkt_tab[0m not found.
  Please use the NLTK Downloader to obtain the resource:

  [31m>>> import nltk
  >>> nltk.download('punkt_tab')
  [0m
  For more information see: https://www.nltk.org/data.html

  Attempted to load [93mtokenizers/punkt_tab/english/[0m

  Searched in:
    - 'C:\\Users\\Dickson/nltk_data'
    - 'C:\\Program Files\\WindowsApps\\PythonSoftwareFoundation.Python.3.13_3.13.1008.0_x64__qbz5n2kfra8p0\\nltk_data'
    - 'C:\\Program Files\\WindowsApps\\PythonSoftwareFoundation.Python.3.13_3.13.1008.0_x64__qbz5n2kfra8p0\\share\\nltk_data'
    - 'C:\\Program Files\\WindowsApps\\PythonSoftwareFoundation.Python.3.13_3.13.1008.0_x64__qbz5n2kfra8p0\\lib\\nltk_data'
    - 'C:\\Users\\Dickson\\AppData\\Roaming\\nltk_data'
    - 'C:\\nltk_data'
    - 'D:\\nltk_data'
    - 'E:\\nltk_data'
**********************************************************************

2025-04-28 19:19:10,790 - __main__ - WARNING - NLTK preprocessing failed: 
**********************************************************************
  Resource [93mpunkt_tab[0m not found.
  Please use the NLTK Downloader to obtain the resource:

  [31m>>> import nltk
  >>> nltk.download('punkt_tab')
  [0m
  For more information see: https://www.nltk.org/data.html

  Attempted to load [93mtokenizers/punkt_tab/english/[0m

  Searched in:
    - 'C:\\Users\\Dickson/nltk_data'
    - 'C:\\Program Files\\WindowsApps\\PythonSoftwareFoundation.Python.3.13_3.13.1008.0_x64__qbz5n2kfra8p0\\nltk_data'
    - 'C:\\Program Files\\WindowsApps\\PythonSoftwareFoundation.Python.3.13_3.13.1008.0_x64__qbz5n2kfra8p0\\share\\nltk_data'
    - 'C:\\Program Files\\WindowsApps\\PythonSoftwareFoundation.Python.3.13_3.13.1008.0_x64__qbz5n2kfra8p0\\lib\\nltk_data'
    - 'C:\\Users\\Dickson\\AppData\\Roaming\\nltk_data'
    - 'C:\\nltk_data'
    - 'D:\\nltk_data'
    - 'E:\\nltk_data'
**********************************************************************

2025-04-28 19:19:10,793 - __main__ - WARNING - NLTK preprocessing failed: 
**********************************************************************
  Resource [93mpunkt_tab[0m not found.
  Please use the NLTK Downloader to obtain the resource:

  [31m>>> import nltk
  >>> nltk.download('punkt_tab')
  [0m
  For more information see: https://www.nltk.org/data.html

  Attempted to load [93mtokenizers/punkt_tab/english/[0m

  Searched in:
    - 'C:\\Users\\Dickson/nltk_data'
    - 'C:\\Program Files\\WindowsApps\\PythonSoftwareFoundation.Python.3.13_3.13.1008.0_x64__qbz5n2kfra8p0\\nltk_data'
    - 'C:\\Program Files\\WindowsApps\\PythonSoftwareFoundation.Python.3.13_3.13.1008.0_x64__qbz5n2kfra8p0\\share\\nltk_data'
    - 'C:\\Program Files\\WindowsApps\\PythonSoftwareFoundation.Python.3.13_3.13.1008.0_x64__qbz5n2kfra8p0\\lib\\nltk_data'
    - 'C:\\Users\\Dickson\\AppData\\Roaming\\nltk_data'
    - 'C:\\nltk_data'
    - 'D:\\nltk_data'
    - 'E:\\nltk_data'
**********************************************************************

2025-04-28 19:19:10,796 - __main__ - WARNING - NLTK preprocessing failed: 
**********************************************************************
  Resource [93mpunkt_tab[0m not found.
  Please use the NLTK Downloader to obtain the resource:

  [31m>>> import nltk
  >>> nltk.download('punkt_tab')
  [0m
  For more information see: https://www.nltk.org/data.html

  Attempted to load [93mtokenizers/punkt_tab/english/[0m

  Searched in:
    - 'C:\\Users\\Dickson/nltk_data'
    - 'C:\\Program Files\\WindowsApps\\PythonSoftwareFoundation.Python.3.13_3.13.1008.0_x64__qbz5n2kfra8p0\\nltk_data'
    - 'C:\\Program Files\\WindowsApps\\PythonSoftwareFoundation.Python.3.13_3.13.1008.0_x64__qbz5n2kfra8p0\\share\\nltk_data'
    - 'C:\\Program Files\\WindowsApps\\PythonSoftwareFoundation.Python.3.13_3.13.1008.0_x64__qbz5n2kfra8p0\\lib\\nltk_data'
    - 'C:\\Users\\Dickson\\AppData\\Roaming\\nltk_data'
    - 'C:\\nltk_data'
    - 'D:\\nltk_data'
    - 'E:\\nltk_data'
**********************************************************************

2025-04-28 19:19:10,799 - __main__ - WARNING - NLTK preprocessing failed: 
**********************************************************************
  Resource [93mpunkt_tab[0m not found.
  Please use the NLTK Downloader to obtain the resource:

  [31m>>> import nltk
  >>> nltk.download('punkt_tab')
  [0m
  For more information see: https://www.nltk.org/data.html

  Attempted to load [93mtokenizers/punkt_tab/english/[0m

  Searched in:
    - 'C:\\Users\\Dickson/nltk_data'
    - 'C:\\Program Files\\WindowsApps\\PythonSoftwareFoundation.Python.3.13_3.13.1008.0_x64__qbz5n2kfra8p0\\nltk_data'
    - 'C:\\Program Files\\WindowsApps\\PythonSoftwareFoundation.Python.3.13_3.13.1008.0_x64__qbz5n2kfra8p0\\share\\nltk_data'
    - 'C:\\Program Files\\WindowsApps\\PythonSoftwareFoundation.Python.3.13_3.13.1008.0_x64__qbz5n2kfra8p0\\lib\\nltk_data'
    - 'C:\\Users\\Dickson\\AppData\\Roaming\\nltk_data'
    - 'C:\\nltk_data'
    - 'D:\\nltk_data'
    - 'E:\\nltk_data'
**********************************************************************

2025-04-28 19:19:10,802 - __main__ - WARNING - NLTK preprocessing failed: 
**********************************************************************
  Resource [93mpunkt_tab[0m not found.
  Please use the NLTK Downloader to obtain the resource:

  [31m>>> import nltk
  >>> nltk.download('punkt_tab')
  [0m
  For more information see: https://www.nltk.org/data.html

  Attempted to load [93mtokenizers/punkt_tab/english/[0m

  Searched in:
    - 'C:\\Users\\Dickson/nltk_data'
    - 'C:\\Program Files\\WindowsApps\\PythonSoftwareFoundation.Python.3.13_3.13.1008.0_x64__qbz5n2kfra8p0\\nltk_data'
    - 'C:\\Program Files\\WindowsApps\\PythonSoftwareFoundation.Python.3.13_3.13.1008.0_x64__qbz5n2kfra8p0\\share\\nltk_data'
    - 'C:\\Program Files\\WindowsApps\\PythonSoftwareFoundation.Python.3.13_3.13.1008.0_x64__qbz5n2kfra8p0\\lib\\nltk_data'
    - 'C:\\Users\\Dickson\\AppData\\Roaming\\nltk_data'
    - 'C:\\nltk_data'
    - 'D:\\nltk_data'
    - 'E:\\nltk_data'
**********************************************************************

2025-04-28 19:19:10,805 - __main__ - WARNING - NLTK preprocessing failed: 
**********************************************************************
  Resource [93mpunkt_tab[0m not found.
  Please use the NLTK Downloader to obtain the resource:

  [31m>>> import nltk
  >>> nltk.download('punkt_tab')
  [0m
  For more information see: https://www.nltk.org/data.html

  Attempted to load [93mtokenizers/punkt_tab/english/[0m

  Searched in:
    - 'C:\\Users\\Dickson/nltk_data'
    - 'C:\\Program Files\\WindowsApps\\PythonSoftwareFoundation.Python.3.13_3.13.1008.0_x64__qbz5n2kfra8p0\\nltk_data'
    - 'C:\\Program Files\\WindowsApps\\PythonSoftwareFoundation.Python.3.13_3.13.1008.0_x64__qbz5n2kfra8p0\\share\\nltk_data'
    - 'C:\\Program Files\\WindowsApps\\PythonSoftwareFoundation.Python.3.13_3.13.1008.0_x64__qbz5n2kfra8p0\\lib\\nltk_data'
    - 'C:\\Users\\Dickson\\AppData\\Roaming\\nltk_data'
    - 'C:\\nltk_data'
    - 'D:\\nltk_data'
    - 'E:\\nltk_data'
**********************************************************************

2025-04-28 19:19:10,808 - __main__ - WARNING - NLTK preprocessing failed: 
**********************************************************************
  Resource [93mpunkt_tab[0m not found.
  Please use the NLTK Downloader to obtain the resource:

  [31m>>> import nltk
  >>> nltk.download('punkt_tab')
  [0m
  For more information see: https://www.nltk.org/data.html

  Attempted to load [93mtokenizers/punkt_tab/english/[0m

  Searched in:
    - 'C:\\Users\\Dickson/nltk_data'
    - 'C:\\Program Files\\WindowsApps\\PythonSoftwareFoundation.Python.3.13_3.13.1008.0_x64__qbz5n2kfra8p0\\nltk_data'
    - 'C:\\Program Files\\WindowsApps\\PythonSoftwareFoundation.Python.3.13_3.13.1008.0_x64__qbz5n2kfra8p0\\share\\nltk_data'
    - 'C:\\Program Files\\WindowsApps\\PythonSoftwareFoundation.Python.3.13_3.13.1008.0_x64__qbz5n2kfra8p0\\lib\\nltk_data'
    - 'C:\\Users\\Dickson\\AppData\\Roaming\\nltk_data'
    - 'C:\\nltk_data'
    - 'D:\\nltk_data'
    - 'E:\\nltk_data'
**********************************************************************

2025-04-28 19:19:10,811 - __main__ - WARNING - NLTK preprocessing failed: 
**********************************************************************
  Resource [93mpunkt_tab[0m not found.
  Please use the NLTK Downloader to obtain the resource:

  [31m>>> import nltk
  >>> nltk.download('punkt_tab')
  [0m
  For more information see: https://www.nltk.org/data.html

  Attempted to load [93mtokenizers/punkt_tab/english/[0m

  Searched in:
    - 'C:\\Users\\Dickson/nltk_data'
    - 'C:\\Program Files\\WindowsApps\\PythonSoftwareFoundation.Python.3.13_3.13.1008.0_x64__qbz5n2kfra8p0\\nltk_data'
    - 'C:\\Program Files\\WindowsApps\\PythonSoftwareFoundation.Python.3.13_3.13.1008.0_x64__qbz5n2kfra8p0\\share\\nltk_data'
    - 'C:\\Program Files\\WindowsApps\\PythonSoftwareFoundation.Python.3.13_3.13.1008.0_x64__qbz5n2kfra8p0\\lib\\nltk_data'
    - 'C:\\Users\\Dickson\\AppData\\Roaming\\nltk_data'
    - 'C:\\nltk_data'
    - 'D:\\nltk_data'
    - 'E:\\nltk_data'
**********************************************************************

2025-04-28 19:19:10,814 - __main__ - WARNING - NLTK preprocessing failed: 
**********************************************************************
  Resource [93mpunkt_tab[0m not found.
  Please use the NLTK Downloader to obtain the resource:

  [31m>>> import nltk
  >>> nltk.download('punkt_tab')
  [0m
  For more information see: https://www.nltk.org/data.html

  Attempted to load [93mtokenizers/punkt_tab/english/[0m

  Searched in:
    - 'C:\\Users\\Dickson/nltk_data'
    - 'C:\\Program Files\\WindowsApps\\PythonSoftwareFoundation.Python.3.13_3.13.1008.0_x64__qbz5n2kfra8p0\\nltk_data'
    - 'C:\\Program Files\\WindowsApps\\PythonSoftwareFoundation.Python.3.13_3.13.1008.0_x64__qbz5n2kfra8p0\\share\\nltk_data'
    - 'C:\\Program Files\\WindowsApps\\PythonSoftwareFoundation.Python.3.13_3.13.1008.0_x64__qbz5n2kfra8p0\\lib\\nltk_data'
    - 'C:\\Users\\Dickson\\AppData\\Roaming\\nltk_data'
    - 'C:\\nltk_data'
    - 'D:\\nltk_data'
    - 'E:\\nltk_data'
**********************************************************************

2025-04-28 19:19:10,817 - __main__ - WARNING - NLTK preprocessing failed: 
**********************************************************************
  Resource [93mpunkt_tab[0m not found.
  Please use the NLTK Downloader to obtain the resource:

  [31m>>> import nltk
  >>> nltk.download('punkt_tab')
  [0m
  For more information see: https://www.nltk.org/data.html

  Attempted to load [93mtokenizers/punkt_tab/english/[0m

  Searched in:
    - 'C:\\Users\\Dickson/nltk_data'
    - 'C:\\Program Files\\WindowsApps\\PythonSoftwareFoundation.Python.3.13_3.13.1008.0_x64__qbz5n2kfra8p0\\nltk_data'
    - 'C:\\Program Files\\WindowsApps\\PythonSoftwareFoundation.Python.3.13_3.13.1008.0_x64__qbz5n2kfra8p0\\share\\nltk_data'
    - 'C:\\Program Files\\WindowsApps\\PythonSoftwareFoundation.Python.3.13_3.13.1008.0_x64__qbz5n2kfra8p0\\lib\\nltk_data'
    - 'C:\\Users\\Dickson\\AppData\\Roaming\\nltk_data'
    - 'C:\\nltk_data'
    - 'D:\\nltk_data'
    - 'E:\\nltk_data'
**********************************************************************

2025-04-28 19:19:10,820 - __main__ - WARNING - NLTK preprocessing failed: 
**********************************************************************
  Resource [93mpunkt_tab[0m not found.
  Please use the NLTK Downloader to obtain the resource:

  [31m>>> import nltk
  >>> nltk.download('punkt_tab')
  [0m
  For more information see: https://www.nltk.org/data.html

  Attempted to load [93mtokenizers/punkt_tab/english/[0m

  Searched in:
    - 'C:\\Users\\Dickson/nltk_data'
    - 'C:\\Program Files\\WindowsApps\\PythonSoftwareFoundation.Python.3.13_3.13.1008.0_x64__qbz5n2kfra8p0\\nltk_data'
    - 'C:\\Program Files\\WindowsApps\\PythonSoftwareFoundation.Python.3.13_3.13.1008.0_x64__qbz5n2kfra8p0\\share\\nltk_data'
    - 'C:\\Program Files\\WindowsApps\\PythonSoftwareFoundation.Python.3.13_3.13.1008.0_x64__qbz5n2kfra8p0\\lib\\nltk_data'
    - 'C:\\Users\\Dickson\\AppData\\Roaming\\nltk_data'
    - 'C:\\nltk_data'
    - 'D:\\nltk_data'
    - 'E:\\nltk_data'
**********************************************************************

2025-04-28 19:19:10,822 - __main__ - WARNING - NLTK preprocessing failed: 
**********************************************************************
  Resource [93mpunkt_tab[0m not found.
  Please use the NLTK Downloader to obtain the resource:

  [31m>>> import nltk
  >>> nltk.download('punkt_tab')
  [0m
  For more information see: https://www.nltk.org/data.html

  Attempted to load [93mtokenizers/punkt_tab/english/[0m

  Searched in:
    - 'C:\\Users\\Dickson/nltk_data'
    - 'C:\\Program Files\\WindowsApps\\PythonSoftwareFoundation.Python.3.13_3.13.1008.0_x64__qbz5n2kfra8p0\\nltk_data'
    - 'C:\\Program Files\\WindowsApps\\PythonSoftwareFoundation.Python.3.13_3.13.1008.0_x64__qbz5n2kfra8p0\\share\\nltk_data'
    - 'C:\\Program Files\\WindowsApps\\PythonSoftwareFoundation.Python.3.13_3.13.1008.0_x64__qbz5n2kfra8p0\\lib\\nltk_data'
    - 'C:\\Users\\Dickson\\AppData\\Roaming\\nltk_data'
    - 'C:\\nltk_data'
    - 'D:\\nltk_data'
    - 'E:\\nltk_data'
**********************************************************************

2025-04-28 19:19:10,824 - werkzeug - INFO - 127.0.0.1 - - [28/Apr/2025 19:19:10] "GET /get?msg=Tjddjdjejdfbdbdhsbdbftbdhshxbcgbfjsnxndsnskxmfgnfnnfnfcncndzcvngjfj HTTP/1.1" 200 -
2025-04-28 19:19:46,611 - __main__ - WARNING - NLTK preprocessing failed: 
**********************************************************************
  Resource [93mpunkt_tab[0m not found.
  Please use the NLTK Downloader to obtain the resource:

  [31m>>> import nltk
  >>> nltk.download('punkt_tab')
  [0m
  For more information see: https://www.nltk.org/data.html

  Attempted to load [93mtokenizers/punkt_tab/english/[0m

  Searched in:
    - 'C:\\Users\\Dickson/nltk_data'
    - 'C:\\Program Files\\WindowsApps\\PythonSoftwareFoundation.Python.3.13_3.13.1008.0_x64__qbz5n2kfra8p0\\nltk_data'
    - 'C:\\Program Files\\WindowsApps\\PythonSoftwareFoundation.Python.3.13_3.13.1008.0_x64__qbz5n2kfra8p0\\share\\nltk_data'
    - 'C:\\Program Files\\WindowsApps\\PythonSoftwareFoundation.Python.3.13_3.13.1008.0_x64__qbz5n2kfra8p0\\lib\\nltk_data'
    - 'C:\\Users\\Dickson\\AppData\\Roaming\\nltk_data'
    - 'C:\\nltk_data'
    - 'D:\\nltk_data'
    - 'E:\\nltk_data'
**********************************************************************

2025-04-28 19:19:46,614 - __main__ - WARNING - NLTK preprocessing failed: 
**********************************************************************
  Resource [93mpunkt_tab[0m not found.
  Please use the NLTK Downloader to obtain the resource:

  [31m>>> import nltk
  >>> nltk.download('punkt_tab')
  [0m
  For more information see: https://www.nltk.org/data.html

  Attempted to load [93mtokenizers/punkt_tab/english/[0m

  Searched in:
    - 'C:\\Users\\Dickson/nltk_data'
    - 'C:\\Program Files\\WindowsApps\\PythonSoftwareFoundation.Python.3.13_3.13.1008.0_x64__qbz5n2kfra8p0\\nltk_data'
    - 'C:\\Program Files\\WindowsApps\\PythonSoftwareFoundation.Python.3.13_3.13.1008.0_x64__qbz5n2kfra8p0\\share\\nltk_data'
    - 'C:\\Program Files\\WindowsApps\\PythonSoftwareFoundation.Python.3.13_3.13.1008.0_x64__qbz5n2kfra8p0\\lib\\nltk_data'
    - 'C:\\Users\\Dickson\\AppData\\Roaming\\nltk_data'
    - 'C:\\nltk_data'
    - 'D:\\nltk_data'
    - 'E:\\nltk_data'
**********************************************************************

2025-04-28 19:19:46,617 - __main__ - WARNING - NLTK preprocessing failed: 
**********************************************************************
  Resource [93mpunkt_tab[0m not found.
  Please use the NLTK Downloader to obtain the resource:

  [31m>>> import nltk
  >>> nltk.download('punkt_tab')
  [0m
  For more information see: https://www.nltk.org/data.html

  Attempted to load [93mtokenizers/punkt_tab/english/[0m

  Searched in:
    - 'C:\\Users\\Dickson/nltk_data'
    - 'C:\\Program Files\\WindowsApps\\PythonSoftwareFoundation.Python.3.13_3.13.1008.0_x64__qbz5n2kfra8p0\\nltk_data'
    - 'C:\\Program Files\\WindowsApps\\PythonSoftwareFoundation.Python.3.13_3.13.1008.0_x64__qbz5n2kfra8p0\\share\\nltk_data'
    - 'C:\\Program Files\\WindowsApps\\PythonSoftwareFoundation.Python.3.13_3.13.1008.0_x64__qbz5n2kfra8p0\\lib\\nltk_data'
    - 'C:\\Users\\Dickson\\AppData\\Roaming\\nltk_data'
    - 'C:\\nltk_data'
    - 'D:\\nltk_data'
    - 'E:\\nltk_data'
**********************************************************************

2025-04-28 19:19:46,621 - __main__ - WARNING - NLTK preprocessing failed: 
**********************************************************************
  Resource [93mpunkt_tab[0m not found.
  Please use the NLTK Downloader to obtain the resource:

  [31m>>> import nltk
  >>> nltk.download('punkt_tab')
  [0m
  For more information see: https://www.nltk.org/data.html

  Attempted to load [93mtokenizers/punkt_tab/english/[0m

  Searched in:
    - 'C:\\Users\\Dickson/nltk_data'
    - 'C:\\Program Files\\WindowsApps\\PythonSoftwareFoundation.Python.3.13_3.13.1008.0_x64__qbz5n2kfra8p0\\nltk_data'
    - 'C:\\Program Files\\WindowsApps\\PythonSoftwareFoundation.Python.3.13_3.13.1008.0_x64__qbz5n2kfra8p0\\share\\nltk_data'
    - 'C:\\Program Files\\WindowsApps\\PythonSoftwareFoundation.Python.3.13_3.13.1008.0_x64__qbz5n2kfra8p0\\lib\\nltk_data'
    - 'C:\\Users\\Dickson\\AppData\\Roaming\\nltk_data'
    - 'C:\\nltk_data'
    - 'D:\\nltk_data'
    - 'E:\\nltk_data'
**********************************************************************

2025-04-28 19:19:46,625 - __main__ - WARNING - NLTK preprocessing failed: 
**********************************************************************
  Resource [93mpunkt_tab[0m not found.
  Please use the NLTK Downloader to obtain the resource:

  [31m>>> import nltk
  >>> nltk.download('punkt_tab')
  [0m
  For more information see: https://www.nltk.org/data.html

  Attempted to load [93mtokenizers/punkt_tab/english/[0m

  Searched in:
    - 'C:\\Users\\Dickson/nltk_data'
    - 'C:\\Program Files\\WindowsApps\\PythonSoftwareFoundation.Python.3.13_3.13.1008.0_x64__qbz5n2kfra8p0\\nltk_data'
    - 'C:\\Program Files\\WindowsApps\\PythonSoftwareFoundation.Python.3.13_3.13.1008.0_x64__qbz5n2kfra8p0\\share\\nltk_data'
    - 'C:\\Program Files\\WindowsApps\\PythonSoftwareFoundation.Python.3.13_3.13.1008.0_x64__qbz5n2kfra8p0\\lib\\nltk_data'
    - 'C:\\Users\\Dickson\\AppData\\Roaming\\nltk_data'
    - 'C:\\nltk_data'
    - 'D:\\nltk_data'
    - 'E:\\nltk_data'
**********************************************************************

2025-04-28 19:19:46,628 - __main__ - WARNING - NLTK preprocessing failed: 
**********************************************************************
  Resource [93mpunkt_tab[0m not found.
  Please use the NLTK Downloader to obtain the resource:

  [31m>>> import nltk
  >>> nltk.download('punkt_tab')
  [0m
  For more information see: https://www.nltk.org/data.html

  Attempted to load [93mtokenizers/punkt_tab/english/[0m

  Searched in:
    - 'C:\\Users\\Dickson/nltk_data'
    - 'C:\\Program Files\\WindowsApps\\PythonSoftwareFoundation.Python.3.13_3.13.1008.0_x64__qbz5n2kfra8p0\\nltk_data'
    - 'C:\\Program Files\\WindowsApps\\PythonSoftwareFoundation.Python.3.13_3.13.1008.0_x64__qbz5n2kfra8p0\\share\\nltk_data'
    - 'C:\\Program Files\\WindowsApps\\PythonSoftwareFoundation.Python.3.13_3.13.1008.0_x64__qbz5n2kfra8p0\\lib\\nltk_data'
    - 'C:\\Users\\Dickson\\AppData\\Roaming\\nltk_data'
    - 'C:\\nltk_data'
    - 'D:\\nltk_data'
    - 'E:\\nltk_data'
**********************************************************************

2025-04-28 19:19:46,631 - __main__ - WARNING - NLTK preprocessing failed: 
**********************************************************************
  Resource [93mpunkt_tab[0m not found.
  Please use the NLTK Downloader to obtain the resource:

  [31m>>> import nltk
  >>> nltk.download('punkt_tab')
  [0m
  For more information see: https://www.nltk.org/data.html

  Attempted to load [93mtokenizers/punkt_tab/english/[0m

  Searched in:
    - 'C:\\Users\\Dickson/nltk_data'
    - 'C:\\Program Files\\WindowsApps\\PythonSoftwareFoundation.Python.3.13_3.13.1008.0_x64__qbz5n2kfra8p0\\nltk_data'
    - 'C:\\Program Files\\WindowsApps\\PythonSoftwareFoundation.Python.3.13_3.13.1008.0_x64__qbz5n2kfra8p0\\share\\nltk_data'
    - 'C:\\Program Files\\WindowsApps\\PythonSoftwareFoundation.Python.3.13_3.13.1008.0_x64__qbz5n2kfra8p0\\lib\\nltk_data'
    - 'C:\\Users\\Dickson\\AppData\\Roaming\\nltk_data'
    - 'C:\\nltk_data'
    - 'D:\\nltk_data'
    - 'E:\\nltk_data'
**********************************************************************

2025-04-28 19:19:46,634 - __main__ - WARNING - NLTK preprocessing failed: 
**********************************************************************
  Resource [93mpunkt_tab[0m not found.
  Please use the NLTK Downloader to obtain the resource:

  [31m>>> import nltk
  >>> nltk.download('punkt_tab')
  [0m
  For more information see: https://www.nltk.org/data.html

  Attempted to load [93mtokenizers/punkt_tab/english/[0m

  Searched in:
    - 'C:\\Users\\Dickson/nltk_data'
    - 'C:\\Program Files\\WindowsApps\\PythonSoftwareFoundation.Python.3.13_3.13.1008.0_x64__qbz5n2kfra8p0\\nltk_data'
    - 'C:\\Program Files\\WindowsApps\\PythonSoftwareFoundation.Python.3.13_3.13.1008.0_x64__qbz5n2kfra8p0\\share\\nltk_data'
    - 'C:\\Program Files\\WindowsApps\\PythonSoftwareFoundation.Python.3.13_3.13.1008.0_x64__qbz5n2kfra8p0\\lib\\nltk_data'
    - 'C:\\Users\\Dickson\\AppData\\Roaming\\nltk_data'
    - 'C:\\nltk_data'
    - 'D:\\nltk_data'
    - 'E:\\nltk_data'
**********************************************************************

2025-04-28 19:19:46,637 - __main__ - WARNING - NLTK preprocessing failed: 
**********************************************************************
  Resource [93mpunkt_tab[0m not found.
  Please use the NLTK Downloader to obtain the resource:

  [31m>>> import nltk
  >>> nltk.download('punkt_tab')
  [0m
  For more information see: https://www.nltk.org/data.html

  Attempted to load [93mtokenizers/punkt_tab/english/[0m

  Searched in:
    - 'C:\\Users\\Dickson/nltk_data'
    - 'C:\\Program Files\\WindowsApps\\PythonSoftwareFoundation.Python.3.13_3.13.1008.0_x64__qbz5n2kfra8p0\\nltk_data'
    - 'C:\\Program Files\\WindowsApps\\PythonSoftwareFoundation.Python.3.13_3.13.1008.0_x64__qbz5n2kfra8p0\\share\\nltk_data'
    - 'C:\\Program Files\\WindowsApps\\PythonSoftwareFoundation.Python.3.13_3.13.1008.0_x64__qbz5n2kfra8p0\\lib\\nltk_data'
    - 'C:\\Users\\Dickson\\AppData\\Roaming\\nltk_data'
    - 'C:\\nltk_data'
    - 'D:\\nltk_data'
    - 'E:\\nltk_data'
**********************************************************************

2025-04-28 19:19:46,640 - __main__ - WARNING - NLTK preprocessing failed: 
**********************************************************************
  Resource [93mpunkt_tab[0m not found.
  Please use the NLTK Downloader to obtain the resource:

  [31m>>> import nltk
  >>> nltk.download('punkt_tab')
  [0m
  For more information see: https://www.nltk.org/data.html

  Attempted to load [93mtokenizers/punkt_tab/english/[0m

  Searched in:
    - 'C:\\Users\\Dickson/nltk_data'
    - 'C:\\Program Files\\WindowsApps\\PythonSoftwareFoundation.Python.3.13_3.13.1008.0_x64__qbz5n2kfra8p0\\nltk_data'
    - 'C:\\Program Files\\WindowsApps\\PythonSoftwareFoundation.Python.3.13_3.13.1008.0_x64__qbz5n2kfra8p0\\share\\nltk_data'
    - 'C:\\Program Files\\WindowsApps\\PythonSoftwareFoundation.Python.3.13_3.13.1008.0_x64__qbz5n2kfra8p0\\lib\\nltk_data'
    - 'C:\\Users\\Dickson\\AppData\\Roaming\\nltk_data'
    - 'C:\\nltk_data'
    - 'D:\\nltk_data'
    - 'E:\\nltk_data'
**********************************************************************

2025-04-28 19:19:46,643 - __main__ - WARNING - NLTK preprocessing failed: 
**********************************************************************
  Resource [93mpunkt_tab[0m not found.
  Please use the NLTK Downloader to obtain the resource:

  [31m>>> import nltk
  >>> nltk.download('punkt_tab')
  [0m
  For more information see: https://www.nltk.org/data.html

  Attempted to load [93mtokenizers/punkt_tab/english/[0m

  Searched in:
    - 'C:\\Users\\Dickson/nltk_data'
    - 'C:\\Program Files\\WindowsApps\\PythonSoftwareFoundation.Python.3.13_3.13.1008.0_x64__qbz5n2kfra8p0\\nltk_data'
    - 'C:\\Program Files\\WindowsApps\\PythonSoftwareFoundation.Python.3.13_3.13.1008.0_x64__qbz5n2kfra8p0\\share\\nltk_data'
    - 'C:\\Program Files\\WindowsApps\\PythonSoftwareFoundation.Python.3.13_3.13.1008.0_x64__qbz5n2kfra8p0\\lib\\nltk_data'
    - 'C:\\Users\\Dickson\\AppData\\Roaming\\nltk_data'
    - 'C:\\nltk_data'
    - 'D:\\nltk_data'
    - 'E:\\nltk_data'
**********************************************************************

2025-04-28 19:19:46,646 - __main__ - WARNING - NLTK preprocessing failed: 
**********************************************************************
  Resource [93mpunkt_tab[0m not found.
  Please use the NLTK Downloader to obtain the resource:

  [31m>>> import nltk
  >>> nltk.download('punkt_tab')
  [0m
  For more information see: https://www.nltk.org/data.html

  Attempted to load [93mtokenizers/punkt_tab/english/[0m

  Searched in:
    - 'C:\\Users\\Dickson/nltk_data'
    - 'C:\\Program Files\\WindowsApps\\PythonSoftwareFoundation.Python.3.13_3.13.1008.0_x64__qbz5n2kfra8p0\\nltk_data'
    - 'C:\\Program Files\\WindowsApps\\PythonSoftwareFoundation.Python.3.13_3.13.1008.0_x64__qbz5n2kfra8p0\\share\\nltk_data'
    - 'C:\\Program Files\\WindowsApps\\PythonSoftwareFoundation.Python.3.13_3.13.1008.0_x64__qbz5n2kfra8p0\\lib\\nltk_data'
    - 'C:\\Users\\Dickson\\AppData\\Roaming\\nltk_data'
    - 'C:\\nltk_data'
    - 'D:\\nltk_data'
    - 'E:\\nltk_data'
**********************************************************************

2025-04-28 19:19:46,649 - __main__ - WARNING - NLTK preprocessing failed: 
**********************************************************************
  Resource [93mpunkt_tab[0m not found.
  Please use the NLTK Downloader to obtain the resource:

  [31m>>> import nltk
  >>> nltk.download('punkt_tab')
  [0m
  For more information see: https://www.nltk.org/data.html

  Attempted to load [93mtokenizers/punkt_tab/english/[0m

  Searched in:
    - 'C:\\Users\\Dickson/nltk_data'
    - 'C:\\Program Files\\WindowsApps\\PythonSoftwareFoundation.Python.3.13_3.13.1008.0_x64__qbz5n2kfra8p0\\nltk_data'
    - 'C:\\Program Files\\WindowsApps\\PythonSoftwareFoundation.Python.3.13_3.13.1008.0_x64__qbz5n2kfra8p0\\share\\nltk_data'
    - 'C:\\Program Files\\WindowsApps\\PythonSoftwareFoundation.Python.3.13_3.13.1008.0_x64__qbz5n2kfra8p0\\lib\\nltk_data'
    - 'C:\\Users\\Dickson\\AppData\\Roaming\\nltk_data'
    - 'C:\\nltk_data'
    - 'D:\\nltk_data'
    - 'E:\\nltk_data'
**********************************************************************

2025-04-28 19:19:46,652 - __main__ - WARNING - NLTK preprocessing failed: 
**********************************************************************
  Resource [93mpunkt_tab[0m not found.
  Please use the NLTK Downloader to obtain the resource:

  [31m>>> import nltk
  >>> nltk.download('punkt_tab')
  [0m
  For more information see: https://www.nltk.org/data.html

  Attempted to load [93mtokenizers/punkt_tab/english/[0m

  Searched in:
    - 'C:\\Users\\Dickson/nltk_data'
    - 'C:\\Program Files\\WindowsApps\\PythonSoftwareFoundation.Python.3.13_3.13.1008.0_x64__qbz5n2kfra8p0\\nltk_data'
    - 'C:\\Program Files\\WindowsApps\\PythonSoftwareFoundation.Python.3.13_3.13.1008.0_x64__qbz5n2kfra8p0\\share\\nltk_data'
    - 'C:\\Program Files\\WindowsApps\\PythonSoftwareFoundation.Python.3.13_3.13.1008.0_x64__qbz5n2kfra8p0\\lib\\nltk_data'
    - 'C:\\Users\\Dickson\\AppData\\Roaming\\nltk_data'
    - 'C:\\nltk_data'
    - 'D:\\nltk_data'
    - 'E:\\nltk_data'
**********************************************************************

2025-04-28 19:19:46,655 - __main__ - WARNING - NLTK preprocessing failed: 
**********************************************************************
  Resource [93mpunkt_tab[0m not found.
  Please use the NLTK Downloader to obtain the resource:

  [31m>>> import nltk
  >>> nltk.download('punkt_tab')
  [0m
  For more information see: https://www.nltk.org/data.html

  Attempted to load [93mtokenizers/punkt_tab/english/[0m

  Searched in:
    - 'C:\\Users\\Dickson/nltk_data'
    - 'C:\\Program Files\\WindowsApps\\PythonSoftwareFoundation.Python.3.13_3.13.1008.0_x64__qbz5n2kfra8p0\\nltk_data'
    - 'C:\\Program Files\\WindowsApps\\PythonSoftwareFoundation.Python.3.13_3.13.1008.0_x64__qbz5n2kfra8p0\\share\\nltk_data'
    - 'C:\\Program Files\\WindowsApps\\PythonSoftwareFoundation.Python.3.13_3.13.1008.0_x64__qbz5n2kfra8p0\\lib\\nltk_data'
    - 'C:\\Users\\Dickson\\AppData\\Roaming\\nltk_data'
    - 'C:\\nltk_data'
    - 'D:\\nltk_data'
    - 'E:\\nltk_data'
**********************************************************************

2025-04-28 19:19:46,659 - __main__ - WARNING - NLTK preprocessing failed: 
**********************************************************************
  Resource [93mpunkt_tab[0m not found.
  Please use the NLTK Downloader to obtain the resource:

  [31m>>> import nltk
  >>> nltk.download('punkt_tab')
  [0m
  For more information see: https://www.nltk.org/data.html

  Attempted to load [93mtokenizers/punkt_tab/english/[0m

  Searched in:
    - 'C:\\Users\\Dickson/nltk_data'
    - 'C:\\Program Files\\WindowsApps\\PythonSoftwareFoundation.Python.3.13_3.13.1008.0_x64__qbz5n2kfra8p0\\nltk_data'
    - 'C:\\Program Files\\WindowsApps\\PythonSoftwareFoundation.Python.3.13_3.13.1008.0_x64__qbz5n2kfra8p0\\share\\nltk_data'
    - 'C:\\Program Files\\WindowsApps\\PythonSoftwareFoundation.Python.3.13_3.13.1008.0_x64__qbz5n2kfra8p0\\lib\\nltk_data'
    - 'C:\\Users\\Dickson\\AppData\\Roaming\\nltk_data'
    - 'C:\\nltk_data'
    - 'D:\\nltk_data'
    - 'E:\\nltk_data'
**********************************************************************

2025-04-28 19:19:46,662 - __main__ - WARNING - NLTK preprocessing failed: 
**********************************************************************
  Resource [93mpunkt_tab[0m not found.
  Please use the NLTK Downloader to obtain the resource:

  [31m>>> import nltk
  >>> nltk.download('punkt_tab')
  [0m
  For more information see: https://www.nltk.org/data.html

  Attempted to load [93mtokenizers/punkt_tab/english/[0m

  Searched in:
    - 'C:\\Users\\Dickson/nltk_data'
    - 'C:\\Program Files\\WindowsApps\\PythonSoftwareFoundation.Python.3.13_3.13.1008.0_x64__qbz5n2kfra8p0\\nltk_data'
    - 'C:\\Program Files\\WindowsApps\\PythonSoftwareFoundation.Python.3.13_3.13.1008.0_x64__qbz5n2kfra8p0\\share\\nltk_data'
    - 'C:\\Program Files\\WindowsApps\\PythonSoftwareFoundation.Python.3.13_3.13.1008.0_x64__qbz5n2kfra8p0\\lib\\nltk_data'
    - 'C:\\Users\\Dickson\\AppData\\Roaming\\nltk_data'
    - 'C:\\nltk_data'
    - 'D:\\nltk_data'
    - 'E:\\nltk_data'
**********************************************************************

2025-04-28 19:19:46,665 - __main__ - WARNING - NLTK preprocessing failed: 
**********************************************************************
  Resource [93mpunkt_tab[0m not found.
  Please use the NLTK Downloader to obtain the resource:

  [31m>>> import nltk
  >>> nltk.download('punkt_tab')
  [0m
  For more information see: https://www.nltk.org/data.html

  Attempted to load [93mtokenizers/punkt_tab/english/[0m

  Searched in:
    - 'C:\\Users\\Dickson/nltk_data'
    - 'C:\\Program Files\\WindowsApps\\PythonSoftwareFoundation.Python.3.13_3.13.1008.0_x64__qbz5n2kfra8p0\\nltk_data'
    - 'C:\\Program Files\\WindowsApps\\PythonSoftwareFoundation.Python.3.13_3.13.1008.0_x64__qbz5n2kfra8p0\\share\\nltk_data'
    - 'C:\\Program Files\\WindowsApps\\PythonSoftwareFoundation.Python.3.13_3.13.1008.0_x64__qbz5n2kfra8p0\\lib\\nltk_data'
    - 'C:\\Users\\Dickson\\AppData\\Roaming\\nltk_data'
    - 'C:\\nltk_data'
    - 'D:\\nltk_data'
    - 'E:\\nltk_data'
**********************************************************************

2025-04-28 19:19:46,668 - __main__ - WARNING - NLTK preprocessing failed: 
**********************************************************************
  Resource [93mpunkt_tab[0m not found.
  Please use the NLTK Downloader to obtain the resource:

  [31m>>> import nltk
  >>> nltk.download('punkt_tab')
  [0m
  For more information see: https://www.nltk.org/data.html

  Attempted to load [93mtokenizers/punkt_tab/english/[0m

  Searched in:
    - 'C:\\Users\\Dickson/nltk_data'
    - 'C:\\Program Files\\WindowsApps\\PythonSoftwareFoundation.Python.3.13_3.13.1008.0_x64__qbz5n2kfra8p0\\nltk_data'
    - 'C:\\Program Files\\WindowsApps\\PythonSoftwareFoundation.Python.3.13_3.13.1008.0_x64__qbz5n2kfra8p0\\share\\nltk_data'
    - 'C:\\Program Files\\WindowsApps\\PythonSoftwareFoundation.Python.3.13_3.13.1008.0_x64__qbz5n2kfra8p0\\lib\\nltk_data'
    - 'C:\\Users\\Dickson\\AppData\\Roaming\\nltk_data'
    - 'C:\\nltk_data'
    - 'D:\\nltk_data'
    - 'E:\\nltk_data'
**********************************************************************

2025-04-28 19:19:46,671 - __main__ - WARNING - NLTK preprocessing failed: 
**********************************************************************
  Resource [93mpunkt_tab[0m not found.
  Please use the NLTK Downloader to obtain the resource:

  [31m>>> import nltk
  >>> nltk.download('punkt_tab')
  [0m
  For more information see: https://www.nltk.org/data.html

  Attempted to load [93mtokenizers/punkt_tab/english/[0m

  Searched in:
    - 'C:\\Users\\Dickson/nltk_data'
    - 'C:\\Program Files\\WindowsApps\\PythonSoftwareFoundation.Python.3.13_3.13.1008.0_x64__qbz5n2kfra8p0\\nltk_data'
    - 'C:\\Program Files\\WindowsApps\\PythonSoftwareFoundation.Python.3.13_3.13.1008.0_x64__qbz5n2kfra8p0\\share\\nltk_data'
    - 'C:\\Program Files\\WindowsApps\\PythonSoftwareFoundation.Python.3.13_3.13.1008.0_x64__qbz5n2kfra8p0\\lib\\nltk_data'
    - 'C:\\Users\\Dickson\\AppData\\Roaming\\nltk_data'
    - 'C:\\nltk_data'
    - 'D:\\nltk_data'
    - 'E:\\nltk_data'
**********************************************************************

2025-04-28 19:19:46,682 - __main__ - WARNING - NLTK preprocessing failed: 
**********************************************************************
  Resource [93mpunkt_tab[0m not found.
  Please use the NLTK Downloader to obtain the resource:

  [31m>>> import nltk
  >>> nltk.download('punkt_tab')
  [0m
  For more information see: https://www.nltk.org/data.html

  Attempted to load [93mtokenizers/punkt_tab/english/[0m

  Searched in:
    - 'C:\\Users\\Dickson/nltk_data'
    - 'C:\\Program Files\\WindowsApps\\PythonSoftwareFoundation.Python.3.13_3.13.1008.0_x64__qbz5n2kfra8p0\\nltk_data'
    - 'C:\\Program Files\\WindowsApps\\PythonSoftwareFoundation.Python.3.13_3.13.1008.0_x64__qbz5n2kfra8p0\\share\\nltk_data'
    - 'C:\\Program Files\\WindowsApps\\PythonSoftwareFoundation.Python.3.13_3.13.1008.0_x64__qbz5n2kfra8p0\\lib\\nltk_data'
    - 'C:\\Users\\Dickson\\AppData\\Roaming\\nltk_data'
    - 'C:\\nltk_data'
    - 'D:\\nltk_data'
    - 'E:\\nltk_data'
**********************************************************************

2025-04-28 19:19:46,685 - __main__ - WARNING - NLTK preprocessing failed: 
**********************************************************************
  Resource [93mpunkt_tab[0m not found.
  Please use the NLTK Downloader to obtain the resource:

  [31m>>> import nltk
  >>> nltk.download('punkt_tab')
  [0m
  For more information see: https://www.nltk.org/data.html

  Attempted to load [93mtokenizers/punkt_tab/english/[0m

  Searched in:
    - 'C:\\Users\\Dickson/nltk_data'
    - 'C:\\Program Files\\WindowsApps\\PythonSoftwareFoundation.Python.3.13_3.13.1008.0_x64__qbz5n2kfra8p0\\nltk_data'
    - 'C:\\Program Files\\WindowsApps\\PythonSoftwareFoundation.Python.3.13_3.13.1008.0_x64__qbz5n2kfra8p0\\share\\nltk_data'
    - 'C:\\Program Files\\WindowsApps\\PythonSoftwareFoundation.Python.3.13_3.13.1008.0_x64__qbz5n2kfra8p0\\lib\\nltk_data'
    - 'C:\\Users\\Dickson\\AppData\\Roaming\\nltk_data'
    - 'C:\\nltk_data'
    - 'D:\\nltk_data'
    - 'E:\\nltk_data'
**********************************************************************

2025-04-28 19:19:46,688 - __main__ - WARNING - NLTK preprocessing failed: 
**********************************************************************
  Resource [93mpunkt_tab[0m not found.
  Please use the NLTK Downloader to obtain the resource:

  [31m>>> import nltk
  >>> nltk.download('punkt_tab')
  [0m
  For more information see: https://www.nltk.org/data.html

  Attempted to load [93mtokenizers/punkt_tab/english/[0m

  Searched in:
    - 'C:\\Users\\Dickson/nltk_data'
    - 'C:\\Program Files\\WindowsApps\\PythonSoftwareFoundation.Python.3.13_3.13.1008.0_x64__qbz5n2kfra8p0\\nltk_data'
    - 'C:\\Program Files\\WindowsApps\\PythonSoftwareFoundation.Python.3.13_3.13.1008.0_x64__qbz5n2kfra8p0\\share\\nltk_data'
    - 'C:\\Program Files\\WindowsApps\\PythonSoftwareFoundation.Python.3.13_3.13.1008.0_x64__qbz5n2kfra8p0\\lib\\nltk_data'
    - 'C:\\Users\\Dickson\\AppData\\Roaming\\nltk_data'
    - 'C:\\nltk_data'
    - 'D:\\nltk_data'
    - 'E:\\nltk_data'
**********************************************************************

2025-04-28 19:19:46,691 - __main__ - WARNING - NLTK preprocessing failed: 
**********************************************************************
  Resource [93mpunkt_tab[0m not found.
  Please use the NLTK Downloader to obtain the resource:

  [31m>>> import nltk
  >>> nltk.download('punkt_tab')
  [0m
  For more information see: https://www.nltk.org/data.html

  Attempted to load [93mtokenizers/punkt_tab/english/[0m

  Searched in:
    - 'C:\\Users\\Dickson/nltk_data'
    - 'C:\\Program Files\\WindowsApps\\PythonSoftwareFoundation.Python.3.13_3.13.1008.0_x64__qbz5n2kfra8p0\\nltk_data'
    - 'C:\\Program Files\\WindowsApps\\PythonSoftwareFoundation.Python.3.13_3.13.1008.0_x64__qbz5n2kfra8p0\\share\\nltk_data'
    - 'C:\\Program Files\\WindowsApps\\PythonSoftwareFoundation.Python.3.13_3.13.1008.0_x64__qbz5n2kfra8p0\\lib\\nltk_data'
    - 'C:\\Users\\Dickson\\AppData\\Roaming\\nltk_data'
    - 'C:\\nltk_data'
    - 'D:\\nltk_data'
    - 'E:\\nltk_data'
**********************************************************************

2025-04-28 19:19:46,694 - __main__ - WARNING - NLTK preprocessing failed: 
**********************************************************************
  Resource [93mpunkt_tab[0m not found.
  Please use the NLTK Downloader to obtain the resource:

  [31m>>> import nltk
  >>> nltk.download('punkt_tab')
  [0m
  For more information see: https://www.nltk.org/data.html

  Attempted to load [93mtokenizers/punkt_tab/english/[0m

  Searched in:
    - 'C:\\Users\\Dickson/nltk_data'
    - 'C:\\Program Files\\WindowsApps\\PythonSoftwareFoundation.Python.3.13_3.13.1008.0_x64__qbz5n2kfra8p0\\nltk_data'
    - 'C:\\Program Files\\WindowsApps\\PythonSoftwareFoundation.Python.3.13_3.13.1008.0_x64__qbz5n2kfra8p0\\share\\nltk_data'
    - 'C:\\Program Files\\WindowsApps\\PythonSoftwareFoundation.Python.3.13_3.13.1008.0_x64__qbz5n2kfra8p0\\lib\\nltk_data'
    - 'C:\\Users\\Dickson\\AppData\\Roaming\\nltk_data'
    - 'C:\\nltk_data'
    - 'D:\\nltk_data'
    - 'E:\\nltk_data'
**********************************************************************

2025-04-28 19:19:46,697 - __main__ - WARNING - NLTK preprocessing failed: 
**********************************************************************
  Resource [93mpunkt_tab[0m not found.
  Please use the NLTK Downloader to obtain the resource:

  [31m>>> import nltk
  >>> nltk.download('punkt_tab')
  [0m
  For more information see: https://www.nltk.org/data.html

  Attempted to load [93mtokenizers/punkt_tab/english/[0m

  Searched in:
    - 'C:\\Users\\Dickson/nltk_data'
    - 'C:\\Program Files\\WindowsApps\\PythonSoftwareFoundation.Python.3.13_3.13.1008.0_x64__qbz5n2kfra8p0\\nltk_data'
    - 'C:\\Program Files\\WindowsApps\\PythonSoftwareFoundation.Python.3.13_3.13.1008.0_x64__qbz5n2kfra8p0\\share\\nltk_data'
    - 'C:\\Program Files\\WindowsApps\\PythonSoftwareFoundation.Python.3.13_3.13.1008.0_x64__qbz5n2kfra8p0\\lib\\nltk_data'
    - 'C:\\Users\\Dickson\\AppData\\Roaming\\nltk_data'
    - 'C:\\nltk_data'
    - 'D:\\nltk_data'
    - 'E:\\nltk_data'
**********************************************************************

2025-04-28 19:19:46,700 - __main__ - WARNING - NLTK preprocessing failed: 
**********************************************************************
  Resource [93mpunkt_tab[0m not found.
  Please use the NLTK Downloader to obtain the resource:

  [31m>>> import nltk
  >>> nltk.download('punkt_tab')
  [0m
  For more information see: https://www.nltk.org/data.html

  Attempted to load [93mtokenizers/punkt_tab/english/[0m

  Searched in:
    - 'C:\\Users\\Dickson/nltk_data'
    - 'C:\\Program Files\\WindowsApps\\PythonSoftwareFoundation.Python.3.13_3.13.1008.0_x64__qbz5n2kfra8p0\\nltk_data'
    - 'C:\\Program Files\\WindowsApps\\PythonSoftwareFoundation.Python.3.13_3.13.1008.0_x64__qbz5n2kfra8p0\\share\\nltk_data'
    - 'C:\\Program Files\\WindowsApps\\PythonSoftwareFoundation.Python.3.13_3.13.1008.0_x64__qbz5n2kfra8p0\\lib\\nltk_data'
    - 'C:\\Users\\Dickson\\AppData\\Roaming\\nltk_data'
    - 'C:\\nltk_data'
    - 'D:\\nltk_data'
    - 'E:\\nltk_data'
**********************************************************************

2025-04-28 19:19:46,703 - __main__ - WARNING - NLTK preprocessing failed: 
**********************************************************************
  Resource [93mpunkt_tab[0m not found.
  Please use the NLTK Downloader to obtain the resource:

  [31m>>> import nltk
  >>> nltk.download('punkt_tab')
  [0m
  For more information see: https://www.nltk.org/data.html

  Attempted to load [93mtokenizers/punkt_tab/english/[0m

  Searched in:
    - 'C:\\Users\\Dickson/nltk_data'
    - 'C:\\Program Files\\WindowsApps\\PythonSoftwareFoundation.Python.3.13_3.13.1008.0_x64__qbz5n2kfra8p0\\nltk_data'
    - 'C:\\Program Files\\WindowsApps\\PythonSoftwareFoundation.Python.3.13_3.13.1008.0_x64__qbz5n2kfra8p0\\share\\nltk_data'
    - 'C:\\Program Files\\WindowsApps\\PythonSoftwareFoundation.Python.3.13_3.13.1008.0_x64__qbz5n2kfra8p0\\lib\\nltk_data'
    - 'C:\\Users\\Dickson\\AppData\\Roaming\\nltk_data'
    - 'C:\\nltk_data'
    - 'D:\\nltk_data'
    - 'E:\\nltk_data'
**********************************************************************

2025-04-28 19:19:46,706 - __main__ - WARNING - NLTK preprocessing failed: 
**********************************************************************
  Resource [93mpunkt_tab[0m not found.
  Please use the NLTK Downloader to obtain the resource:

  [31m>>> import nltk
  >>> nltk.download('punkt_tab')
  [0m
  For more information see: https://www.nltk.org/data.html

  Attempted to load [93mtokenizers/punkt_tab/english/[0m

  Searched in:
    - 'C:\\Users\\Dickson/nltk_data'
    - 'C:\\Program Files\\WindowsApps\\PythonSoftwareFoundation.Python.3.13_3.13.1008.0_x64__qbz5n2kfra8p0\\nltk_data'
    - 'C:\\Program Files\\WindowsApps\\PythonSoftwareFoundation.Python.3.13_3.13.1008.0_x64__qbz5n2kfra8p0\\share\\nltk_data'
    - 'C:\\Program Files\\WindowsApps\\PythonSoftwareFoundation.Python.3.13_3.13.1008.0_x64__qbz5n2kfra8p0\\lib\\nltk_data'
    - 'C:\\Users\\Dickson\\AppData\\Roaming\\nltk_data'
    - 'C:\\nltk_data'
    - 'D:\\nltk_data'
    - 'E:\\nltk_data'
**********************************************************************

2025-04-28 19:19:46,709 - __main__ - WARNING - NLTK preprocessing failed: 
**********************************************************************
  Resource [93mpunkt_tab[0m not found.
  Please use the NLTK Downloader to obtain the resource:

  [31m>>> import nltk
  >>> nltk.download('punkt_tab')
  [0m
  For more information see: https://www.nltk.org/data.html

  Attempted to load [93mtokenizers/punkt_tab/english/[0m

  Searched in:
    - 'C:\\Users\\Dickson/nltk_data'
    - 'C:\\Program Files\\WindowsApps\\PythonSoftwareFoundation.Python.3.13_3.13.1008.0_x64__qbz5n2kfra8p0\\nltk_data'
    - 'C:\\Program Files\\WindowsApps\\PythonSoftwareFoundation.Python.3.13_3.13.1008.0_x64__qbz5n2kfra8p0\\share\\nltk_data'
    - 'C:\\Program Files\\WindowsApps\\PythonSoftwareFoundation.Python.3.13_3.13.1008.0_x64__qbz5n2kfra8p0\\lib\\nltk_data'
    - 'C:\\Users\\Dickson\\AppData\\Roaming\\nltk_data'
    - 'C:\\nltk_data'
    - 'D:\\nltk_data'
    - 'E:\\nltk_data'
**********************************************************************

2025-04-28 19:19:46,712 - __main__ - WARNING - NLTK preprocessing failed: 
**********************************************************************
  Resource [93mpunkt_tab[0m not found.
  Please use the NLTK Downloader to obtain the resource:

  [31m>>> import nltk
  >>> nltk.download('punkt_tab')
  [0m
  For more information see: https://www.nltk.org/data.html

  Attempted to load [93mtokenizers/punkt_tab/english/[0m

  Searched in:
    - 'C:\\Users\\Dickson/nltk_data'
    - 'C:\\Program Files\\WindowsApps\\PythonSoftwareFoundation.Python.3.13_3.13.1008.0_x64__qbz5n2kfra8p0\\nltk_data'
    - 'C:\\Program Files\\WindowsApps\\PythonSoftwareFoundation.Python.3.13_3.13.1008.0_x64__qbz5n2kfra8p0\\share\\nltk_data'
    - 'C:\\Program Files\\WindowsApps\\PythonSoftwareFoundation.Python.3.13_3.13.1008.0_x64__qbz5n2kfra8p0\\lib\\nltk_data'
    - 'C:\\Users\\Dickson\\AppData\\Roaming\\nltk_data'
    - 'C:\\nltk_data'
    - 'D:\\nltk_data'
    - 'E:\\nltk_data'
**********************************************************************

2025-04-28 19:19:46,715 - __main__ - WARNING - NLTK preprocessing failed: 
**********************************************************************
  Resource [93mpunkt_tab[0m not found.
  Please use the NLTK Downloader to obtain the resource:

  [31m>>> import nltk
  >>> nltk.download('punkt_tab')
  [0m
  For more information see: https://www.nltk.org/data.html

  Attempted to load [93mtokenizers/punkt_tab/english/[0m

  Searched in:
    - 'C:\\Users\\Dickson/nltk_data'
    - 'C:\\Program Files\\WindowsApps\\PythonSoftwareFoundation.Python.3.13_3.13.1008.0_x64__qbz5n2kfra8p0\\nltk_data'
    - 'C:\\Program Files\\WindowsApps\\PythonSoftwareFoundation.Python.3.13_3.13.1008.0_x64__qbz5n2kfra8p0\\share\\nltk_data'
    - 'C:\\Program Files\\WindowsApps\\PythonSoftwareFoundation.Python.3.13_3.13.1008.0_x64__qbz5n2kfra8p0\\lib\\nltk_data'
    - 'C:\\Users\\Dickson\\AppData\\Roaming\\nltk_data'
    - 'C:\\nltk_data'
    - 'D:\\nltk_data'
    - 'E:\\nltk_data'
**********************************************************************

2025-04-28 19:19:46,718 - __main__ - WARNING - NLTK preprocessing failed: 
**********************************************************************
  Resource [93mpunkt_tab[0m not found.
  Please use the NLTK Downloader to obtain the resource:

  [31m>>> import nltk
  >>> nltk.download('punkt_tab')
  [0m
  For more information see: https://www.nltk.org/data.html

  Attempted to load [93mtokenizers/punkt_tab/english/[0m

  Searched in:
    - 'C:\\Users\\Dickson/nltk_data'
    - 'C:\\Program Files\\WindowsApps\\PythonSoftwareFoundation.Python.3.13_3.13.1008.0_x64__qbz5n2kfra8p0\\nltk_data'
    - 'C:\\Program Files\\WindowsApps\\PythonSoftwareFoundation.Python.3.13_3.13.1008.0_x64__qbz5n2kfra8p0\\share\\nltk_data'
    - 'C:\\Program Files\\WindowsApps\\PythonSoftwareFoundation.Python.3.13_3.13.1008.0_x64__qbz5n2kfra8p0\\lib\\nltk_data'
    - 'C:\\Users\\Dickson\\AppData\\Roaming\\nltk_data'
    - 'C:\\nltk_data'
    - 'D:\\nltk_data'
    - 'E:\\nltk_data'
**********************************************************************

2025-04-28 19:19:46,721 - __main__ - WARNING - NLTK preprocessing failed: 
**********************************************************************
  Resource [93mpunkt_tab[0m not found.
  Please use the NLTK Downloader to obtain the resource:

  [31m>>> import nltk
  >>> nltk.download('punkt_tab')
  [0m
  For more information see: https://www.nltk.org/data.html

  Attempted to load [93mtokenizers/punkt_tab/english/[0m

  Searched in:
    - 'C:\\Users\\Dickson/nltk_data'
    - 'C:\\Program Files\\WindowsApps\\PythonSoftwareFoundation.Python.3.13_3.13.1008.0_x64__qbz5n2kfra8p0\\nltk_data'
    - 'C:\\Program Files\\WindowsApps\\PythonSoftwareFoundation.Python.3.13_3.13.1008.0_x64__qbz5n2kfra8p0\\share\\nltk_data'
    - 'C:\\Program Files\\WindowsApps\\PythonSoftwareFoundation.Python.3.13_3.13.1008.0_x64__qbz5n2kfra8p0\\lib\\nltk_data'
    - 'C:\\Users\\Dickson\\AppData\\Roaming\\nltk_data'
    - 'C:\\nltk_data'
    - 'D:\\nltk_data'
    - 'E:\\nltk_data'
**********************************************************************

2025-04-28 19:19:46,725 - __main__ - WARNING - NLTK preprocessing failed: 
**********************************************************************
  Resource [93mpunkt_tab[0m not found.
  Please use the NLTK Downloader to obtain the resource:

  [31m>>> import nltk
  >>> nltk.download('punkt_tab')
  [0m
  For more information see: https://www.nltk.org/data.html

  Attempted to load [93mtokenizers/punkt_tab/english/[0m

  Searched in:
    - 'C:\\Users\\Dickson/nltk_data'
    - 'C:\\Program Files\\WindowsApps\\PythonSoftwareFoundation.Python.3.13_3.13.1008.0_x64__qbz5n2kfra8p0\\nltk_data'
    - 'C:\\Program Files\\WindowsApps\\PythonSoftwareFoundation.Python.3.13_3.13.1008.0_x64__qbz5n2kfra8p0\\share\\nltk_data'
    - 'C:\\Program Files\\WindowsApps\\PythonSoftwareFoundation.Python.3.13_3.13.1008.0_x64__qbz5n2kfra8p0\\lib\\nltk_data'
    - 'C:\\Users\\Dickson\\AppData\\Roaming\\nltk_data'
    - 'C:\\nltk_data'
    - 'D:\\nltk_data'
    - 'E:\\nltk_data'
**********************************************************************

2025-04-28 19:19:46,728 - __main__ - WARNING - NLTK preprocessing failed: 
**********************************************************************
  Resource [93mpunkt_tab[0m not found.
  Please use the NLTK Downloader to obtain the resource:

  [31m>>> import nltk
  >>> nltk.download('punkt_tab')
  [0m
  For more information see: https://www.nltk.org/data.html

  Attempted to load [93mtokenizers/punkt_tab/english/[0m

  Searched in:
    - 'C:\\Users\\Dickson/nltk_data'
    - 'C:\\Program Files\\WindowsApps\\PythonSoftwareFoundation.Python.3.13_3.13.1008.0_x64__qbz5n2kfra8p0\\nltk_data'
    - 'C:\\Program Files\\WindowsApps\\PythonSoftwareFoundation.Python.3.13_3.13.1008.0_x64__qbz5n2kfra8p0\\share\\nltk_data'
    - 'C:\\Program Files\\WindowsApps\\PythonSoftwareFoundation.Python.3.13_3.13.1008.0_x64__qbz5n2kfra8p0\\lib\\nltk_data'
    - 'C:\\Users\\Dickson\\AppData\\Roaming\\nltk_data'
    - 'C:\\nltk_data'
    - 'D:\\nltk_data'
    - 'E:\\nltk_data'
**********************************************************************

2025-04-28 19:19:46,730 - __main__ - WARNING - NLTK preprocessing failed: 
**********************************************************************
  Resource [93mpunkt_tab[0m not found.
  Please use the NLTK Downloader to obtain the resource:

  [31m>>> import nltk
  >>> nltk.download('punkt_tab')
  [0m
  For more information see: https://www.nltk.org/data.html

  Attempted to load [93mtokenizers/punkt_tab/english/[0m

  Searched in:
    - 'C:\\Users\\Dickson/nltk_data'
    - 'C:\\Program Files\\WindowsApps\\PythonSoftwareFoundation.Python.3.13_3.13.1008.0_x64__qbz5n2kfra8p0\\nltk_data'
    - 'C:\\Program Files\\WindowsApps\\PythonSoftwareFoundation.Python.3.13_3.13.1008.0_x64__qbz5n2kfra8p0\\share\\nltk_data'
    - 'C:\\Program Files\\WindowsApps\\PythonSoftwareFoundation.Python.3.13_3.13.1008.0_x64__qbz5n2kfra8p0\\lib\\nltk_data'
    - 'C:\\Users\\Dickson\\AppData\\Roaming\\nltk_data'
    - 'C:\\nltk_data'
    - 'D:\\nltk_data'
    - 'E:\\nltk_data'
**********************************************************************

2025-04-28 19:19:46,734 - __main__ - WARNING - NLTK preprocessing failed: 
**********************************************************************
  Resource [93mpunkt_tab[0m not found.
  Please use the NLTK Downloader to obtain the resource:

  [31m>>> import nltk
  >>> nltk.download('punkt_tab')
  [0m
  For more information see: https://www.nltk.org/data.html

  Attempted to load [93mtokenizers/punkt_tab/english/[0m

  Searched in:
    - 'C:\\Users\\Dickson/nltk_data'
    - 'C:\\Program Files\\WindowsApps\\PythonSoftwareFoundation.Python.3.13_3.13.1008.0_x64__qbz5n2kfra8p0\\nltk_data'
    - 'C:\\Program Files\\WindowsApps\\PythonSoftwareFoundation.Python.3.13_3.13.1008.0_x64__qbz5n2kfra8p0\\share\\nltk_data'
    - 'C:\\Program Files\\WindowsApps\\PythonSoftwareFoundation.Python.3.13_3.13.1008.0_x64__qbz5n2kfra8p0\\lib\\nltk_data'
    - 'C:\\Users\\Dickson\\AppData\\Roaming\\nltk_data'
    - 'C:\\nltk_data'
    - 'D:\\nltk_data'
    - 'E:\\nltk_data'
**********************************************************************

2025-04-28 19:19:46,736 - __main__ - WARNING - NLTK preprocessing failed: 
**********************************************************************
  Resource [93mpunkt_tab[0m not found.
  Please use the NLTK Downloader to obtain the resource:

  [31m>>> import nltk
  >>> nltk.download('punkt_tab')
  [0m
  For more information see: https://www.nltk.org/data.html

  Attempted to load [93mtokenizers/punkt_tab/english/[0m

  Searched in:
    - 'C:\\Users\\Dickson/nltk_data'
    - 'C:\\Program Files\\WindowsApps\\PythonSoftwareFoundation.Python.3.13_3.13.1008.0_x64__qbz5n2kfra8p0\\nltk_data'
    - 'C:\\Program Files\\WindowsApps\\PythonSoftwareFoundation.Python.3.13_3.13.1008.0_x64__qbz5n2kfra8p0\\share\\nltk_data'
    - 'C:\\Program Files\\WindowsApps\\PythonSoftwareFoundation.Python.3.13_3.13.1008.0_x64__qbz5n2kfra8p0\\lib\\nltk_data'
    - 'C:\\Users\\Dickson\\AppData\\Roaming\\nltk_data'
    - 'C:\\nltk_data'
    - 'D:\\nltk_data'
    - 'E:\\nltk_data'
**********************************************************************

2025-04-28 19:19:46,740 - __main__ - WARNING - NLTK preprocessing failed: 
**********************************************************************
  Resource [93mpunkt_tab[0m not found.
  Please use the NLTK Downloader to obtain the resource:

  [31m>>> import nltk
  >>> nltk.download('punkt_tab')
  [0m
  For more information see: https://www.nltk.org/data.html

  Attempted to load [93mtokenizers/punkt_tab/english/[0m

  Searched in:
    - 'C:\\Users\\Dickson/nltk_data'
    - 'C:\\Program Files\\WindowsApps\\PythonSoftwareFoundation.Python.3.13_3.13.1008.0_x64__qbz5n2kfra8p0\\nltk_data'
    - 'C:\\Program Files\\WindowsApps\\PythonSoftwareFoundation.Python.3.13_3.13.1008.0_x64__qbz5n2kfra8p0\\share\\nltk_data'
    - 'C:\\Program Files\\WindowsApps\\PythonSoftwareFoundation.Python.3.13_3.13.1008.0_x64__qbz5n2kfra8p0\\lib\\nltk_data'
    - 'C:\\Users\\Dickson\\AppData\\Roaming\\nltk_data'
    - 'C:\\nltk_data'
    - 'D:\\nltk_data'
    - 'E:\\nltk_data'
**********************************************************************

2025-04-28 19:19:46,743 - __main__ - WARNING - NLTK preprocessing failed: 
**********************************************************************
  Resource [93mpunkt_tab[0m not found.
  Please use the NLTK Downloader to obtain the resource:

  [31m>>> import nltk
  >>> nltk.download('punkt_tab')
  [0m
  For more information see: https://www.nltk.org/data.html

  Attempted to load [93mtokenizers/punkt_tab/english/[0m

  Searched in:
    - 'C:\\Users\\Dickson/nltk_data'
    - 'C:\\Program Files\\WindowsApps\\PythonSoftwareFoundation.Python.3.13_3.13.1008.0_x64__qbz5n2kfra8p0\\nltk_data'
    - 'C:\\Program Files\\WindowsApps\\PythonSoftwareFoundation.Python.3.13_3.13.1008.0_x64__qbz5n2kfra8p0\\share\\nltk_data'
    - 'C:\\Program Files\\WindowsApps\\PythonSoftwareFoundation.Python.3.13_3.13.1008.0_x64__qbz5n2kfra8p0\\lib\\nltk_data'
    - 'C:\\Users\\Dickson\\AppData\\Roaming\\nltk_data'
    - 'C:\\nltk_data'
    - 'D:\\nltk_data'
    - 'E:\\nltk_data'
**********************************************************************

2025-04-28 19:19:46,746 - __main__ - WARNING - NLTK preprocessing failed: 
**********************************************************************
  Resource [93mpunkt_tab[0m not found.
  Please use the NLTK Downloader to obtain the resource:

  [31m>>> import nltk
  >>> nltk.download('punkt_tab')
  [0m
  For more information see: https://www.nltk.org/data.html

  Attempted to load [93mtokenizers/punkt_tab/english/[0m

  Searched in:
    - 'C:\\Users\\Dickson/nltk_data'
    - 'C:\\Program Files\\WindowsApps\\PythonSoftwareFoundation.Python.3.13_3.13.1008.0_x64__qbz5n2kfra8p0\\nltk_data'
    - 'C:\\Program Files\\WindowsApps\\PythonSoftwareFoundation.Python.3.13_3.13.1008.0_x64__qbz5n2kfra8p0\\share\\nltk_data'
    - 'C:\\Program Files\\WindowsApps\\PythonSoftwareFoundation.Python.3.13_3.13.1008.0_x64__qbz5n2kfra8p0\\lib\\nltk_data'
    - 'C:\\Users\\Dickson\\AppData\\Roaming\\nltk_data'
    - 'C:\\nltk_data'
    - 'D:\\nltk_data'
    - 'E:\\nltk_data'
**********************************************************************

2025-04-28 19:19:46,749 - __main__ - WARNING - NLTK preprocessing failed: 
**********************************************************************
  Resource [93mpunkt_tab[0m not found.
  Please use the NLTK Downloader to obtain the resource:

  [31m>>> import nltk
  >>> nltk.download('punkt_tab')
  [0m
  For more information see: https://www.nltk.org/data.html

  Attempted to load [93mtokenizers/punkt_tab/english/[0m

  Searched in:
    - 'C:\\Users\\Dickson/nltk_data'
    - 'C:\\Program Files\\WindowsApps\\PythonSoftwareFoundation.Python.3.13_3.13.1008.0_x64__qbz5n2kfra8p0\\nltk_data'
    - 'C:\\Program Files\\WindowsApps\\PythonSoftwareFoundation.Python.3.13_3.13.1008.0_x64__qbz5n2kfra8p0\\share\\nltk_data'
    - 'C:\\Program Files\\WindowsApps\\PythonSoftwareFoundation.Python.3.13_3.13.1008.0_x64__qbz5n2kfra8p0\\lib\\nltk_data'
    - 'C:\\Users\\Dickson\\AppData\\Roaming\\nltk_data'
    - 'C:\\nltk_data'
    - 'D:\\nltk_data'
    - 'E:\\nltk_data'
**********************************************************************

2025-04-28 19:19:46,752 - __main__ - WARNING - NLTK preprocessing failed: 
**********************************************************************
  Resource [93mpunkt_tab[0m not found.
  Please use the NLTK Downloader to obtain the resource:

  [31m>>> import nltk
  >>> nltk.download('punkt_tab')
  [0m
  For more information see: https://www.nltk.org/data.html

  Attempted to load [93mtokenizers/punkt_tab/english/[0m

  Searched in:
    - 'C:\\Users\\Dickson/nltk_data'
    - 'C:\\Program Files\\WindowsApps\\PythonSoftwareFoundation.Python.3.13_3.13.1008.0_x64__qbz5n2kfra8p0\\nltk_data'
    - 'C:\\Program Files\\WindowsApps\\PythonSoftwareFoundation.Python.3.13_3.13.1008.0_x64__qbz5n2kfra8p0\\share\\nltk_data'
    - 'C:\\Program Files\\WindowsApps\\PythonSoftwareFoundation.Python.3.13_3.13.1008.0_x64__qbz5n2kfra8p0\\lib\\nltk_data'
    - 'C:\\Users\\Dickson\\AppData\\Roaming\\nltk_data'
    - 'C:\\nltk_data'
    - 'D:\\nltk_data'
    - 'E:\\nltk_data'
**********************************************************************

2025-04-28 19:19:46,755 - __main__ - WARNING - NLTK preprocessing failed: 
**********************************************************************
  Resource [93mpunkt_tab[0m not found.
  Please use the NLTK Downloader to obtain the resource:

  [31m>>> import nltk
  >>> nltk.download('punkt_tab')
  [0m
  For more information see: https://www.nltk.org/data.html

  Attempted to load [93mtokenizers/punkt_tab/english/[0m

  Searched in:
    - 'C:\\Users\\Dickson/nltk_data'
    - 'C:\\Program Files\\WindowsApps\\PythonSoftwareFoundation.Python.3.13_3.13.1008.0_x64__qbz5n2kfra8p0\\nltk_data'
    - 'C:\\Program Files\\WindowsApps\\PythonSoftwareFoundation.Python.3.13_3.13.1008.0_x64__qbz5n2kfra8p0\\share\\nltk_data'
    - 'C:\\Program Files\\WindowsApps\\PythonSoftwareFoundation.Python.3.13_3.13.1008.0_x64__qbz5n2kfra8p0\\lib\\nltk_data'
    - 'C:\\Users\\Dickson\\AppData\\Roaming\\nltk_data'
    - 'C:\\nltk_data'
    - 'D:\\nltk_data'
    - 'E:\\nltk_data'
**********************************************************************

2025-04-28 19:19:46,758 - __main__ - WARNING - NLTK preprocessing failed: 
**********************************************************************
  Resource [93mpunkt_tab[0m not found.
  Please use the NLTK Downloader to obtain the resource:

  [31m>>> import nltk
  >>> nltk.download('punkt_tab')
  [0m
  For more information see: https://www.nltk.org/data.html

  Attempted to load [93mtokenizers/punkt_tab/english/[0m

  Searched in:
    - 'C:\\Users\\Dickson/nltk_data'
    - 'C:\\Program Files\\WindowsApps\\PythonSoftwareFoundation.Python.3.13_3.13.1008.0_x64__qbz5n2kfra8p0\\nltk_data'
    - 'C:\\Program Files\\WindowsApps\\PythonSoftwareFoundation.Python.3.13_3.13.1008.0_x64__qbz5n2kfra8p0\\share\\nltk_data'
    - 'C:\\Program Files\\WindowsApps\\PythonSoftwareFoundation.Python.3.13_3.13.1008.0_x64__qbz5n2kfra8p0\\lib\\nltk_data'
    - 'C:\\Users\\Dickson\\AppData\\Roaming\\nltk_data'
    - 'C:\\nltk_data'
    - 'D:\\nltk_data'
    - 'E:\\nltk_data'
**********************************************************************

2025-04-28 19:19:46,761 - __main__ - WARNING - NLTK preprocessing failed: 
**********************************************************************
  Resource [93mpunkt_tab[0m not found.
  Please use the NLTK Downloader to obtain the resource:

  [31m>>> import nltk
  >>> nltk.download('punkt_tab')
  [0m
  For more information see: https://www.nltk.org/data.html

  Attempted to load [93mtokenizers/punkt_tab/english/[0m

  Searched in:
    - 'C:\\Users\\Dickson/nltk_data'
    - 'C:\\Program Files\\WindowsApps\\PythonSoftwareFoundation.Python.3.13_3.13.1008.0_x64__qbz5n2kfra8p0\\nltk_data'
    - 'C:\\Program Files\\WindowsApps\\PythonSoftwareFoundation.Python.3.13_3.13.1008.0_x64__qbz5n2kfra8p0\\share\\nltk_data'
    - 'C:\\Program Files\\WindowsApps\\PythonSoftwareFoundation.Python.3.13_3.13.1008.0_x64__qbz5n2kfra8p0\\lib\\nltk_data'
    - 'C:\\Users\\Dickson\\AppData\\Roaming\\nltk_data'
    - 'C:\\nltk_data'
    - 'D:\\nltk_data'
    - 'E:\\nltk_data'
**********************************************************************

2025-04-28 19:19:46,764 - __main__ - WARNING - NLTK preprocessing failed: 
**********************************************************************
  Resource [93mpunkt_tab[0m not found.
  Please use the NLTK Downloader to obtain the resource:

  [31m>>> import nltk
  >>> nltk.download('punkt_tab')
  [0m
  For more information see: https://www.nltk.org/data.html

  Attempted to load [93mtokenizers/punkt_tab/english/[0m

  Searched in:
    - 'C:\\Users\\Dickson/nltk_data'
    - 'C:\\Program Files\\WindowsApps\\PythonSoftwareFoundation.Python.3.13_3.13.1008.0_x64__qbz5n2kfra8p0\\nltk_data'
    - 'C:\\Program Files\\WindowsApps\\PythonSoftwareFoundation.Python.3.13_3.13.1008.0_x64__qbz5n2kfra8p0\\share\\nltk_data'
    - 'C:\\Program Files\\WindowsApps\\PythonSoftwareFoundation.Python.3.13_3.13.1008.0_x64__qbz5n2kfra8p0\\lib\\nltk_data'
    - 'C:\\Users\\Dickson\\AppData\\Roaming\\nltk_data'
    - 'C:\\nltk_data'
    - 'D:\\nltk_data'
    - 'E:\\nltk_data'
**********************************************************************

2025-04-28 19:19:46,767 - __main__ - WARNING - NLTK preprocessing failed: 
**********************************************************************
  Resource [93mpunkt_tab[0m not found.
  Please use the NLTK Downloader to obtain the resource:

  [31m>>> import nltk
  >>> nltk.download('punkt_tab')
  [0m
  For more information see: https://www.nltk.org/data.html

  Attempted to load [93mtokenizers/punkt_tab/english/[0m

  Searched in:
    - 'C:\\Users\\Dickson/nltk_data'
    - 'C:\\Program Files\\WindowsApps\\PythonSoftwareFoundation.Python.3.13_3.13.1008.0_x64__qbz5n2kfra8p0\\nltk_data'
    - 'C:\\Program Files\\WindowsApps\\PythonSoftwareFoundation.Python.3.13_3.13.1008.0_x64__qbz5n2kfra8p0\\share\\nltk_data'
    - 'C:\\Program Files\\WindowsApps\\PythonSoftwareFoundation.Python.3.13_3.13.1008.0_x64__qbz5n2kfra8p0\\lib\\nltk_data'
    - 'C:\\Users\\Dickson\\AppData\\Roaming\\nltk_data'
    - 'C:\\nltk_data'
    - 'D:\\nltk_data'
    - 'E:\\nltk_data'
**********************************************************************

2025-04-28 19:19:46,770 - __main__ - WARNING - NLTK preprocessing failed: 
**********************************************************************
  Resource [93mpunkt_tab[0m not found.
  Please use the NLTK Downloader to obtain the resource:

  [31m>>> import nltk
  >>> nltk.download('punkt_tab')
  [0m
  For more information see: https://www.nltk.org/data.html

  Attempted to load [93mtokenizers/punkt_tab/english/[0m

  Searched in:
    - 'C:\\Users\\Dickson/nltk_data'
    - 'C:\\Program Files\\WindowsApps\\PythonSoftwareFoundation.Python.3.13_3.13.1008.0_x64__qbz5n2kfra8p0\\nltk_data'
    - 'C:\\Program Files\\WindowsApps\\PythonSoftwareFoundation.Python.3.13_3.13.1008.0_x64__qbz5n2kfra8p0\\share\\nltk_data'
    - 'C:\\Program Files\\WindowsApps\\PythonSoftwareFoundation.Python.3.13_3.13.1008.0_x64__qbz5n2kfra8p0\\lib\\nltk_data'
    - 'C:\\Users\\Dickson\\AppData\\Roaming\\nltk_data'
    - 'C:\\nltk_data'
    - 'D:\\nltk_data'
    - 'E:\\nltk_data'
**********************************************************************

2025-04-28 19:19:46,773 - __main__ - WARNING - NLTK preprocessing failed: 
**********************************************************************
  Resource [93mpunkt_tab[0m not found.
  Please use the NLTK Downloader to obtain the resource:

  [31m>>> import nltk
  >>> nltk.download('punkt_tab')
  [0m
  For more information see: https://www.nltk.org/data.html

  Attempted to load [93mtokenizers/punkt_tab/english/[0m

  Searched in:
    - 'C:\\Users\\Dickson/nltk_data'
    - 'C:\\Program Files\\WindowsApps\\PythonSoftwareFoundation.Python.3.13_3.13.1008.0_x64__qbz5n2kfra8p0\\nltk_data'
    - 'C:\\Program Files\\WindowsApps\\PythonSoftwareFoundation.Python.3.13_3.13.1008.0_x64__qbz5n2kfra8p0\\share\\nltk_data'
    - 'C:\\Program Files\\WindowsApps\\PythonSoftwareFoundation.Python.3.13_3.13.1008.0_x64__qbz5n2kfra8p0\\lib\\nltk_data'
    - 'C:\\Users\\Dickson\\AppData\\Roaming\\nltk_data'
    - 'C:\\nltk_data'
    - 'D:\\nltk_data'
    - 'E:\\nltk_data'
**********************************************************************

2025-04-28 19:19:46,776 - __main__ - WARNING - NLTK preprocessing failed: 
**********************************************************************
  Resource [93mpunkt_tab[0m not found.
  Please use the NLTK Downloader to obtain the resource:

  [31m>>> import nltk
  >>> nltk.download('punkt_tab')
  [0m
  For more information see: https://www.nltk.org/data.html

  Attempted to load [93mtokenizers/punkt_tab/english/[0m

  Searched in:
    - 'C:\\Users\\Dickson/nltk_data'
    - 'C:\\Program Files\\WindowsApps\\PythonSoftwareFoundation.Python.3.13_3.13.1008.0_x64__qbz5n2kfra8p0\\nltk_data'
    - 'C:\\Program Files\\WindowsApps\\PythonSoftwareFoundation.Python.3.13_3.13.1008.0_x64__qbz5n2kfra8p0\\share\\nltk_data'
    - 'C:\\Program Files\\WindowsApps\\PythonSoftwareFoundation.Python.3.13_3.13.1008.0_x64__qbz5n2kfra8p0\\lib\\nltk_data'
    - 'C:\\Users\\Dickson\\AppData\\Roaming\\nltk_data'
    - 'C:\\nltk_data'
    - 'D:\\nltk_data'
    - 'E:\\nltk_data'
**********************************************************************

2025-04-28 19:19:46,779 - __main__ - WARNING - NLTK preprocessing failed: 
**********************************************************************
  Resource [93mpunkt_tab[0m not found.
  Please use the NLTK Downloader to obtain the resource:

  [31m>>> import nltk
  >>> nltk.download('punkt_tab')
  [0m
  For more information see: https://www.nltk.org/data.html

  Attempted to load [93mtokenizers/punkt_tab/english/[0m

  Searched in:
    - 'C:\\Users\\Dickson/nltk_data'
    - 'C:\\Program Files\\WindowsApps\\PythonSoftwareFoundation.Python.3.13_3.13.1008.0_x64__qbz5n2kfra8p0\\nltk_data'
    - 'C:\\Program Files\\WindowsApps\\PythonSoftwareFoundation.Python.3.13_3.13.1008.0_x64__qbz5n2kfra8p0\\share\\nltk_data'
    - 'C:\\Program Files\\WindowsApps\\PythonSoftwareFoundation.Python.3.13_3.13.1008.0_x64__qbz5n2kfra8p0\\lib\\nltk_data'
    - 'C:\\Users\\Dickson\\AppData\\Roaming\\nltk_data'
    - 'C:\\nltk_data'
    - 'D:\\nltk_data'
    - 'E:\\nltk_data'
**********************************************************************

2025-04-28 19:19:46,782 - __main__ - WARNING - NLTK preprocessing failed: 
**********************************************************************
  Resource [93mpunkt_tab[0m not found.
  Please use the NLTK Downloader to obtain the resource:

  [31m>>> import nltk
  >>> nltk.download('punkt_tab')
  [0m
  For more information see: https://www.nltk.org/data.html

  Attempted to load [93mtokenizers/punkt_tab/english/[0m

  Searched in:
    - 'C:\\Users\\Dickson/nltk_data'
    - 'C:\\Program Files\\WindowsApps\\PythonSoftwareFoundation.Python.3.13_3.13.1008.0_x64__qbz5n2kfra8p0\\nltk_data'
    - 'C:\\Program Files\\WindowsApps\\PythonSoftwareFoundation.Python.3.13_3.13.1008.0_x64__qbz5n2kfra8p0\\share\\nltk_data'
    - 'C:\\Program Files\\WindowsApps\\PythonSoftwareFoundation.Python.3.13_3.13.1008.0_x64__qbz5n2kfra8p0\\lib\\nltk_data'
    - 'C:\\Users\\Dickson\\AppData\\Roaming\\nltk_data'
    - 'C:\\nltk_data'
    - 'D:\\nltk_data'
    - 'E:\\nltk_data'
**********************************************************************

2025-04-28 19:19:46,785 - __main__ - WARNING - NLTK preprocessing failed: 
**********************************************************************
  Resource [93mpunkt_tab[0m not found.
  Please use the NLTK Downloader to obtain the resource:

  [31m>>> import nltk
  >>> nltk.download('punkt_tab')
  [0m
  For more information see: https://www.nltk.org/data.html

  Attempted to load [93mtokenizers/punkt_tab/english/[0m

  Searched in:
    - 'C:\\Users\\Dickson/nltk_data'
    - 'C:\\Program Files\\WindowsApps\\PythonSoftwareFoundation.Python.3.13_3.13.1008.0_x64__qbz5n2kfra8p0\\nltk_data'
    - 'C:\\Program Files\\WindowsApps\\PythonSoftwareFoundation.Python.3.13_3.13.1008.0_x64__qbz5n2kfra8p0\\share\\nltk_data'
    - 'C:\\Program Files\\WindowsApps\\PythonSoftwareFoundation.Python.3.13_3.13.1008.0_x64__qbz5n2kfra8p0\\lib\\nltk_data'
    - 'C:\\Users\\Dickson\\AppData\\Roaming\\nltk_data'
    - 'C:\\nltk_data'
    - 'D:\\nltk_data'
    - 'E:\\nltk_data'
**********************************************************************

2025-04-28 19:19:46,788 - __main__ - WARNING - NLTK preprocessing failed: 
**********************************************************************
  Resource [93mpunkt_tab[0m not found.
  Please use the NLTK Downloader to obtain the resource:

  [31m>>> import nltk
  >>> nltk.download('punkt_tab')
  [0m
  For more information see: https://www.nltk.org/data.html

  Attempted to load [93mtokenizers/punkt_tab/english/[0m

  Searched in:
    - 'C:\\Users\\Dickson/nltk_data'
    - 'C:\\Program Files\\WindowsApps\\PythonSoftwareFoundation.Python.3.13_3.13.1008.0_x64__qbz5n2kfra8p0\\nltk_data'
    - 'C:\\Program Files\\WindowsApps\\PythonSoftwareFoundation.Python.3.13_3.13.1008.0_x64__qbz5n2kfra8p0\\share\\nltk_data'
    - 'C:\\Program Files\\WindowsApps\\PythonSoftwareFoundation.Python.3.13_3.13.1008.0_x64__qbz5n2kfra8p0\\lib\\nltk_data'
    - 'C:\\Users\\Dickson\\AppData\\Roaming\\nltk_data'
    - 'C:\\nltk_data'
    - 'D:\\nltk_data'
    - 'E:\\nltk_data'
**********************************************************************

2025-04-28 19:19:46,791 - __main__ - WARNING - NLTK preprocessing failed: 
**********************************************************************
  Resource [93mpunkt_tab[0m not found.
  Please use the NLTK Downloader to obtain the resource:

  [31m>>> import nltk
  >>> nltk.download('punkt_tab')
  [0m
  For more information see: https://www.nltk.org/data.html

  Attempted to load [93mtokenizers/punkt_tab/english/[0m

  Searched in:
    - 'C:\\Users\\Dickson/nltk_data'
    - 'C:\\Program Files\\WindowsApps\\PythonSoftwareFoundation.Python.3.13_3.13.1008.0_x64__qbz5n2kfra8p0\\nltk_data'
    - 'C:\\Program Files\\WindowsApps\\PythonSoftwareFoundation.Python.3.13_3.13.1008.0_x64__qbz5n2kfra8p0\\share\\nltk_data'
    - 'C:\\Program Files\\WindowsApps\\PythonSoftwareFoundation.Python.3.13_3.13.1008.0_x64__qbz5n2kfra8p0\\lib\\nltk_data'
    - 'C:\\Users\\Dickson\\AppData\\Roaming\\nltk_data'
    - 'C:\\nltk_data'
    - 'D:\\nltk_data'
    - 'E:\\nltk_data'
**********************************************************************

2025-04-28 19:19:46,794 - __main__ - WARNING - NLTK preprocessing failed: 
**********************************************************************
  Resource [93mpunkt_tab[0m not found.
  Please use the NLTK Downloader to obtain the resource:

  [31m>>> import nltk
  >>> nltk.download('punkt_tab')
  [0m
  For more information see: https://www.nltk.org/data.html

  Attempted to load [93mtokenizers/punkt_tab/english/[0m

  Searched in:
    - 'C:\\Users\\Dickson/nltk_data'
    - 'C:\\Program Files\\WindowsApps\\PythonSoftwareFoundation.Python.3.13_3.13.1008.0_x64__qbz5n2kfra8p0\\nltk_data'
    - 'C:\\Program Files\\WindowsApps\\PythonSoftwareFoundation.Python.3.13_3.13.1008.0_x64__qbz5n2kfra8p0\\share\\nltk_data'
    - 'C:\\Program Files\\WindowsApps\\PythonSoftwareFoundation.Python.3.13_3.13.1008.0_x64__qbz5n2kfra8p0\\lib\\nltk_data'
    - 'C:\\Users\\Dickson\\AppData\\Roaming\\nltk_data'
    - 'C:\\nltk_data'
    - 'D:\\nltk_data'
    - 'E:\\nltk_data'
**********************************************************************

2025-04-28 19:19:46,797 - __main__ - WARNING - NLTK preprocessing failed: 
**********************************************************************
  Resource [93mpunkt_tab[0m not found.
  Please use the NLTK Downloader to obtain the resource:

  [31m>>> import nltk
  >>> nltk.download('punkt_tab')
  [0m
  For more information see: https://www.nltk.org/data.html

  Attempted to load [93mtokenizers/punkt_tab/english/[0m

  Searched in:
    - 'C:\\Users\\Dickson/nltk_data'
    - 'C:\\Program Files\\WindowsApps\\PythonSoftwareFoundation.Python.3.13_3.13.1008.0_x64__qbz5n2kfra8p0\\nltk_data'
    - 'C:\\Program Files\\WindowsApps\\PythonSoftwareFoundation.Python.3.13_3.13.1008.0_x64__qbz5n2kfra8p0\\share\\nltk_data'
    - 'C:\\Program Files\\WindowsApps\\PythonSoftwareFoundation.Python.3.13_3.13.1008.0_x64__qbz5n2kfra8p0\\lib\\nltk_data'
    - 'C:\\Users\\Dickson\\AppData\\Roaming\\nltk_data'
    - 'C:\\nltk_data'
    - 'D:\\nltk_data'
    - 'E:\\nltk_data'
**********************************************************************

2025-04-28 19:19:46,800 - __main__ - WARNING - NLTK preprocessing failed: 
**********************************************************************
  Resource [93mpunkt_tab[0m not found.
  Please use the NLTK Downloader to obtain the resource:

  [31m>>> import nltk
  >>> nltk.download('punkt_tab')
  [0m
  For more information see: https://www.nltk.org/data.html

  Attempted to load [93mtokenizers/punkt_tab/english/[0m

  Searched in:
    - 'C:\\Users\\Dickson/nltk_data'
    - 'C:\\Program Files\\WindowsApps\\PythonSoftwareFoundation.Python.3.13_3.13.1008.0_x64__qbz5n2kfra8p0\\nltk_data'
    - 'C:\\Program Files\\WindowsApps\\PythonSoftwareFoundation.Python.3.13_3.13.1008.0_x64__qbz5n2kfra8p0\\share\\nltk_data'
    - 'C:\\Program Files\\WindowsApps\\PythonSoftwareFoundation.Python.3.13_3.13.1008.0_x64__qbz5n2kfra8p0\\lib\\nltk_data'
    - 'C:\\Users\\Dickson\\AppData\\Roaming\\nltk_data'
    - 'C:\\nltk_data'
    - 'D:\\nltk_data'
    - 'E:\\nltk_data'
**********************************************************************

2025-04-28 19:19:46,803 - __main__ - WARNING - NLTK preprocessing failed: 
**********************************************************************
  Resource [93mpunkt_tab[0m not found.
  Please use the NLTK Downloader to obtain the resource:

  [31m>>> import nltk
  >>> nltk.download('punkt_tab')
  [0m
  For more information see: https://www.nltk.org/data.html

  Attempted to load [93mtokenizers/punkt_tab/english/[0m

  Searched in:
    - 'C:\\Users\\Dickson/nltk_data'
    - 'C:\\Program Files\\WindowsApps\\PythonSoftwareFoundation.Python.3.13_3.13.1008.0_x64__qbz5n2kfra8p0\\nltk_data'
    - 'C:\\Program Files\\WindowsApps\\PythonSoftwareFoundation.Python.3.13_3.13.1008.0_x64__qbz5n2kfra8p0\\share\\nltk_data'
    - 'C:\\Program Files\\WindowsApps\\PythonSoftwareFoundation.Python.3.13_3.13.1008.0_x64__qbz5n2kfra8p0\\lib\\nltk_data'
    - 'C:\\Users\\Dickson\\AppData\\Roaming\\nltk_data'
    - 'C:\\nltk_data'
    - 'D:\\nltk_data'
    - 'E:\\nltk_data'
**********************************************************************

2025-04-28 19:19:46,806 - __main__ - WARNING - NLTK preprocessing failed: 
**********************************************************************
  Resource [93mpunkt_tab[0m not found.
  Please use the NLTK Downloader to obtain the resource:

  [31m>>> import nltk
  >>> nltk.download('punkt_tab')
  [0m
  For more information see: https://www.nltk.org/data.html

  Attempted to load [93mtokenizers/punkt_tab/english/[0m

  Searched in:
    - 'C:\\Users\\Dickson/nltk_data'
    - 'C:\\Program Files\\WindowsApps\\PythonSoftwareFoundation.Python.3.13_3.13.1008.0_x64__qbz5n2kfra8p0\\nltk_data'
    - 'C:\\Program Files\\WindowsApps\\PythonSoftwareFoundation.Python.3.13_3.13.1008.0_x64__qbz5n2kfra8p0\\share\\nltk_data'
    - 'C:\\Program Files\\WindowsApps\\PythonSoftwareFoundation.Python.3.13_3.13.1008.0_x64__qbz5n2kfra8p0\\lib\\nltk_data'
    - 'C:\\Users\\Dickson\\AppData\\Roaming\\nltk_data'
    - 'C:\\nltk_data'
    - 'D:\\nltk_data'
    - 'E:\\nltk_data'
**********************************************************************

2025-04-28 19:19:46,809 - __main__ - WARNING - NLTK preprocessing failed: 
**********************************************************************
  Resource [93mpunkt_tab[0m not found.
  Please use the NLTK Downloader to obtain the resource:

  [31m>>> import nltk
  >>> nltk.download('punkt_tab')
  [0m
  For more information see: https://www.nltk.org/data.html

  Attempted to load [93mtokenizers/punkt_tab/english/[0m

  Searched in:
    - 'C:\\Users\\Dickson/nltk_data'
    - 'C:\\Program Files\\WindowsApps\\PythonSoftwareFoundation.Python.3.13_3.13.1008.0_x64__qbz5n2kfra8p0\\nltk_data'
    - 'C:\\Program Files\\WindowsApps\\PythonSoftwareFoundation.Python.3.13_3.13.1008.0_x64__qbz5n2kfra8p0\\share\\nltk_data'
    - 'C:\\Program Files\\WindowsApps\\PythonSoftwareFoundation.Python.3.13_3.13.1008.0_x64__qbz5n2kfra8p0\\lib\\nltk_data'
    - 'C:\\Users\\Dickson\\AppData\\Roaming\\nltk_data'
    - 'C:\\nltk_data'
    - 'D:\\nltk_data'
    - 'E:\\nltk_data'
**********************************************************************

2025-04-28 19:19:46,812 - __main__ - WARNING - NLTK preprocessing failed: 
**********************************************************************
  Resource [93mpunkt_tab[0m not found.
  Please use the NLTK Downloader to obtain the resource:

  [31m>>> import nltk
  >>> nltk.download('punkt_tab')
  [0m
  For more information see: https://www.nltk.org/data.html

  Attempted to load [93mtokenizers/punkt_tab/english/[0m

  Searched in:
    - 'C:\\Users\\Dickson/nltk_data'
    - 'C:\\Program Files\\WindowsApps\\PythonSoftwareFoundation.Python.3.13_3.13.1008.0_x64__qbz5n2kfra8p0\\nltk_data'
    - 'C:\\Program Files\\WindowsApps\\PythonSoftwareFoundation.Python.3.13_3.13.1008.0_x64__qbz5n2kfra8p0\\share\\nltk_data'
    - 'C:\\Program Files\\WindowsApps\\PythonSoftwareFoundation.Python.3.13_3.13.1008.0_x64__qbz5n2kfra8p0\\lib\\nltk_data'
    - 'C:\\Users\\Dickson\\AppData\\Roaming\\nltk_data'
    - 'C:\\nltk_data'
    - 'D:\\nltk_data'
    - 'E:\\nltk_data'
**********************************************************************

2025-04-28 19:19:46,815 - __main__ - WARNING - NLTK preprocessing failed: 
**********************************************************************
  Resource [93mpunkt_tab[0m not found.
  Please use the NLTK Downloader to obtain the resource:

  [31m>>> import nltk
  >>> nltk.download('punkt_tab')
  [0m
  For more information see: https://www.nltk.org/data.html

  Attempted to load [93mtokenizers/punkt_tab/english/[0m

  Searched in:
    - 'C:\\Users\\Dickson/nltk_data'
    - 'C:\\Program Files\\WindowsApps\\PythonSoftwareFoundation.Python.3.13_3.13.1008.0_x64__qbz5n2kfra8p0\\nltk_data'
    - 'C:\\Program Files\\WindowsApps\\PythonSoftwareFoundation.Python.3.13_3.13.1008.0_x64__qbz5n2kfra8p0\\share\\nltk_data'
    - 'C:\\Program Files\\WindowsApps\\PythonSoftwareFoundation.Python.3.13_3.13.1008.0_x64__qbz5n2kfra8p0\\lib\\nltk_data'
    - 'C:\\Users\\Dickson\\AppData\\Roaming\\nltk_data'
    - 'C:\\nltk_data'
    - 'D:\\nltk_data'
    - 'E:\\nltk_data'
**********************************************************************

2025-04-28 19:19:46,818 - __main__ - WARNING - NLTK preprocessing failed: 
**********************************************************************
  Resource [93mpunkt_tab[0m not found.
  Please use the NLTK Downloader to obtain the resource:

  [31m>>> import nltk
  >>> nltk.download('punkt_tab')
  [0m
  For more information see: https://www.nltk.org/data.html

  Attempted to load [93mtokenizers/punkt_tab/english/[0m

  Searched in:
    - 'C:\\Users\\Dickson/nltk_data'
    - 'C:\\Program Files\\WindowsApps\\PythonSoftwareFoundation.Python.3.13_3.13.1008.0_x64__qbz5n2kfra8p0\\nltk_data'
    - 'C:\\Program Files\\WindowsApps\\PythonSoftwareFoundation.Python.3.13_3.13.1008.0_x64__qbz5n2kfra8p0\\share\\nltk_data'
    - 'C:\\Program Files\\WindowsApps\\PythonSoftwareFoundation.Python.3.13_3.13.1008.0_x64__qbz5n2kfra8p0\\lib\\nltk_data'
    - 'C:\\Users\\Dickson\\AppData\\Roaming\\nltk_data'
    - 'C:\\nltk_data'
    - 'D:\\nltk_data'
    - 'E:\\nltk_data'
**********************************************************************

2025-04-28 19:19:46,821 - __main__ - WARNING - NLTK preprocessing failed: 
**********************************************************************
  Resource [93mpunkt_tab[0m not found.
  Please use the NLTK Downloader to obtain the resource:

  [31m>>> import nltk
  >>> nltk.download('punkt_tab')
  [0m
  For more information see: https://www.nltk.org/data.html

  Attempted to load [93mtokenizers/punkt_tab/english/[0m

  Searched in:
    - 'C:\\Users\\Dickson/nltk_data'
    - 'C:\\Program Files\\WindowsApps\\PythonSoftwareFoundation.Python.3.13_3.13.1008.0_x64__qbz5n2kfra8p0\\nltk_data'
    - 'C:\\Program Files\\WindowsApps\\PythonSoftwareFoundation.Python.3.13_3.13.1008.0_x64__qbz5n2kfra8p0\\share\\nltk_data'
    - 'C:\\Program Files\\WindowsApps\\PythonSoftwareFoundation.Python.3.13_3.13.1008.0_x64__qbz5n2kfra8p0\\lib\\nltk_data'
    - 'C:\\Users\\Dickson\\AppData\\Roaming\\nltk_data'
    - 'C:\\nltk_data'
    - 'D:\\nltk_data'
    - 'E:\\nltk_data'
**********************************************************************

2025-04-28 19:19:46,824 - __main__ - WARNING - NLTK preprocessing failed: 
**********************************************************************
  Resource [93mpunkt_tab[0m not found.
  Please use the NLTK Downloader to obtain the resource:

  [31m>>> import nltk
  >>> nltk.download('punkt_tab')
  [0m
  For more information see: https://www.nltk.org/data.html

  Attempted to load [93mtokenizers/punkt_tab/english/[0m

  Searched in:
    - 'C:\\Users\\Dickson/nltk_data'
    - 'C:\\Program Files\\WindowsApps\\PythonSoftwareFoundation.Python.3.13_3.13.1008.0_x64__qbz5n2kfra8p0\\nltk_data'
    - 'C:\\Program Files\\WindowsApps\\PythonSoftwareFoundation.Python.3.13_3.13.1008.0_x64__qbz5n2kfra8p0\\share\\nltk_data'
    - 'C:\\Program Files\\WindowsApps\\PythonSoftwareFoundation.Python.3.13_3.13.1008.0_x64__qbz5n2kfra8p0\\lib\\nltk_data'
    - 'C:\\Users\\Dickson\\AppData\\Roaming\\nltk_data'
    - 'C:\\nltk_data'
    - 'D:\\nltk_data'
    - 'E:\\nltk_data'
**********************************************************************

2025-04-28 19:19:46,827 - __main__ - WARNING - NLTK preprocessing failed: 
**********************************************************************
  Resource [93mpunkt_tab[0m not found.
  Please use the NLTK Downloader to obtain the resource:

  [31m>>> import nltk
  >>> nltk.download('punkt_tab')
  [0m
  For more information see: https://www.nltk.org/data.html

  Attempted to load [93mtokenizers/punkt_tab/english/[0m

  Searched in:
    - 'C:\\Users\\Dickson/nltk_data'
    - 'C:\\Program Files\\WindowsApps\\PythonSoftwareFoundation.Python.3.13_3.13.1008.0_x64__qbz5n2kfra8p0\\nltk_data'
    - 'C:\\Program Files\\WindowsApps\\PythonSoftwareFoundation.Python.3.13_3.13.1008.0_x64__qbz5n2kfra8p0\\share\\nltk_data'
    - 'C:\\Program Files\\WindowsApps\\PythonSoftwareFoundation.Python.3.13_3.13.1008.0_x64__qbz5n2kfra8p0\\lib\\nltk_data'
    - 'C:\\Users\\Dickson\\AppData\\Roaming\\nltk_data'
    - 'C:\\nltk_data'
    - 'D:\\nltk_data'
    - 'E:\\nltk_data'
**********************************************************************

2025-04-28 19:19:46,830 - __main__ - WARNING - NLTK preprocessing failed: 
**********************************************************************
  Resource [93mpunkt_tab[0m not found.
  Please use the NLTK Downloader to obtain the resource:

  [31m>>> import nltk
  >>> nltk.download('punkt_tab')
  [0m
  For more information see: https://www.nltk.org/data.html

  Attempted to load [93mtokenizers/punkt_tab/english/[0m

  Searched in:
    - 'C:\\Users\\Dickson/nltk_data'
    - 'C:\\Program Files\\WindowsApps\\PythonSoftwareFoundation.Python.3.13_3.13.1008.0_x64__qbz5n2kfra8p0\\nltk_data'
    - 'C:\\Program Files\\WindowsApps\\PythonSoftwareFoundation.Python.3.13_3.13.1008.0_x64__qbz5n2kfra8p0\\share\\nltk_data'
    - 'C:\\Program Files\\WindowsApps\\PythonSoftwareFoundation.Python.3.13_3.13.1008.0_x64__qbz5n2kfra8p0\\lib\\nltk_data'
    - 'C:\\Users\\Dickson\\AppData\\Roaming\\nltk_data'
    - 'C:\\nltk_data'
    - 'D:\\nltk_data'
    - 'E:\\nltk_data'
**********************************************************************

2025-04-28 19:19:46,833 - __main__ - WARNING - NLTK preprocessing failed: 
**********************************************************************
  Resource [93mpunkt_tab[0m not found.
  Please use the NLTK Downloader to obtain the resource:

  [31m>>> import nltk
  >>> nltk.download('punkt_tab')
  [0m
  For more information see: https://www.nltk.org/data.html

  Attempted to load [93mtokenizers/punkt_tab/english/[0m

  Searched in:
    - 'C:\\Users\\Dickson/nltk_data'
    - 'C:\\Program Files\\WindowsApps\\PythonSoftwareFoundation.Python.3.13_3.13.1008.0_x64__qbz5n2kfra8p0\\nltk_data'
    - 'C:\\Program Files\\WindowsApps\\PythonSoftwareFoundation.Python.3.13_3.13.1008.0_x64__qbz5n2kfra8p0\\share\\nltk_data'
    - 'C:\\Program Files\\WindowsApps\\PythonSoftwareFoundation.Python.3.13_3.13.1008.0_x64__qbz5n2kfra8p0\\lib\\nltk_data'
    - 'C:\\Users\\Dickson\\AppData\\Roaming\\nltk_data'
    - 'C:\\nltk_data'
    - 'D:\\nltk_data'
    - 'E:\\nltk_data'
**********************************************************************

2025-04-28 19:19:46,834 - werkzeug - INFO - 127.0.0.1 - - [28/Apr/2025 19:19:46] "GET /get?msg=Hi.how%20are%20you.%20Just%20wanted%20to%20check%20up%20on%20you.%20Hope%20you're%20good. HTTP/1.1" 200 -
2025-04-28 19:20:43,775 - __main__ - INFO - Received file upload request
2025-04-28 19:20:43,780 - __main__ - WARNING - Invalid file format: The two great stages of life JH Dec 16.docx
2025-04-28 19:20:43,780 - werkzeug - INFO - 127.0.0.1 - - [28/Apr/2025 19:20:43] "[31m[1mPOST /upload HTTP/1.1[0m" 400 -
2025-04-28 19:20:44,283 - __main__ - INFO - Received file upload request
2025-04-28 19:20:44,491 - __main__ - WARNING - Invalid file format: The two great stages of life JH Dec 16.docx
2025-04-28 19:20:44,492 - werkzeug - INFO - 127.0.0.1 - - [28/Apr/2025 19:20:44] "[31m[1mPOST /upload HTTP/1.1[0m" 400 -
2025-04-28 19:20:45,000 - __main__ - INFO - Received file upload request
2025-04-28 19:20:45,205 - __main__ - WARNING - Invalid file format: The two great stages of life JH Dec 16.docx
2025-04-28 19:20:45,205 - werkzeug - INFO - 127.0.0.1 - - [28/Apr/2025 19:20:45] "[31m[1mPOST /upload HTTP/1.1[0m" 400 -
2025-04-28 19:20:45,761 - __main__ - INFO - Received file upload request
2025-04-28 19:20:45,919 - __main__ - WARNING - Invalid file format: The two great stages of life JH Dec 16.docx
2025-04-28 19:20:45,920 - werkzeug - INFO - 127.0.0.1 - - [28/Apr/2025 19:20:45] "[31m[1mPOST /upload HTTP/1.1[0m" 400 -
2025-04-28 20:18:02,277 - werkzeug - INFO - 127.0.0.1 - - [28/Apr/2025 20:18:02] "[33mGET /apple-touch-icon-120x120-precomposed.png HTTP/1.1[0m" 404 -
2025-04-28 20:18:02,773 - werkzeug - INFO - 127.0.0.1 - - [28/Apr/2025 20:18:02] "[33mGET /apple-touch-icon-120x120.png HTTP/1.1[0m" 404 -
2025-04-28 20:18:03,271 - werkzeug - INFO - 127.0.0.1 - - [28/Apr/2025 20:18:03] "[33mGET /apple-touch-icon-precomposed.png HTTP/1.1[0m" 404 -
2025-04-28 20:18:03,796 - werkzeug - INFO - 127.0.0.1 - - [28/Apr/2025 20:18:03] "[33mGET /apple-touch-icon.png HTTP/1.1[0m" 404 -
2025-04-28 20:18:04,309 - werkzeug - INFO - 127.0.0.1 - - [28/Apr/2025 20:18:04] "[33mGET /favicon.ico HTTP/1.1[0m" 404 -
2025-04-28 20:18:04,759 - werkzeug - INFO - 127.0.0.1 - - [28/Apr/2025 20:18:04] "[33mGET /apple-touch-icon-120x120-precomposed.png HTTP/1.1[0m" 404 -
2025-04-28 20:18:05,651 - werkzeug - INFO - 127.0.0.1 - - [28/Apr/2025 20:18:05] "[33mGET /apple-touch-icon-120x120.png HTTP/1.1[0m" 404 -
2025-04-28 20:18:07,112 - werkzeug - INFO - 127.0.0.1 - - [28/Apr/2025 20:18:07] "[33mGET /apple-touch-icon-precomposed.png HTTP/1.1[0m" 404 -
2025-04-28 20:18:08,384 - werkzeug - INFO - 127.0.0.1 - - [28/Apr/2025 20:18:08] "[33mGET /apple-touch-icon.png HTTP/1.1[0m" 404 -
2025-04-28 20:18:09,077 - werkzeug - INFO - 127.0.0.1 - - [28/Apr/2025 20:18:09] "[33mGET /favicon.ico HTTP/1.1[0m" 404 -
2025-04-28 20:30:22,919 - werkzeug - INFO -  * Detected change in 'c:\\Users\\Dickson\\OneDrive\\Desktop\\Chat bot\\app.py', reloading
2025-04-28 20:30:22,928 - werkzeug - INFO -  * Detected change in 'c:\\Users\\Dickson\\OneDrive\\Desktop\\Chat bot\\app.py', reloading
2025-04-28 20:30:22,928 - werkzeug - INFO -  * Detected change in 'c:\\Users\\Dickson\\OneDrive\\Desktop\\Chat bot\\app.py', reloading
2025-04-28 20:30:22,929 - werkzeug - INFO -  * Detected change in 'c:\\Users\\Dickson\\OneDrive\\Desktop\\Chat bot\\app.py', reloading
2025-04-28 20:30:24,278 - werkzeug - INFO -  * Restarting with watchdog (windowsapi)
2025-04-28 21:08:48,681 - users - INFO - Generating new RSA key pair for email encryption
2025-04-28 21:08:48,719 - users - INFO - RSA keys generated successfully
2025-04-28 21:09:07,244 - __main__ - WARNING - Transformers library not found. ML-based summarization will not be available.
2025-04-28 21:09:24,042 - __main__ - INFO - NLTK initialized successfully
2025-04-28 21:09:24,071 - __main__ - INFO - Loading knowledge base from knowledge_base.json
2025-04-28 21:09:24,075 - __main__ - INFO - Starting Akoo PDF Summarization Chatbot
2025-04-28 21:09:24,166 - werkzeug - INFO - [31m[1mWARNING: This is a development server. Do not use it in a production deployment. Use a production WSGI server instead.[0m
 * Running on all addresses (0.0.0.0)
 * Running on http://127.0.0.1:5000
 * Running on http://192.168.8.54:5000
2025-04-28 21:09:24,167 - werkzeug - INFO - [33mPress CTRL+C to quit[0m
2025-04-28 21:09:24,268 - werkzeug - INFO -  * Restarting with watchdog (windowsapi)
2025-04-28 21:09:26,449 - __main__ - WARNING - Transformers library not found. ML-based summarization will not be available.
2025-04-28 21:09:28,355 - __main__ - INFO - NLTK initialized successfully
2025-04-28 21:09:28,366 - __main__ - INFO - Loading knowledge base from knowledge_base.json
2025-04-28 21:09:28,370 - __main__ - INFO - Starting Akoo PDF Summarization Chatbot
2025-04-28 21:09:28,382 - werkzeug - WARNING -  * Debugger is active!
2025-04-28 21:09:28,388 - werkzeug - INFO -  * Debugger PIN: 321-018-428
2025-04-28 21:09:51,029 - werkzeug - INFO - 192.168.8.54 - - [28/Apr/2025 21:09:51] "GET / HTTP/1.1" 200 -
2025-04-28 21:09:52,786 - werkzeug - INFO - 192.168.8.54 - - [28/Apr/2025 21:09:52] "[33mGET /favicon.ico HTTP/1.1[0m" 404 -
2025-04-28 21:10:07,847 - werkzeug - INFO - 192.168.8.54 - - [28/Apr/2025 21:10:07] "GET /get?msg=How%20do%20you%20work? HTTP/1.1" 200 -
2025-04-28 21:10:23,518 - werkzeug - INFO - 192.168.8.54 - - [28/Apr/2025 21:10:23] "GET /get?msg=Who%20are%20you? HTTP/1.1" 200 -
2025-04-28 21:11:10,155 - werkzeug - INFO - 192.168.8.54 - - [28/Apr/2025 21:11:10] "[31m[1mGET /login HTTP/1.1[0m" 405 -
2025-04-28 21:14:20,065 - werkzeug - INFO - 127.0.0.1 - - [28/Apr/2025 21:14:20] "GET / HTTP/1.1" 200 -
2025-04-28 21:14:23,244 - werkzeug - INFO - 127.0.0.1 - - [28/Apr/2025 21:14:23] "[33mGET /favicon.ico HTTP/1.1[0m" 404 -
2025-04-28 21:14:24,461 - werkzeug - INFO - 127.0.0.1 - - [28/Apr/2025 21:14:24] "[31m[1mGET /login HTTP/1.1[0m" 405 -
2025-04-28 21:24:43,793 - werkzeug - INFO -  * Detected change in 'c:\\Users\\Dickson\\OneDrive\\Desktop\\Chat bot\\app.py', reloading
2025-04-28 21:24:43,804 - werkzeug - INFO -  * Detected change in 'c:\\Users\\Dickson\\OneDrive\\Desktop\\Chat bot\\app.py', reloading
2025-04-28 21:24:43,805 - werkzeug - INFO -  * Detected change in 'c:\\Users\\Dickson\\OneDrive\\Desktop\\Chat bot\\app.py', reloading
2025-04-28 21:24:45,155 - werkzeug - INFO -  * Restarting with watchdog (windowsapi)
2025-04-28 21:24:47,607 - __main__ - WARNING - Transformers library not found. ML-based summarization will not be available.
2025-04-28 21:24:51,551 - __main__ - INFO - NLTK initialized successfully
2025-04-28 21:24:51,553 - __main__ - INFO - Loading knowledge base from knowledge_base.json
2025-04-28 21:24:51,557 - __main__ - INFO - Starting Akoo PDF Summarization Chatbot
2025-04-28 21:24:51,569 - werkzeug - WARNING -  * Debugger is active!
2025-04-28 21:24:51,573 - werkzeug - INFO -  * Debugger PIN: 321-018-428
2025-04-28 21:26:21,683 - __main__ - WARNING - Transformers library not found. ML-based summarization will not be available.
2025-04-28 21:26:23,867 - __main__ - INFO - NLTK initialized successfully
2025-04-28 21:26:23,868 - __main__ - INFO - Loading knowledge base from knowledge_base.json
2025-04-28 21:26:23,873 - __main__ - INFO - Starting Akoo PDF Summarization Chatbot
2025-04-28 21:26:23,891 - werkzeug - INFO - [31m[1mWARNING: This is a development server. Do not use it in a production deployment. Use a production WSGI server instead.[0m
 * Running on all addresses (0.0.0.0)
 * Running on http://127.0.0.1:5000
 * Running on http://192.168.8.54:5000
2025-04-28 21:26:23,892 - werkzeug - INFO - [33mPress CTRL+C to quit[0m
2025-04-28 21:26:23,903 - werkzeug - INFO -  * Restarting with watchdog (windowsapi)
2025-04-28 21:26:26,055 - __main__ - WARNING - Transformers library not found. ML-based summarization will not be available.
2025-04-28 21:26:27,900 - __main__ - INFO - NLTK initialized successfully
2025-04-28 21:26:27,902 - __main__ - INFO - Loading knowledge base from knowledge_base.json
2025-04-28 21:26:27,906 - __main__ - INFO - Starting Akoo PDF Summarization Chatbot
2025-04-28 21:26:27,919 - werkzeug - WARNING -  * Debugger is active!
2025-04-28 21:26:27,923 - werkzeug - INFO -  * Debugger PIN: 321-018-428
2025-04-28 21:26:32,580 - werkzeug - INFO - 127.0.0.1 - - [28/Apr/2025 21:26:32] "GET /login HTTP/1.1" 200 -
2025-04-28 21:27:44,432 - users - ERROR - Error sending email: (535, b'5.7.8 Username and Password not accepted. For more information, go to\n5.7.8  https://support.google.com/mail/?p=BadCredentials ffacd0b85a97d-3a073cbefc0sm12465015f8f.51 - gsmtp')
2025-04-28 21:27:44,433 - users - WARNING - User registered but email failed to send to edwardabazing.njsma@gmail.com
2025-04-28 21:27:44,434 - werkzeug - INFO - 127.0.0.1 - - [28/Apr/2025 21:27:44] "POST /api/register HTTP/1.1" 200 -
2025-04-28 21:28:29,588 - werkzeug - INFO - 127.0.0.1 - - [28/Apr/2025 21:28:29] "[31m[1mPOST /api/login HTTP/1.1[0m" 401 -
2025-04-28 21:29:20,762 - werkzeug - INFO - 127.0.0.1 - - [28/Apr/2025 21:29:20] "[31m[1mPOST /api/login HTTP/1.1[0m" 401 -
2025-04-28 21:29:23,830 - werkzeug - INFO - 127.0.0.1 - - [28/Apr/2025 21:29:23] "[31m[1mPOST /api/login HTTP/1.1[0m" 401 -
2025-04-28 21:29:27,431 - werkzeug - INFO - 127.0.0.1 - - [28/Apr/2025 21:29:27] "GET /login HTTP/1.1" 200 -
2025-04-28 21:29:43,102 - werkzeug - INFO - 127.0.0.1 - - [28/Apr/2025 21:29:43] "POST /api/register HTTP/1.1" 200 -
2025-04-28 21:53:37,522 - werkzeug - INFO -  * Detected change in 'c:\\Users\\Dickson\\OneDrive\\Desktop\\Chat bot\\users.py', reloading
2025-04-28 21:53:37,925 - werkzeug - INFO -  * Detected change in 'c:\\Users\\Dickson\\OneDrive\\Desktop\\Chat bot\\summarization.py', reloading
2025-04-28 21:53:37,925 - werkzeug - INFO -  * Detected change in 'c:\\Users\\Dickson\\OneDrive\\Desktop\\Chat bot\\language_processor.py', reloading
2025-04-28 21:53:37,934 - werkzeug - INFO -  * Detected change in 'c:\\Users\\Dickson\\OneDrive\\Desktop\\Chat bot\\run.py', reloading
2025-04-28 21:53:38,867 - werkzeug - INFO -  * Restarting with watchdog (windowsapi)
2025-04-28 22:13:57,356 - __main__ - WARNING - Transformers library not found. ML-based summarization will not be available.
2025-04-28 22:14:02,609 - __main__ - INFO - NLTK initialized successfully
2025-04-28 22:14:02,613 - __main__ - INFO - Loading knowledge base from knowledge_base.json
2025-04-28 22:14:02,626 - __main__ - INFO - Starting Akoo PDF Summarization Chatbot
2025-04-28 22:14:02,680 - werkzeug - INFO - [31m[1mWARNING: This is a development server. Do not use it in a production deployment. Use a production WSGI server instead.[0m
 * Running on all addresses (0.0.0.0)
 * Running on http://127.0.0.1:5000
 * Running on http://192.168.8.54:5000
2025-04-28 22:14:02,682 - werkzeug - INFO - [33mPress CTRL+C to quit[0m
2025-04-28 22:14:02,716 - werkzeug - INFO -  * Restarting with watchdog (windowsapi)
2025-04-28 22:14:06,038 - __main__ - WARNING - Transformers library not found. ML-based summarization will not be available.
2025-04-28 22:14:09,425 - __main__ - INFO - NLTK initialized successfully
2025-04-28 22:14:09,431 - __main__ - INFO - Loading knowledge base from knowledge_base.json
2025-04-28 22:14:09,443 - __main__ - INFO - Starting Akoo PDF Summarization Chatbot
2025-04-28 22:14:09,484 - werkzeug - WARNING -  * Debugger is active!
2025-04-28 22:14:09,498 - werkzeug - INFO -  * Debugger PIN: 321-018-428
2025-04-28 22:14:37,156 - werkzeug - INFO - 127.0.0.1 - - [28/Apr/2025 22:14:37] "[33mGET /login HTTP/1.1[0m" 404 -
2025-04-28 22:14:39,949 - werkzeug - INFO - 127.0.0.1 - - [28/Apr/2025 22:14:39] "[33mGET /login HTTP/1.1[0m" 404 -
2025-04-28 22:16:25,862 - werkzeug - INFO - 127.0.0.1 - - [28/Apr/2025 22:16:25] "GET / HTTP/1.1" 200 -
2025-04-28 22:16:29,795 - werkzeug - INFO - 127.0.0.1 - - [28/Apr/2025 22:16:29] "[33mGET /favicon.ico HTTP/1.1[0m" 404 -
2025-04-28 22:17:03,603 - werkzeug - INFO - 127.0.0.1 - - [28/Apr/2025 22:17:03] "GET / HTTP/1.1" 200 -
2025-04-28 22:17:42,996 - werkzeug - INFO - 127.0.0.1 - - [28/Apr/2025 22:17:42] "GET / HTTP/1.1" 200 -
2025-04-28 22:28:20,015 - werkzeug - INFO - 127.0.0.1 - - [28/Apr/2025 22:28:20] "GET / HTTP/1.1" 200 -
2025-04-28 22:28:27,223 - werkzeug - INFO - 127.0.0.1 - - [28/Apr/2025 22:28:27] "GET / HTTP/1.1" 200 -
2025-04-28 22:28:37,807 - werkzeug - INFO - 127.0.0.1 - - [28/Apr/2025 22:28:37] "GET / HTTP/1.1" 200 -
2025-04-28 22:28:45,625 - werkzeug - INFO - 127.0.0.1 - - [28/Apr/2025 22:28:45] "GET / HTTP/1.1" 200 -
2025-04-28 22:29:03,140 - __main__ - WARNING - Transformers library not found. ML-based summarization will not be available.
2025-04-28 22:29:08,639 - __main__ - INFO - NLTK initialized successfully
2025-04-28 22:29:08,642 - __main__ - INFO - Loading knowledge base from knowledge_base.json
2025-04-28 22:29:08,646 - __main__ - INFO - Starting Akoo PDF Summarization Chatbot
2025-04-28 22:29:08,694 - werkzeug - INFO - [31m[1mWARNING: This is a development server. Do not use it in a production deployment. Use a production WSGI server instead.[0m
 * Running on all addresses (0.0.0.0)
 * Running on http://127.0.0.1:5000
 * Running on http://192.168.8.54:5000
2025-04-28 22:29:08,695 - werkzeug - INFO - [33mPress CTRL+C to quit[0m
2025-04-28 22:29:08,724 - werkzeug - INFO -  * Restarting with watchdog (windowsapi)
2025-04-28 22:29:12,391 - __main__ - WARNING - Transformers library not found. ML-based summarization will not be available.
2025-04-28 22:29:15,925 - __main__ - INFO - NLTK initialized successfully
2025-04-28 22:29:15,929 - __main__ - INFO - Loading knowledge base from knowledge_base.json
2025-04-28 22:29:15,936 - __main__ - INFO - Starting Akoo PDF Summarization Chatbot
2025-04-28 22:29:15,964 - werkzeug - WARNING -  * Debugger is active!
2025-04-28 22:29:15,974 - werkzeug - INFO -  * Debugger PIN: 321-018-428
2025-04-28 22:29:31,192 - werkzeug - INFO - 127.0.0.1 - - [28/Apr/2025 22:29:31] "GET / HTTP/1.1" 200 -
2025-04-28 22:30:40,154 - werkzeug - INFO - 127.0.0.1 - - [28/Apr/2025 22:30:40] "GET / HTTP/1.1" 200 -
2025-04-28 22:30:42,391 - werkzeug - INFO - 127.0.0.1 - - [28/Apr/2025 22:30:42] "[33mGET /favicon.ico HTTP/1.1[0m" 404 -
2025-04-28 22:31:06,685 - werkzeug - INFO - 127.0.0.1 - - [28/Apr/2025 22:31:06] "GET / HTTP/1.1" 200 -
2025-04-28 22:37:10,603 - __main__ - WARNING - Transformers library not found. ML-based summarization will not be available.
2025-04-28 22:37:15,705 - __main__ - INFO - NLTK initialized successfully
2025-04-28 22:37:15,710 - __main__ - INFO - Loading knowledge base from knowledge_base.json
2025-04-28 22:37:15,718 - __main__ - INFO - Starting Akoo PDF Summarization Chatbot
2025-04-28 22:37:15,752 - werkzeug - INFO - [31m[1mWARNING: This is a development server. Do not use it in a production deployment. Use a production WSGI server instead.[0m
 * Running on all addresses (0.0.0.0)
 * Running on http://127.0.0.1:5000
 * Running on http://192.168.8.54:5000
2025-04-28 22:37:15,753 - werkzeug - INFO - [33mPress CTRL+C to quit[0m
2025-04-28 22:37:15,772 - werkzeug - INFO -  * Restarting with watchdog (windowsapi)
2025-04-28 22:37:19,417 - __main__ - WARNING - Transformers library not found. ML-based summarization will not be available.
2025-04-28 22:37:23,122 - __main__ - INFO - NLTK initialized successfully
2025-04-28 22:37:23,129 - __main__ - INFO - Loading knowledge base from knowledge_base.json
2025-04-28 22:37:23,141 - __main__ - INFO - Starting Akoo PDF Summarization Chatbot
2025-04-28 22:37:23,187 - werkzeug - WARNING -  * Debugger is active!
2025-04-28 22:37:23,206 - werkzeug - INFO -  * Debugger PIN: 321-018-428
2025-04-28 22:37:41,143 - werkzeug - INFO - 127.0.0.1 - - [28/Apr/2025 22:37:41] "GET / HTTP/1.1" 200 -
2025-04-28 22:37:45,205 - werkzeug - INFO - 127.0.0.1 - - [28/Apr/2025 22:37:45] "GET /get?msg=Hello%20there! HTTP/1.1" 200 -
2025-04-28 22:37:52,949 - werkzeug - INFO - 127.0.0.1 - - [28/Apr/2025 22:37:52] "GET /get?msg=Who%20are%20you? HTTP/1.1" 200 -
2025-04-28 22:37:58,583 - werkzeug - INFO - 127.0.0.1 - - [28/Apr/2025 22:37:58] "GET /get?msg=How%20do%20you%20work? HTTP/1.1" 200 -
2025-04-28 22:38:35,610 - __main__ - INFO - Received file upload request
2025-04-28 22:38:36,596 - __main__ - INFO - Processing file: Mastering_Predictive_Analytics_with_R_James_D_Miller,_Rui_Miguel.pdf
2025-04-28 22:38:38,171 - __main__ - INFO - Processing progress: {'status': 'processing', 'progress': 10, 'message': 'Starting document extraction...'}
2025-04-28 22:38:38,173 - __main__ - INFO - Requested summary: 1000 sentences, paragraph format, academic type
2025-04-28 22:38:38,177 - __main__ - INFO - Starting asynchronous processing of uploads\a88dde09e1d73d08837299ce967b1d53.pdf
2025-04-28 22:38:38,189 - werkzeug - INFO - 127.0.0.1 - - [28/Apr/2025 22:38:38] "POST /upload HTTP/1.1" 200 -
2025-04-28 22:38:38,210 - werkzeug - INFO - 127.0.0.1 - - [28/Apr/2025 22:38:38] "GET /status/0006161789b520bfd1a685e76f76e3ff HTTP/1.1" 200 -
2025-04-28 22:38:40,253 - werkzeug - INFO - 127.0.0.1 - - [28/Apr/2025 22:38:40] "GET /status/0006161789b520bfd1a685e76f76e3ff HTTP/1.1" 200 -
2025-04-28 22:38:42,319 - werkzeug - INFO - 127.0.0.1 - - [28/Apr/2025 22:38:42] "GET /status/0006161789b520bfd1a685e76f76e3ff HTTP/1.1" 200 -
2025-04-28 22:38:44,425 - werkzeug - INFO - 127.0.0.1 - - [28/Apr/2025 22:38:44] "GET /status/0006161789b520bfd1a685e76f76e3ff HTTP/1.1" 200 -
2025-04-28 22:38:46,505 - werkzeug - INFO - 127.0.0.1 - - [28/Apr/2025 22:38:46] "GET /status/0006161789b520bfd1a685e76f76e3ff HTTP/1.1" 200 -
2025-04-28 22:38:48,574 - werkzeug - INFO - 127.0.0.1 - - [28/Apr/2025 22:38:48] "GET /status/0006161789b520bfd1a685e76f76e3ff HTTP/1.1" 200 -
2025-04-28 22:38:50,656 - werkzeug - INFO - 127.0.0.1 - - [28/Apr/2025 22:38:50] "GET /status/0006161789b520bfd1a685e76f76e3ff HTTP/1.1" 200 -
2025-04-28 22:38:52,720 - werkzeug - INFO - 127.0.0.1 - - [28/Apr/2025 22:38:52] "GET /status/0006161789b520bfd1a685e76f76e3ff HTTP/1.1" 200 -
2025-04-28 22:38:54,805 - werkzeug - INFO - 127.0.0.1 - - [28/Apr/2025 22:38:54] "GET /status/0006161789b520bfd1a685e76f76e3ff HTTP/1.1" 200 -
2025-04-28 22:38:56,871 - werkzeug - INFO - 127.0.0.1 - - [28/Apr/2025 22:38:56] "GET /status/0006161789b520bfd1a685e76f76e3ff HTTP/1.1" 200 -
2025-04-28 22:38:58,010 - __main__ - INFO - Successfully extracted 857521 characters with PyPDF2
2025-04-28 22:38:59,372 - werkzeug - INFO - 127.0.0.1 - - [28/Apr/2025 22:38:59] "GET /status/0006161789b520bfd1a685e76f76e3ff HTTP/1.1" 200 -
2025-04-28 22:39:02,061 - werkzeug - INFO - 127.0.0.1 - - [28/Apr/2025 22:39:02] "GET /status/0006161789b520bfd1a685e76f76e3ff HTTP/1.1" 200 -
2025-04-28 22:39:04,403 - werkzeug - INFO - 127.0.0.1 - - [28/Apr/2025 22:39:04] "GET /status/0006161789b520bfd1a685e76f76e3ff HTTP/1.1" 200 -
2025-04-28 22:39:04,930 - summarization - WARNING - NLTK sentence tokenization failed: 
**********************************************************************
  Resource [93mpunkt_tab[0m not found.
  Please use the NLTK Downloader to obtain the resource:

  [31m>>> import nltk
  >>> nltk.download('punkt_tab')
  [0m
  For more information see: https://www.nltk.org/data.html

  Attempted to load [93mtokenizers/punkt_tab/english/[0m

  Searched in:
    - 'C:\\Users\\Dickson/nltk_data'
    - 'C:\\Program Files\\WindowsApps\\PythonSoftwareFoundation.Python.3.13_3.13.1008.0_x64__qbz5n2kfra8p0\\nltk_data'
    - 'C:\\Program Files\\WindowsApps\\PythonSoftwareFoundation.Python.3.13_3.13.1008.0_x64__qbz5n2kfra8p0\\share\\nltk_data'
    - 'C:\\Program Files\\WindowsApps\\PythonSoftwareFoundation.Python.3.13_3.13.1008.0_x64__qbz5n2kfra8p0\\lib\\nltk_data'
    - 'C:\\Users\\Dickson\\AppData\\Roaming\\nltk_data'
    - 'C:\\nltk_data'
    - 'D:\\nltk_data'
    - 'E:\\nltk_data'
**********************************************************************

2025-04-28 22:39:04,986 - summarization - INFO - Regex tokenization found 4370 sentences
2025-04-28 22:39:04,997 - summarization - WARNING - NLTK sentence tokenization failed: 
**********************************************************************
  Resource [93mpunkt_tab[0m not found.
  Please use the NLTK Downloader to obtain the resource:

  [31m>>> import nltk
  >>> nltk.download('punkt_tab')
  [0m
  For more information see: https://www.nltk.org/data.html

  Attempted to load [93mtokenizers/punkt_tab/english/[0m

  Searched in:
    - 'C:\\Users\\Dickson/nltk_data'
    - 'C:\\Program Files\\WindowsApps\\PythonSoftwareFoundation.Python.3.13_3.13.1008.0_x64__qbz5n2kfra8p0\\nltk_data'
    - 'C:\\Program Files\\WindowsApps\\PythonSoftwareFoundation.Python.3.13_3.13.1008.0_x64__qbz5n2kfra8p0\\share\\nltk_data'
    - 'C:\\Program Files\\WindowsApps\\PythonSoftwareFoundation.Python.3.13_3.13.1008.0_x64__qbz5n2kfra8p0\\lib\\nltk_data'
    - 'C:\\Users\\Dickson\\AppData\\Roaming\\nltk_data'
    - 'C:\\nltk_data'
    - 'D:\\nltk_data'
    - 'E:\\nltk_data'
**********************************************************************

2025-04-28 22:39:05,003 - summarization - INFO - Regex tokenization found 289 sentences
2025-04-28 22:39:05,014 - summarization - WARNING - NLTK sentence tokenization failed: 
**********************************************************************
  Resource [93mpunkt_tab[0m not found.
  Please use the NLTK Downloader to obtain the resource:

  [31m>>> import nltk
  >>> nltk.download('punkt_tab')
  [0m
  For more information see: https://www.nltk.org/data.html

  Attempted to load [93mtokenizers/punkt_tab/english/[0m

  Searched in:
    - 'C:\\Users\\Dickson/nltk_data'
    - 'C:\\Program Files\\WindowsApps\\PythonSoftwareFoundation.Python.3.13_3.13.1008.0_x64__qbz5n2kfra8p0\\nltk_data'
    - 'C:\\Program Files\\WindowsApps\\PythonSoftwareFoundation.Python.3.13_3.13.1008.0_x64__qbz5n2kfra8p0\\share\\nltk_data'
    - 'C:\\Program Files\\WindowsApps\\PythonSoftwareFoundation.Python.3.13_3.13.1008.0_x64__qbz5n2kfra8p0\\lib\\nltk_data'
    - 'C:\\Users\\Dickson\\AppData\\Roaming\\nltk_data'
    - 'C:\\nltk_data'
    - 'D:\\nltk_data'
    - 'E:\\nltk_data'
**********************************************************************

2025-04-28 22:39:05,017 - summarization - INFO - Regex tokenization found 3 sentences
2025-04-28 22:39:05,029 - summarization - WARNING - NLTK sentence tokenization failed: 
**********************************************************************
  Resource [93mpunkt_tab[0m not found.
  Please use the NLTK Downloader to obtain the resource:

  [31m>>> import nltk
  >>> nltk.download('punkt_tab')
  [0m
  For more information see: https://www.nltk.org/data.html

  Attempted to load [93mtokenizers/punkt_tab/english/[0m

  Searched in:
    - 'C:\\Users\\Dickson/nltk_data'
    - 'C:\\Program Files\\WindowsApps\\PythonSoftwareFoundation.Python.3.13_3.13.1008.0_x64__qbz5n2kfra8p0\\nltk_data'
    - 'C:\\Program Files\\WindowsApps\\PythonSoftwareFoundation.Python.3.13_3.13.1008.0_x64__qbz5n2kfra8p0\\share\\nltk_data'
    - 'C:\\Program Files\\WindowsApps\\PythonSoftwareFoundation.Python.3.13_3.13.1008.0_x64__qbz5n2kfra8p0\\lib\\nltk_data'
    - 'C:\\Users\\Dickson\\AppData\\Roaming\\nltk_data'
    - 'C:\\nltk_data'
    - 'D:\\nltk_data'
    - 'E:\\nltk_data'
**********************************************************************

2025-04-28 22:39:05,031 - summarization - INFO - Regex tokenization found 12 sentences
2025-04-28 22:39:05,044 - summarization - WARNING - NLTK sentence tokenization failed: 
**********************************************************************
  Resource [93mpunkt_tab[0m not found.
  Please use the NLTK Downloader to obtain the resource:

  [31m>>> import nltk
  >>> nltk.download('punkt_tab')
  [0m
  For more information see: https://www.nltk.org/data.html

  Attempted to load [93mtokenizers/punkt_tab/english/[0m

  Searched in:
    - 'C:\\Users\\Dickson/nltk_data'
    - 'C:\\Program Files\\WindowsApps\\PythonSoftwareFoundation.Python.3.13_3.13.1008.0_x64__qbz5n2kfra8p0\\nltk_data'
    - 'C:\\Program Files\\WindowsApps\\PythonSoftwareFoundation.Python.3.13_3.13.1008.0_x64__qbz5n2kfra8p0\\share\\nltk_data'
    - 'C:\\Program Files\\WindowsApps\\PythonSoftwareFoundation.Python.3.13_3.13.1008.0_x64__qbz5n2kfra8p0\\lib\\nltk_data'
    - 'C:\\Users\\Dickson\\AppData\\Roaming\\nltk_data'
    - 'C:\\nltk_data'
    - 'D:\\nltk_data'
    - 'E:\\nltk_data'
**********************************************************************

2025-04-28 22:39:05,046 - summarization - INFO - Regex tokenization found 19 sentences
2025-04-28 22:39:05,067 - summarization - WARNING - NLTK sentence tokenization failed: 
**********************************************************************
  Resource [93mpunkt_tab[0m not found.
  Please use the NLTK Downloader to obtain the resource:

  [31m>>> import nltk
  >>> nltk.download('punkt_tab')
  [0m
  For more information see: https://www.nltk.org/data.html

  Attempted to load [93mtokenizers/punkt_tab/english/[0m

  Searched in:
    - 'C:\\Users\\Dickson/nltk_data'
    - 'C:\\Program Files\\WindowsApps\\PythonSoftwareFoundation.Python.3.13_3.13.1008.0_x64__qbz5n2kfra8p0\\nltk_data'
    - 'C:\\Program Files\\WindowsApps\\PythonSoftwareFoundation.Python.3.13_3.13.1008.0_x64__qbz5n2kfra8p0\\share\\nltk_data'
    - 'C:\\Program Files\\WindowsApps\\PythonSoftwareFoundation.Python.3.13_3.13.1008.0_x64__qbz5n2kfra8p0\\lib\\nltk_data'
    - 'C:\\Users\\Dickson\\AppData\\Roaming\\nltk_data'
    - 'C:\\nltk_data'
    - 'D:\\nltk_data'
    - 'E:\\nltk_data'
**********************************************************************

2025-04-28 22:39:05,069 - summarization - INFO - Regex tokenization found 1 sentences
2025-04-28 22:39:05,077 - summarization - WARNING - NLTK sentence tokenization failed: 
**********************************************************************
  Resource [93mpunkt_tab[0m not found.
  Please use the NLTK Downloader to obtain the resource:

  [31m>>> import nltk
  >>> nltk.download('punkt_tab')
  [0m
  For more information see: https://www.nltk.org/data.html

  Attempted to load [93mtokenizers/punkt_tab/english/[0m

  Searched in:
    - 'C:\\Users\\Dickson/nltk_data'
    - 'C:\\Program Files\\WindowsApps\\PythonSoftwareFoundation.Python.3.13_3.13.1008.0_x64__qbz5n2kfra8p0\\nltk_data'
    - 'C:\\Program Files\\WindowsApps\\PythonSoftwareFoundation.Python.3.13_3.13.1008.0_x64__qbz5n2kfra8p0\\share\\nltk_data'
    - 'C:\\Program Files\\WindowsApps\\PythonSoftwareFoundation.Python.3.13_3.13.1008.0_x64__qbz5n2kfra8p0\\lib\\nltk_data'
    - 'C:\\Users\\Dickson\\AppData\\Roaming\\nltk_data'
    - 'C:\\nltk_data'
    - 'D:\\nltk_data'
    - 'E:\\nltk_data'
**********************************************************************

2025-04-28 22:39:05,082 - summarization - INFO - Regex tokenization found 289 sentences
2025-04-28 22:39:05,091 - summarization - WARNING - NLTK sentence tokenization failed: 
**********************************************************************
  Resource [93mpunkt_tab[0m not found.
  Please use the NLTK Downloader to obtain the resource:

  [31m>>> import nltk
  >>> nltk.download('punkt_tab')
  [0m
  For more information see: https://www.nltk.org/data.html

  Attempted to load [93mtokenizers/punkt_tab/english/[0m

  Searched in:
    - 'C:\\Users\\Dickson/nltk_data'
    - 'C:\\Program Files\\WindowsApps\\PythonSoftwareFoundation.Python.3.13_3.13.1008.0_x64__qbz5n2kfra8p0\\nltk_data'
    - 'C:\\Program Files\\WindowsApps\\PythonSoftwareFoundation.Python.3.13_3.13.1008.0_x64__qbz5n2kfra8p0\\share\\nltk_data'
    - 'C:\\Program Files\\WindowsApps\\PythonSoftwareFoundation.Python.3.13_3.13.1008.0_x64__qbz5n2kfra8p0\\lib\\nltk_data'
    - 'C:\\Users\\Dickson\\AppData\\Roaming\\nltk_data'
    - 'C:\\nltk_data'
    - 'D:\\nltk_data'
    - 'E:\\nltk_data'
**********************************************************************

2025-04-28 22:39:05,146 - summarization - INFO - Regex tokenization found 4370 sentences
2025-04-28 22:39:05,172 - summarization - ERROR - Error calculating term frequency: 
**********************************************************************
  Resource [93mpunkt_tab[0m not found.
  Please use the NLTK Downloader to obtain the resource:

  [31m>>> import nltk
  >>> nltk.download('punkt_tab')
  [0m
  For more information see: https://www.nltk.org/data.html

  Attempted to load [93mtokenizers/punkt_tab/english/[0m

  Searched in:
    - 'C:\\Users\\Dickson/nltk_data'
    - 'C:\\Program Files\\WindowsApps\\PythonSoftwareFoundation.Python.3.13_3.13.1008.0_x64__qbz5n2kfra8p0\\nltk_data'
    - 'C:\\Program Files\\WindowsApps\\PythonSoftwareFoundation.Python.3.13_3.13.1008.0_x64__qbz5n2kfra8p0\\share\\nltk_data'
    - 'C:\\Program Files\\WindowsApps\\PythonSoftwareFoundation.Python.3.13_3.13.1008.0_x64__qbz5n2kfra8p0\\lib\\nltk_data'
    - 'C:\\Users\\Dickson\\AppData\\Roaming\\nltk_data'
    - 'C:\\nltk_data'
    - 'D:\\nltk_data'
    - 'E:\\nltk_data'
**********************************************************************

2025-04-28 22:39:05,404 - summarization - ERROR - Error calculating TF-IDF scores: 
**********************************************************************
  Resource [93mpunkt_tab[0m not found.
  Please use the NLTK Downloader to obtain the resource:

  [31m>>> import nltk
  >>> nltk.download('punkt_tab')
  [0m
  For more information see: https://www.nltk.org/data.html

  Attempted to load [93mtokenizers/punkt_tab/english/[0m

  Searched in:
    - 'C:\\Users\\Dickson/nltk_data'
    - 'C:\\Program Files\\WindowsApps\\PythonSoftwareFoundation.Python.3.13_3.13.1008.0_x64__qbz5n2kfra8p0\\nltk_data'
    - 'C:\\Program Files\\WindowsApps\\PythonSoftwareFoundation.Python.3.13_3.13.1008.0_x64__qbz5n2kfra8p0\\share\\nltk_data'
    - 'C:\\Program Files\\WindowsApps\\PythonSoftwareFoundation.Python.3.13_3.13.1008.0_x64__qbz5n2kfra8p0\\lib\\nltk_data'
    - 'C:\\Users\\Dickson\\AppData\\Roaming\\nltk_data'
    - 'C:\\nltk_data'
    - 'D:\\nltk_data'
    - 'E:\\nltk_data'
**********************************************************************

2025-04-28 22:39:06,671 - werkzeug - INFO - 127.0.0.1 - - [28/Apr/2025 22:39:06] "GET /status/0006161789b520bfd1a685e76f76e3ff HTTP/1.1" 200 -
2025-04-28 22:39:07,338 - summarization - WARNING - NLTK sentence tokenization failed: 
**********************************************************************
  Resource [93mpunkt_tab[0m not found.
  Please use the NLTK Downloader to obtain the resource:

  [31m>>> import nltk
  >>> nltk.download('punkt_tab')
  [0m
  For more information see: https://www.nltk.org/data.html

  Attempted to load [93mtokenizers/punkt_tab/english/[0m

  Searched in:
    - 'C:\\Users\\Dickson/nltk_data'
    - 'C:\\Program Files\\WindowsApps\\PythonSoftwareFoundation.Python.3.13_3.13.1008.0_x64__qbz5n2kfra8p0\\nltk_data'
    - 'C:\\Program Files\\WindowsApps\\PythonSoftwareFoundation.Python.3.13_3.13.1008.0_x64__qbz5n2kfra8p0\\share\\nltk_data'
    - 'C:\\Program Files\\WindowsApps\\PythonSoftwareFoundation.Python.3.13_3.13.1008.0_x64__qbz5n2kfra8p0\\lib\\nltk_data'
    - 'C:\\Users\\Dickson\\AppData\\Roaming\\nltk_data'
    - 'C:\\nltk_data'
    - 'D:\\nltk_data'
    - 'E:\\nltk_data'
**********************************************************************

2025-04-28 22:39:07,397 - summarization - INFO - Regex tokenization found 4370 sentences
2025-04-28 22:39:08,844 - werkzeug - INFO - 127.0.0.1 - - [28/Apr/2025 22:39:08] "GET /status/0006161789b520bfd1a685e76f76e3ff HTTP/1.1" 200 -
2025-04-28 22:39:11,053 - werkzeug - INFO - 127.0.0.1 - - [28/Apr/2025 22:39:11] "GET /status/0006161789b520bfd1a685e76f76e3ff HTTP/1.1" 200 -
2025-04-28 22:39:11,709 - summarization - ERROR - Error calculating term frequency: 
**********************************************************************
  Resource [93mpunkt_tab[0m not found.
  Please use the NLTK Downloader to obtain the resource:

  [31m>>> import nltk
  >>> nltk.download('punkt_tab')
  [0m
  For more information see: https://www.nltk.org/data.html

  Attempted to load [93mtokenizers/punkt_tab/english/[0m

  Searched in:
    - 'C:\\Users\\Dickson/nltk_data'
    - 'C:\\Program Files\\WindowsApps\\PythonSoftwareFoundation.Python.3.13_3.13.1008.0_x64__qbz5n2kfra8p0\\nltk_data'
    - 'C:\\Program Files\\WindowsApps\\PythonSoftwareFoundation.Python.3.13_3.13.1008.0_x64__qbz5n2kfra8p0\\share\\nltk_data'
    - 'C:\\Program Files\\WindowsApps\\PythonSoftwareFoundation.Python.3.13_3.13.1008.0_x64__qbz5n2kfra8p0\\lib\\nltk_data'
    - 'C:\\Users\\Dickson\\AppData\\Roaming\\nltk_data'
    - 'C:\\nltk_data'
    - 'D:\\nltk_data'
    - 'E:\\nltk_data'
**********************************************************************

2025-04-28 22:39:11,945 - summarization - ERROR - Error calculating TF-IDF scores: 
**********************************************************************
  Resource [93mpunkt_tab[0m not found.
  Please use the NLTK Downloader to obtain the resource:

  [31m>>> import nltk
  >>> nltk.download('punkt_tab')
  [0m
  For more information see: https://www.nltk.org/data.html

  Attempted to load [93mtokenizers/punkt_tab/english/[0m

  Searched in:
    - 'C:\\Users\\Dickson/nltk_data'
    - 'C:\\Program Files\\WindowsApps\\PythonSoftwareFoundation.Python.3.13_3.13.1008.0_x64__qbz5n2kfra8p0\\nltk_data'
    - 'C:\\Program Files\\WindowsApps\\PythonSoftwareFoundation.Python.3.13_3.13.1008.0_x64__qbz5n2kfra8p0\\share\\nltk_data'
    - 'C:\\Program Files\\WindowsApps\\PythonSoftwareFoundation.Python.3.13_3.13.1008.0_x64__qbz5n2kfra8p0\\lib\\nltk_data'
    - 'C:\\Users\\Dickson\\AppData\\Roaming\\nltk_data'
    - 'C:\\nltk_data'
    - 'D:\\nltk_data'
    - 'E:\\nltk_data'
**********************************************************************

2025-04-28 22:39:12,028 - summarization - WARNING - NLTK sentence tokenization failed: 
**********************************************************************
  Resource [93mpunkt_tab[0m not found.
  Please use the NLTK Downloader to obtain the resource:

  [31m>>> import nltk
  >>> nltk.download('punkt_tab')
  [0m
  For more information see: https://www.nltk.org/data.html

  Attempted to load [93mtokenizers/punkt_tab/english/[0m

  Searched in:
    - 'C:\\Users\\Dickson/nltk_data'
    - 'C:\\Program Files\\WindowsApps\\PythonSoftwareFoundation.Python.3.13_3.13.1008.0_x64__qbz5n2kfra8p0\\nltk_data'
    - 'C:\\Program Files\\WindowsApps\\PythonSoftwareFoundation.Python.3.13_3.13.1008.0_x64__qbz5n2kfra8p0\\share\\nltk_data'
    - 'C:\\Program Files\\WindowsApps\\PythonSoftwareFoundation.Python.3.13_3.13.1008.0_x64__qbz5n2kfra8p0\\lib\\nltk_data'
    - 'C:\\Users\\Dickson\\AppData\\Roaming\\nltk_data'
    - 'C:\\nltk_data'
    - 'D:\\nltk_data'
    - 'E:\\nltk_data'
**********************************************************************

2025-04-28 22:39:12,031 - summarization - INFO - Regex tokenization found 19 sentences
2025-04-28 22:39:12,090 - summarization - WARNING - NLTK sentence tokenization failed: 
**********************************************************************
  Resource [93mpunkt_tab[0m not found.
  Please use the NLTK Downloader to obtain the resource:

  [31m>>> import nltk
  >>> nltk.download('punkt_tab')
  [0m
  For more information see: https://www.nltk.org/data.html

  Attempted to load [93mtokenizers/punkt_tab/english/[0m

  Searched in:
    - 'C:\\Users\\Dickson/nltk_data'
    - 'C:\\Program Files\\WindowsApps\\PythonSoftwareFoundation.Python.3.13_3.13.1008.0_x64__qbz5n2kfra8p0\\nltk_data'
    - 'C:\\Program Files\\WindowsApps\\PythonSoftwareFoundation.Python.3.13_3.13.1008.0_x64__qbz5n2kfra8p0\\share\\nltk_data'
    - 'C:\\Program Files\\WindowsApps\\PythonSoftwareFoundation.Python.3.13_3.13.1008.0_x64__qbz5n2kfra8p0\\lib\\nltk_data'
    - 'C:\\Users\\Dickson\\AppData\\Roaming\\nltk_data'
    - 'C:\\nltk_data'
    - 'D:\\nltk_data'
    - 'E:\\nltk_data'
**********************************************************************

2025-04-28 22:39:12,095 - summarization - INFO - Regex tokenization found 289 sentences
2025-04-28 22:39:12,112 - summarization - WARNING - NLTK sentence tokenization failed: 
**********************************************************************
  Resource [93mpunkt_tab[0m not found.
  Please use the NLTK Downloader to obtain the resource:

  [31m>>> import nltk
  >>> nltk.download('punkt_tab')
  [0m
  For more information see: https://www.nltk.org/data.html

  Attempted to load [93mtokenizers/punkt_tab/english/[0m

  Searched in:
    - 'C:\\Users\\Dickson/nltk_data'
    - 'C:\\Program Files\\WindowsApps\\PythonSoftwareFoundation.Python.3.13_3.13.1008.0_x64__qbz5n2kfra8p0\\nltk_data'
    - 'C:\\Program Files\\WindowsApps\\PythonSoftwareFoundation.Python.3.13_3.13.1008.0_x64__qbz5n2kfra8p0\\share\\nltk_data'
    - 'C:\\Program Files\\WindowsApps\\PythonSoftwareFoundation.Python.3.13_3.13.1008.0_x64__qbz5n2kfra8p0\\lib\\nltk_data'
    - 'C:\\Users\\Dickson\\AppData\\Roaming\\nltk_data'
    - 'C:\\nltk_data'
    - 'D:\\nltk_data'
    - 'E:\\nltk_data'
**********************************************************************

2025-04-28 22:39:12,129 - summarization - INFO - Regex tokenization found 338 sentences
2025-04-28 22:39:12,674 - __main__ - DEBUG - Removed temporary file: uploads\a88dde09e1d73d08837299ce967b1d53.pdf
2025-04-28 22:39:13,167 - werkzeug - INFO - 127.0.0.1 - - [28/Apr/2025 22:39:13] "GET /status/0006161789b520bfd1a685e76f76e3ff HTTP/1.1" 200 -
2025-04-28 22:42:10,582 - __main__ - INFO - Received file upload request
2025-04-28 22:42:10,601 - __main__ - INFO - Processing file: 1-s2.0-S0048969718331218-main_2.pdf
2025-04-28 22:42:10,613 - __main__ - INFO - Processing progress: {'status': 'processing', 'progress': 10, 'message': 'Starting document extraction...'}
2025-04-28 22:42:10,615 - __main__ - INFO - Requested summary: 1000 sentences, paragraph format, academic type
2025-04-28 22:42:10,619 - __main__ - INFO - Starting asynchronous processing of uploads\846f4c1efe1ed6d692b7ac10c6b52b66.pdf
2025-04-28 22:42:10,623 - werkzeug - INFO - 127.0.0.1 - - [28/Apr/2025 22:42:10] "POST /upload HTTP/1.1" 200 -
2025-04-28 22:42:10,649 - werkzeug - INFO - 127.0.0.1 - - [28/Apr/2025 22:42:10] "GET /status/8da551de6a0c844a765c52cc52ef0510 HTTP/1.1" 200 -
2025-04-28 22:42:12,663 - __main__ - INFO - Successfully extracted 44421 characters with PyPDF2
2025-04-28 22:42:12,740 - werkzeug - INFO - 127.0.0.1 - - [28/Apr/2025 22:42:12] "GET /status/8da551de6a0c844a765c52cc52ef0510 HTTP/1.1" 200 -
2025-04-28 22:42:13,115 - summarization - WARNING - NLTK sentence tokenization failed: 
**********************************************************************
  Resource [93mpunkt_tab[0m not found.
  Please use the NLTK Downloader to obtain the resource:

  [31m>>> import nltk
  >>> nltk.download('punkt_tab')
  [0m
  For more information see: https://www.nltk.org/data.html

  Attempted to load [93mtokenizers/punkt_tab/english/[0m

  Searched in:
    - 'C:\\Users\\Dickson/nltk_data'
    - 'C:\\Program Files\\WindowsApps\\PythonSoftwareFoundation.Python.3.13_3.13.1008.0_x64__qbz5n2kfra8p0\\nltk_data'
    - 'C:\\Program Files\\WindowsApps\\PythonSoftwareFoundation.Python.3.13_3.13.1008.0_x64__qbz5n2kfra8p0\\share\\nltk_data'
    - 'C:\\Program Files\\WindowsApps\\PythonSoftwareFoundation.Python.3.13_3.13.1008.0_x64__qbz5n2kfra8p0\\lib\\nltk_data'
    - 'C:\\Users\\Dickson\\AppData\\Roaming\\nltk_data'
    - 'C:\\nltk_data'
    - 'D:\\nltk_data'
    - 'E:\\nltk_data'
**********************************************************************

2025-04-28 22:42:13,120 - summarization - INFO - Regex tokenization found 378 sentences
2025-04-28 22:42:13,132 - summarization - WARNING - NLTK sentence tokenization failed: 
**********************************************************************
  Resource [93mpunkt_tab[0m not found.
  Please use the NLTK Downloader to obtain the resource:

  [31m>>> import nltk
  >>> nltk.download('punkt_tab')
  [0m
  For more information see: https://www.nltk.org/data.html

  Attempted to load [93mtokenizers/punkt_tab/english/[0m

  Searched in:
    - 'C:\\Users\\Dickson/nltk_data'
    - 'C:\\Program Files\\WindowsApps\\PythonSoftwareFoundation.Python.3.13_3.13.1008.0_x64__qbz5n2kfra8p0\\nltk_data'
    - 'C:\\Program Files\\WindowsApps\\PythonSoftwareFoundation.Python.3.13_3.13.1008.0_x64__qbz5n2kfra8p0\\share\\nltk_data'
    - 'C:\\Program Files\\WindowsApps\\PythonSoftwareFoundation.Python.3.13_3.13.1008.0_x64__qbz5n2kfra8p0\\lib\\nltk_data'
    - 'C:\\Users\\Dickson\\AppData\\Roaming\\nltk_data'
    - 'C:\\nltk_data'
    - 'D:\\nltk_data'
    - 'E:\\nltk_data'
**********************************************************************

2025-04-28 22:42:13,134 - summarization - INFO - Regex tokenization found 2 sentences
2025-04-28 22:42:13,147 - summarization - WARNING - NLTK sentence tokenization failed: 
**********************************************************************
  Resource [93mpunkt_tab[0m not found.
  Please use the NLTK Downloader to obtain the resource:

  [31m>>> import nltk
  >>> nltk.download('punkt_tab')
  [0m
  For more information see: https://www.nltk.org/data.html

  Attempted to load [93mtokenizers/punkt_tab/english/[0m

  Searched in:
    - 'C:\\Users\\Dickson/nltk_data'
    - 'C:\\Program Files\\WindowsApps\\PythonSoftwareFoundation.Python.3.13_3.13.1008.0_x64__qbz5n2kfra8p0\\nltk_data'
    - 'C:\\Program Files\\WindowsApps\\PythonSoftwareFoundation.Python.3.13_3.13.1008.0_x64__qbz5n2kfra8p0\\share\\nltk_data'
    - 'C:\\Program Files\\WindowsApps\\PythonSoftwareFoundation.Python.3.13_3.13.1008.0_x64__qbz5n2kfra8p0\\lib\\nltk_data'
    - 'C:\\Users\\Dickson\\AppData\\Roaming\\nltk_data'
    - 'C:\\nltk_data'
    - 'D:\\nltk_data'
    - 'E:\\nltk_data'
**********************************************************************

2025-04-28 22:42:13,151 - summarization - INFO - Regex tokenization found 57 sentences
2025-04-28 22:42:13,163 - summarization - WARNING - NLTK sentence tokenization failed: 
**********************************************************************
  Resource [93mpunkt_tab[0m not found.
  Please use the NLTK Downloader to obtain the resource:

  [31m>>> import nltk
  >>> nltk.download('punkt_tab')
  [0m
  For more information see: https://www.nltk.org/data.html

  Attempted to load [93mtokenizers/punkt_tab/english/[0m

  Searched in:
    - 'C:\\Users\\Dickson/nltk_data'
    - 'C:\\Program Files\\WindowsApps\\PythonSoftwareFoundation.Python.3.13_3.13.1008.0_x64__qbz5n2kfra8p0\\nltk_data'
    - 'C:\\Program Files\\WindowsApps\\PythonSoftwareFoundation.Python.3.13_3.13.1008.0_x64__qbz5n2kfra8p0\\share\\nltk_data'
    - 'C:\\Program Files\\WindowsApps\\PythonSoftwareFoundation.Python.3.13_3.13.1008.0_x64__qbz5n2kfra8p0\\lib\\nltk_data'
    - 'C:\\Users\\Dickson\\AppData\\Roaming\\nltk_data'
    - 'C:\\nltk_data'
    - 'D:\\nltk_data'
    - 'E:\\nltk_data'
**********************************************************************

2025-04-28 22:42:13,166 - summarization - INFO - Regex tokenization found 29 sentences
2025-04-28 22:42:13,180 - summarization - WARNING - NLTK sentence tokenization failed: 
**********************************************************************
  Resource [93mpunkt_tab[0m not found.
  Please use the NLTK Downloader to obtain the resource:

  [31m>>> import nltk
  >>> nltk.download('punkt_tab')
  [0m
  For more information see: https://www.nltk.org/data.html

  Attempted to load [93mtokenizers/punkt_tab/english/[0m

  Searched in:
    - 'C:\\Users\\Dickson/nltk_data'
    - 'C:\\Program Files\\WindowsApps\\PythonSoftwareFoundation.Python.3.13_3.13.1008.0_x64__qbz5n2kfra8p0\\nltk_data'
    - 'C:\\Program Files\\WindowsApps\\PythonSoftwareFoundation.Python.3.13_3.13.1008.0_x64__qbz5n2kfra8p0\\share\\nltk_data'
    - 'C:\\Program Files\\WindowsApps\\PythonSoftwareFoundation.Python.3.13_3.13.1008.0_x64__qbz5n2kfra8p0\\lib\\nltk_data'
    - 'C:\\Users\\Dickson\\AppData\\Roaming\\nltk_data'
    - 'C:\\nltk_data'
    - 'D:\\nltk_data'
    - 'E:\\nltk_data'
**********************************************************************

2025-04-28 22:42:13,183 - summarization - INFO - Regex tokenization found 8 sentences
2025-04-28 22:42:13,202 - summarization - WARNING - NLTK sentence tokenization failed: 
**********************************************************************
  Resource [93mpunkt_tab[0m not found.
  Please use the NLTK Downloader to obtain the resource:

  [31m>>> import nltk
  >>> nltk.download('punkt_tab')
  [0m
  For more information see: https://www.nltk.org/data.html

  Attempted to load [93mtokenizers/punkt_tab/english/[0m

  Searched in:
    - 'C:\\Users\\Dickson/nltk_data'
    - 'C:\\Program Files\\WindowsApps\\PythonSoftwareFoundation.Python.3.13_3.13.1008.0_x64__qbz5n2kfra8p0\\nltk_data'
    - 'C:\\Program Files\\WindowsApps\\PythonSoftwareFoundation.Python.3.13_3.13.1008.0_x64__qbz5n2kfra8p0\\share\\nltk_data'
    - 'C:\\Program Files\\WindowsApps\\PythonSoftwareFoundation.Python.3.13_3.13.1008.0_x64__qbz5n2kfra8p0\\lib\\nltk_data'
    - 'C:\\Users\\Dickson\\AppData\\Roaming\\nltk_data'
    - 'C:\\nltk_data'
    - 'D:\\nltk_data'
    - 'E:\\nltk_data'
**********************************************************************

2025-04-28 22:42:13,208 - summarization - INFO - Regex tokenization found 41 sentences
2025-04-28 22:42:13,230 - summarization - WARNING - NLTK sentence tokenization failed: 
**********************************************************************
  Resource [93mpunkt_tab[0m not found.
  Please use the NLTK Downloader to obtain the resource:

  [31m>>> import nltk
  >>> nltk.download('punkt_tab')
  [0m
  For more information see: https://www.nltk.org/data.html

  Attempted to load [93mtokenizers/punkt_tab/english/[0m

  Searched in:
    - 'C:\\Users\\Dickson/nltk_data'
    - 'C:\\Program Files\\WindowsApps\\PythonSoftwareFoundation.Python.3.13_3.13.1008.0_x64__qbz5n2kfra8p0\\nltk_data'
    - 'C:\\Program Files\\WindowsApps\\PythonSoftwareFoundation.Python.3.13_3.13.1008.0_x64__qbz5n2kfra8p0\\share\\nltk_data'
    - 'C:\\Program Files\\WindowsApps\\PythonSoftwareFoundation.Python.3.13_3.13.1008.0_x64__qbz5n2kfra8p0\\lib\\nltk_data'
    - 'C:\\Users\\Dickson\\AppData\\Roaming\\nltk_data'
    - 'C:\\nltk_data'
    - 'D:\\nltk_data'
    - 'E:\\nltk_data'
**********************************************************************

2025-04-28 22:42:13,234 - summarization - INFO - Regex tokenization found 177 sentences
2025-04-28 22:42:13,254 - summarization - WARNING - NLTK sentence tokenization failed: 
**********************************************************************
  Resource [93mpunkt_tab[0m not found.
  Please use the NLTK Downloader to obtain the resource:

  [31m>>> import nltk
  >>> nltk.download('punkt_tab')
  [0m
  For more information see: https://www.nltk.org/data.html

  Attempted to load [93mtokenizers/punkt_tab/english/[0m

  Searched in:
    - 'C:\\Users\\Dickson/nltk_data'
    - 'C:\\Program Files\\WindowsApps\\PythonSoftwareFoundation.Python.3.13_3.13.1008.0_x64__qbz5n2kfra8p0\\nltk_data'
    - 'C:\\Program Files\\WindowsApps\\PythonSoftwareFoundation.Python.3.13_3.13.1008.0_x64__qbz5n2kfra8p0\\share\\nltk_data'
    - 'C:\\Program Files\\WindowsApps\\PythonSoftwareFoundation.Python.3.13_3.13.1008.0_x64__qbz5n2kfra8p0\\lib\\nltk_data'
    - 'C:\\Users\\Dickson\\AppData\\Roaming\\nltk_data'
    - 'C:\\nltk_data'
    - 'D:\\nltk_data'
    - 'E:\\nltk_data'
**********************************************************************

2025-04-28 22:42:13,265 - summarization - INFO - Regex tokenization found 378 sentences
2025-04-28 22:42:13,289 - summarization - ERROR - Error calculating term frequency: 
**********************************************************************
  Resource [93mpunkt_tab[0m not found.
  Please use the NLTK Downloader to obtain the resource:

  [31m>>> import nltk
  >>> nltk.download('punkt_tab')
  [0m
  For more information see: https://www.nltk.org/data.html

  Attempted to load [93mtokenizers/punkt_tab/english/[0m

  Searched in:
    - 'C:\\Users\\Dickson/nltk_data'
    - 'C:\\Program Files\\WindowsApps\\PythonSoftwareFoundation.Python.3.13_3.13.1008.0_x64__qbz5n2kfra8p0\\nltk_data'
    - 'C:\\Program Files\\WindowsApps\\PythonSoftwareFoundation.Python.3.13_3.13.1008.0_x64__qbz5n2kfra8p0\\share\\nltk_data'
    - 'C:\\Program Files\\WindowsApps\\PythonSoftwareFoundation.Python.3.13_3.13.1008.0_x64__qbz5n2kfra8p0\\lib\\nltk_data'
    - 'C:\\Users\\Dickson\\AppData\\Roaming\\nltk_data'
    - 'C:\\nltk_data'
    - 'D:\\nltk_data'
    - 'E:\\nltk_data'
**********************************************************************

2025-04-28 22:42:13,338 - summarization - ERROR - Error calculating TF-IDF scores: 
**********************************************************************
  Resource [93mpunkt_tab[0m not found.
  Please use the NLTK Downloader to obtain the resource:

  [31m>>> import nltk
  >>> nltk.download('punkt_tab')
  [0m
  For more information see: https://www.nltk.org/data.html

  Attempted to load [93mtokenizers/punkt_tab/english/[0m

  Searched in:
    - 'C:\\Users\\Dickson/nltk_data'
    - 'C:\\Program Files\\WindowsApps\\PythonSoftwareFoundation.Python.3.13_3.13.1008.0_x64__qbz5n2kfra8p0\\nltk_data'
    - 'C:\\Program Files\\WindowsApps\\PythonSoftwareFoundation.Python.3.13_3.13.1008.0_x64__qbz5n2kfra8p0\\share\\nltk_data'
    - 'C:\\Program Files\\WindowsApps\\PythonSoftwareFoundation.Python.3.13_3.13.1008.0_x64__qbz5n2kfra8p0\\lib\\nltk_data'
    - 'C:\\Users\\Dickson\\AppData\\Roaming\\nltk_data'
    - 'C:\\nltk_data'
    - 'D:\\nltk_data'
    - 'E:\\nltk_data'
**********************************************************************

2025-04-28 22:42:14,899 - werkzeug - INFO - 127.0.0.1 - - [28/Apr/2025 22:42:14] "GET /status/8da551de6a0c844a765c52cc52ef0510 HTTP/1.1" 200 -
2025-04-28 22:42:15,536 - summarization - WARNING - NLTK sentence tokenization failed: 
**********************************************************************
  Resource [93mpunkt_tab[0m not found.
  Please use the NLTK Downloader to obtain the resource:

  [31m>>> import nltk
  >>> nltk.download('punkt_tab')
  [0m
  For more information see: https://www.nltk.org/data.html

  Attempted to load [93mtokenizers/punkt_tab/english/[0m

  Searched in:
    - 'C:\\Users\\Dickson/nltk_data'
    - 'C:\\Program Files\\WindowsApps\\PythonSoftwareFoundation.Python.3.13_3.13.1008.0_x64__qbz5n2kfra8p0\\nltk_data'
    - 'C:\\Program Files\\WindowsApps\\PythonSoftwareFoundation.Python.3.13_3.13.1008.0_x64__qbz5n2kfra8p0\\share\\nltk_data'
    - 'C:\\Program Files\\WindowsApps\\PythonSoftwareFoundation.Python.3.13_3.13.1008.0_x64__qbz5n2kfra8p0\\lib\\nltk_data'
    - 'C:\\Users\\Dickson\\AppData\\Roaming\\nltk_data'
    - 'C:\\nltk_data'
    - 'D:\\nltk_data'
    - 'E:\\nltk_data'
**********************************************************************

2025-04-28 22:42:15,543 - summarization - INFO - Regex tokenization found 378 sentences
2025-04-28 22:42:16,081 - summarization - WARNING - NLTK sentence tokenization failed: 
**********************************************************************
  Resource [93mpunkt_tab[0m not found.
  Please use the NLTK Downloader to obtain the resource:

  [31m>>> import nltk
  >>> nltk.download('punkt_tab')
  [0m
  For more information see: https://www.nltk.org/data.html

  Attempted to load [93mtokenizers/punkt_tab/english/[0m

  Searched in:
    - 'C:\\Users\\Dickson/nltk_data'
    - 'C:\\Program Files\\WindowsApps\\PythonSoftwareFoundation.Python.3.13_3.13.1008.0_x64__qbz5n2kfra8p0\\nltk_data'
    - 'C:\\Program Files\\WindowsApps\\PythonSoftwareFoundation.Python.3.13_3.13.1008.0_x64__qbz5n2kfra8p0\\share\\nltk_data'
    - 'C:\\Program Files\\WindowsApps\\PythonSoftwareFoundation.Python.3.13_3.13.1008.0_x64__qbz5n2kfra8p0\\lib\\nltk_data'
    - 'C:\\Users\\Dickson\\AppData\\Roaming\\nltk_data'
    - 'C:\\nltk_data'
    - 'D:\\nltk_data'
    - 'E:\\nltk_data'
**********************************************************************

2025-04-28 22:42:16,085 - summarization - INFO - Regex tokenization found 8 sentences
2025-04-28 22:42:16,108 - summarization - WARNING - NLTK sentence tokenization failed: 
**********************************************************************
  Resource [93mpunkt_tab[0m not found.
  Please use the NLTK Downloader to obtain the resource:

  [31m>>> import nltk
  >>> nltk.download('punkt_tab')
  [0m
  For more information see: https://www.nltk.org/data.html

  Attempted to load [93mtokenizers/punkt_tab/english/[0m

  Searched in:
    - 'C:\\Users\\Dickson/nltk_data'
    - 'C:\\Program Files\\WindowsApps\\PythonSoftwareFoundation.Python.3.13_3.13.1008.0_x64__qbz5n2kfra8p0\\nltk_data'
    - 'C:\\Program Files\\WindowsApps\\PythonSoftwareFoundation.Python.3.13_3.13.1008.0_x64__qbz5n2kfra8p0\\share\\nltk_data'
    - 'C:\\Program Files\\WindowsApps\\PythonSoftwareFoundation.Python.3.13_3.13.1008.0_x64__qbz5n2kfra8p0\\lib\\nltk_data'
    - 'C:\\Users\\Dickson\\AppData\\Roaming\\nltk_data'
    - 'C:\\nltk_data'
    - 'D:\\nltk_data'
    - 'E:\\nltk_data'
**********************************************************************

2025-04-28 22:42:16,111 - summarization - INFO - Regex tokenization found 177 sentences
2025-04-28 22:42:16,126 - summarization - WARNING - NLTK sentence tokenization failed: 
**********************************************************************
  Resource [93mpunkt_tab[0m not found.
  Please use the NLTK Downloader to obtain the resource:

  [31m>>> import nltk
  >>> nltk.download('punkt_tab')
  [0m
  For more information see: https://www.nltk.org/data.html

  Attempted to load [93mtokenizers/punkt_tab/english/[0m

  Searched in:
    - 'C:\\Users\\Dickson/nltk_data'
    - 'C:\\Program Files\\WindowsApps\\PythonSoftwareFoundation.Python.3.13_3.13.1008.0_x64__qbz5n2kfra8p0\\nltk_data'
    - 'C:\\Program Files\\WindowsApps\\PythonSoftwareFoundation.Python.3.13_3.13.1008.0_x64__qbz5n2kfra8p0\\share\\nltk_data'
    - 'C:\\Program Files\\WindowsApps\\PythonSoftwareFoundation.Python.3.13_3.13.1008.0_x64__qbz5n2kfra8p0\\lib\\nltk_data'
    - 'C:\\Users\\Dickson\\AppData\\Roaming\\nltk_data'
    - 'C:\\nltk_data'
    - 'D:\\nltk_data'
    - 'E:\\nltk_data'
**********************************************************************

2025-04-28 22:42:16,133 - summarization - INFO - Regex tokenization found 276 sentences
2025-04-28 22:42:16,648 - __main__ - DEBUG - Removed temporary file: uploads\846f4c1efe1ed6d692b7ac10c6b52b66.pdf
2025-04-28 22:42:16,976 - werkzeug - INFO - 127.0.0.1 - - [28/Apr/2025 22:42:16] "GET /status/8da551de6a0c844a765c52cc52ef0510 HTTP/1.1" 200 -
2025-04-28 22:43:16,922 - __main__ - INFO - Received file upload request
2025-04-28 22:43:16,939 - __main__ - INFO - Processing file: 1-s2.0-S0048969718331218-main_2.pdf
2025-04-28 22:43:16,982 - __main__ - INFO - Processing progress: {'status': 'processing', 'progress': 10, 'message': 'Starting document extraction...'}
2025-04-28 22:43:16,987 - __main__ - INFO - Requested summary: 1000 sentences, paragraph format, structured type
2025-04-28 22:43:16,991 - __main__ - INFO - Starting asynchronous processing of uploads\c9ff487d745fea92838a4a282eac44a4.pdf
2025-04-28 22:43:16,995 - werkzeug - INFO - 127.0.0.1 - - [28/Apr/2025 22:43:16] "POST /upload HTTP/1.1" 200 -
2025-04-28 22:43:17,020 - werkzeug - INFO - 127.0.0.1 - - [28/Apr/2025 22:43:17] "GET /status/751719869772e92ec724ba7cd102e975 HTTP/1.1" 200 -
2025-04-28 22:43:19,092 - werkzeug - INFO - 127.0.0.1 - - [28/Apr/2025 22:43:19] "GET /status/751719869772e92ec724ba7cd102e975 HTTP/1.1" 200 -
2025-04-28 22:43:19,532 - __main__ - INFO - Successfully extracted 44421 characters with PyPDF2
2025-04-28 22:43:20,054 - summarization - WARNING - NLTK sentence tokenization failed: 
**********************************************************************
  Resource [93mpunkt_tab[0m not found.
  Please use the NLTK Downloader to obtain the resource:

  [31m>>> import nltk
  >>> nltk.download('punkt_tab')
  [0m
  For more information see: https://www.nltk.org/data.html

  Attempted to load [93mtokenizers/punkt_tab/english/[0m

  Searched in:
    - 'C:\\Users\\Dickson/nltk_data'
    - 'C:\\Program Files\\WindowsApps\\PythonSoftwareFoundation.Python.3.13_3.13.1008.0_x64__qbz5n2kfra8p0\\nltk_data'
    - 'C:\\Program Files\\WindowsApps\\PythonSoftwareFoundation.Python.3.13_3.13.1008.0_x64__qbz5n2kfra8p0\\share\\nltk_data'
    - 'C:\\Program Files\\WindowsApps\\PythonSoftwareFoundation.Python.3.13_3.13.1008.0_x64__qbz5n2kfra8p0\\lib\\nltk_data'
    - 'C:\\Users\\Dickson\\AppData\\Roaming\\nltk_data'
    - 'C:\\nltk_data'
    - 'D:\\nltk_data'
    - 'E:\\nltk_data'
**********************************************************************

2025-04-28 22:43:20,062 - summarization - INFO - Regex tokenization found 378 sentences
2025-04-28 22:43:20,074 - summarization - WARNING - NLTK sentence tokenization failed: 
**********************************************************************
  Resource [93mpunkt_tab[0m not found.
  Please use the NLTK Downloader to obtain the resource:

  [31m>>> import nltk
  >>> nltk.download('punkt_tab')
  [0m
  For more information see: https://www.nltk.org/data.html

  Attempted to load [93mtokenizers/punkt_tab/english/[0m

  Searched in:
    - 'C:\\Users\\Dickson/nltk_data'
    - 'C:\\Program Files\\WindowsApps\\PythonSoftwareFoundation.Python.3.13_3.13.1008.0_x64__qbz5n2kfra8p0\\nltk_data'
    - 'C:\\Program Files\\WindowsApps\\PythonSoftwareFoundation.Python.3.13_3.13.1008.0_x64__qbz5n2kfra8p0\\share\\nltk_data'
    - 'C:\\Program Files\\WindowsApps\\PythonSoftwareFoundation.Python.3.13_3.13.1008.0_x64__qbz5n2kfra8p0\\lib\\nltk_data'
    - 'C:\\Users\\Dickson\\AppData\\Roaming\\nltk_data'
    - 'C:\\nltk_data'
    - 'D:\\nltk_data'
    - 'E:\\nltk_data'
**********************************************************************

2025-04-28 22:43:20,076 - summarization - INFO - Regex tokenization found 2 sentences
2025-04-28 22:43:20,086 - summarization - WARNING - NLTK sentence tokenization failed: 
**********************************************************************
  Resource [93mpunkt_tab[0m not found.
  Please use the NLTK Downloader to obtain the resource:

  [31m>>> import nltk
  >>> nltk.download('punkt_tab')
  [0m
  For more information see: https://www.nltk.org/data.html

  Attempted to load [93mtokenizers/punkt_tab/english/[0m

  Searched in:
    - 'C:\\Users\\Dickson/nltk_data'
    - 'C:\\Program Files\\WindowsApps\\PythonSoftwareFoundation.Python.3.13_3.13.1008.0_x64__qbz5n2kfra8p0\\nltk_data'
    - 'C:\\Program Files\\WindowsApps\\PythonSoftwareFoundation.Python.3.13_3.13.1008.0_x64__qbz5n2kfra8p0\\share\\nltk_data'
    - 'C:\\Program Files\\WindowsApps\\PythonSoftwareFoundation.Python.3.13_3.13.1008.0_x64__qbz5n2kfra8p0\\lib\\nltk_data'
    - 'C:\\Users\\Dickson\\AppData\\Roaming\\nltk_data'
    - 'C:\\nltk_data'
    - 'D:\\nltk_data'
    - 'E:\\nltk_data'
**********************************************************************

2025-04-28 22:43:20,088 - summarization - INFO - Regex tokenization found 57 sentences
2025-04-28 22:43:20,094 - summarization - WARNING - NLTK sentence tokenization failed: 
**********************************************************************
  Resource [93mpunkt_tab[0m not found.
  Please use the NLTK Downloader to obtain the resource:

  [31m>>> import nltk
  >>> nltk.download('punkt_tab')
  [0m
  For more information see: https://www.nltk.org/data.html

  Attempted to load [93mtokenizers/punkt_tab/english/[0m

  Searched in:
    - 'C:\\Users\\Dickson/nltk_data'
    - 'C:\\Program Files\\WindowsApps\\PythonSoftwareFoundation.Python.3.13_3.13.1008.0_x64__qbz5n2kfra8p0\\nltk_data'
    - 'C:\\Program Files\\WindowsApps\\PythonSoftwareFoundation.Python.3.13_3.13.1008.0_x64__qbz5n2kfra8p0\\share\\nltk_data'
    - 'C:\\Program Files\\WindowsApps\\PythonSoftwareFoundation.Python.3.13_3.13.1008.0_x64__qbz5n2kfra8p0\\lib\\nltk_data'
    - 'C:\\Users\\Dickson\\AppData\\Roaming\\nltk_data'
    - 'C:\\nltk_data'
    - 'D:\\nltk_data'
    - 'E:\\nltk_data'
**********************************************************************

2025-04-28 22:43:20,096 - summarization - INFO - Regex tokenization found 29 sentences
2025-04-28 22:43:20,102 - summarization - WARNING - NLTK sentence tokenization failed: 
**********************************************************************
  Resource [93mpunkt_tab[0m not found.
  Please use the NLTK Downloader to obtain the resource:

  [31m>>> import nltk
  >>> nltk.download('punkt_tab')
  [0m
  For more information see: https://www.nltk.org/data.html

  Attempted to load [93mtokenizers/punkt_tab/english/[0m

  Searched in:
    - 'C:\\Users\\Dickson/nltk_data'
    - 'C:\\Program Files\\WindowsApps\\PythonSoftwareFoundation.Python.3.13_3.13.1008.0_x64__qbz5n2kfra8p0\\nltk_data'
    - 'C:\\Program Files\\WindowsApps\\PythonSoftwareFoundation.Python.3.13_3.13.1008.0_x64__qbz5n2kfra8p0\\share\\nltk_data'
    - 'C:\\Program Files\\WindowsApps\\PythonSoftwareFoundation.Python.3.13_3.13.1008.0_x64__qbz5n2kfra8p0\\lib\\nltk_data'
    - 'C:\\Users\\Dickson\\AppData\\Roaming\\nltk_data'
    - 'C:\\nltk_data'
    - 'D:\\nltk_data'
    - 'E:\\nltk_data'
**********************************************************************

2025-04-28 22:43:20,103 - summarization - INFO - Regex tokenization found 8 sentences
2025-04-28 22:43:20,108 - summarization - WARNING - NLTK sentence tokenization failed: 
**********************************************************************
  Resource [93mpunkt_tab[0m not found.
  Please use the NLTK Downloader to obtain the resource:

  [31m>>> import nltk
  >>> nltk.download('punkt_tab')
  [0m
  For more information see: https://www.nltk.org/data.html

  Attempted to load [93mtokenizers/punkt_tab/english/[0m

  Searched in:
    - 'C:\\Users\\Dickson/nltk_data'
    - 'C:\\Program Files\\WindowsApps\\PythonSoftwareFoundation.Python.3.13_3.13.1008.0_x64__qbz5n2kfra8p0\\nltk_data'
    - 'C:\\Program Files\\WindowsApps\\PythonSoftwareFoundation.Python.3.13_3.13.1008.0_x64__qbz5n2kfra8p0\\share\\nltk_data'
    - 'C:\\Program Files\\WindowsApps\\PythonSoftwareFoundation.Python.3.13_3.13.1008.0_x64__qbz5n2kfra8p0\\lib\\nltk_data'
    - 'C:\\Users\\Dickson\\AppData\\Roaming\\nltk_data'
    - 'C:\\nltk_data'
    - 'D:\\nltk_data'
    - 'E:\\nltk_data'
**********************************************************************

2025-04-28 22:43:20,110 - summarization - INFO - Regex tokenization found 41 sentences
2025-04-28 22:43:20,120 - summarization - WARNING - NLTK sentence tokenization failed: 
**********************************************************************
  Resource [93mpunkt_tab[0m not found.
  Please use the NLTK Downloader to obtain the resource:

  [31m>>> import nltk
  >>> nltk.download('punkt_tab')
  [0m
  For more information see: https://www.nltk.org/data.html

  Attempted to load [93mtokenizers/punkt_tab/english/[0m

  Searched in:
    - 'C:\\Users\\Dickson/nltk_data'
    - 'C:\\Program Files\\WindowsApps\\PythonSoftwareFoundation.Python.3.13_3.13.1008.0_x64__qbz5n2kfra8p0\\nltk_data'
    - 'C:\\Program Files\\WindowsApps\\PythonSoftwareFoundation.Python.3.13_3.13.1008.0_x64__qbz5n2kfra8p0\\share\\nltk_data'
    - 'C:\\Program Files\\WindowsApps\\PythonSoftwareFoundation.Python.3.13_3.13.1008.0_x64__qbz5n2kfra8p0\\lib\\nltk_data'
    - 'C:\\Users\\Dickson\\AppData\\Roaming\\nltk_data'
    - 'C:\\nltk_data'
    - 'D:\\nltk_data'
    - 'E:\\nltk_data'
**********************************************************************

2025-04-28 22:43:20,126 - summarization - INFO - Regex tokenization found 177 sentences
2025-04-28 22:43:20,154 - summarization - WARNING - NLTK sentence tokenization failed: 
**********************************************************************
  Resource [93mpunkt_tab[0m not found.
  Please use the NLTK Downloader to obtain the resource:

  [31m>>> import nltk
  >>> nltk.download('punkt_tab')
  [0m
  For more information see: https://www.nltk.org/data.html

  Attempted to load [93mtokenizers/punkt_tab/english/[0m

  Searched in:
    - 'C:\\Users\\Dickson/nltk_data'
    - 'C:\\Program Files\\WindowsApps\\PythonSoftwareFoundation.Python.3.13_3.13.1008.0_x64__qbz5n2kfra8p0\\nltk_data'
    - 'C:\\Program Files\\WindowsApps\\PythonSoftwareFoundation.Python.3.13_3.13.1008.0_x64__qbz5n2kfra8p0\\share\\nltk_data'
    - 'C:\\Program Files\\WindowsApps\\PythonSoftwareFoundation.Python.3.13_3.13.1008.0_x64__qbz5n2kfra8p0\\lib\\nltk_data'
    - 'C:\\Users\\Dickson\\AppData\\Roaming\\nltk_data'
    - 'C:\\nltk_data'
    - 'D:\\nltk_data'
    - 'E:\\nltk_data'
**********************************************************************

2025-04-28 22:43:20,157 - summarization - INFO - Regex tokenization found 378 sentences
2025-04-28 22:43:20,164 - summarization - ERROR - Error calculating term frequency: 
**********************************************************************
  Resource [93mpunkt_tab[0m not found.
  Please use the NLTK Downloader to obtain the resource:

  [31m>>> import nltk
  >>> nltk.download('punkt_tab')
  [0m
  For more information see: https://www.nltk.org/data.html

  Attempted to load [93mtokenizers/punkt_tab/english/[0m

  Searched in:
    - 'C:\\Users\\Dickson/nltk_data'
    - 'C:\\Program Files\\WindowsApps\\PythonSoftwareFoundation.Python.3.13_3.13.1008.0_x64__qbz5n2kfra8p0\\nltk_data'
    - 'C:\\Program Files\\WindowsApps\\PythonSoftwareFoundation.Python.3.13_3.13.1008.0_x64__qbz5n2kfra8p0\\share\\nltk_data'
    - 'C:\\Program Files\\WindowsApps\\PythonSoftwareFoundation.Python.3.13_3.13.1008.0_x64__qbz5n2kfra8p0\\lib\\nltk_data'
    - 'C:\\Users\\Dickson\\AppData\\Roaming\\nltk_data'
    - 'C:\\nltk_data'
    - 'D:\\nltk_data'
    - 'E:\\nltk_data'
**********************************************************************

2025-04-28 22:43:20,179 - summarization - ERROR - Error calculating TF-IDF scores: 
**********************************************************************
  Resource [93mpunkt_tab[0m not found.
  Please use the NLTK Downloader to obtain the resource:

  [31m>>> import nltk
  >>> nltk.download('punkt_tab')
  [0m
  For more information see: https://www.nltk.org/data.html

  Attempted to load [93mtokenizers/punkt_tab/english/[0m

  Searched in:
    - 'C:\\Users\\Dickson/nltk_data'
    - 'C:\\Program Files\\WindowsApps\\PythonSoftwareFoundation.Python.3.13_3.13.1008.0_x64__qbz5n2kfra8p0\\nltk_data'
    - 'C:\\Program Files\\WindowsApps\\PythonSoftwareFoundation.Python.3.13_3.13.1008.0_x64__qbz5n2kfra8p0\\share\\nltk_data'
    - 'C:\\Program Files\\WindowsApps\\PythonSoftwareFoundation.Python.3.13_3.13.1008.0_x64__qbz5n2kfra8p0\\lib\\nltk_data'
    - 'C:\\Users\\Dickson\\AppData\\Roaming\\nltk_data'
    - 'C:\\nltk_data'
    - 'D:\\nltk_data'
    - 'E:\\nltk_data'
**********************************************************************

2025-04-28 22:43:21,211 - werkzeug - INFO - 127.0.0.1 - - [28/Apr/2025 22:43:21] "GET /status/751719869772e92ec724ba7cd102e975 HTTP/1.1" 200 -
2025-04-28 22:43:21,756 - summarization - WARNING - NLTK sentence tokenization failed: 
**********************************************************************
  Resource [93mpunkt_tab[0m not found.
  Please use the NLTK Downloader to obtain the resource:

  [31m>>> import nltk
  >>> nltk.download('punkt_tab')
  [0m
  For more information see: https://www.nltk.org/data.html

  Attempted to load [93mtokenizers/punkt_tab/english/[0m

  Searched in:
    - 'C:\\Users\\Dickson/nltk_data'
    - 'C:\\Program Files\\WindowsApps\\PythonSoftwareFoundation.Python.3.13_3.13.1008.0_x64__qbz5n2kfra8p0\\nltk_data'
    - 'C:\\Program Files\\WindowsApps\\PythonSoftwareFoundation.Python.3.13_3.13.1008.0_x64__qbz5n2kfra8p0\\share\\nltk_data'
    - 'C:\\Program Files\\WindowsApps\\PythonSoftwareFoundation.Python.3.13_3.13.1008.0_x64__qbz5n2kfra8p0\\lib\\nltk_data'
    - 'C:\\Users\\Dickson\\AppData\\Roaming\\nltk_data'
    - 'C:\\nltk_data'
    - 'D:\\nltk_data'
    - 'E:\\nltk_data'
**********************************************************************

2025-04-28 22:43:21,764 - summarization - INFO - Regex tokenization found 378 sentences
2025-04-28 22:43:22,330 - summarization - WARNING - NLTK sentence tokenization failed: 
**********************************************************************
  Resource [93mpunkt_tab[0m not found.
  Please use the NLTK Downloader to obtain the resource:

  [31m>>> import nltk
  >>> nltk.download('punkt_tab')
  [0m
  For more information see: https://www.nltk.org/data.html

  Attempted to load [93mtokenizers/punkt_tab/english/[0m

  Searched in:
    - 'C:\\Users\\Dickson/nltk_data'
    - 'C:\\Program Files\\WindowsApps\\PythonSoftwareFoundation.Python.3.13_3.13.1008.0_x64__qbz5n2kfra8p0\\nltk_data'
    - 'C:\\Program Files\\WindowsApps\\PythonSoftwareFoundation.Python.3.13_3.13.1008.0_x64__qbz5n2kfra8p0\\share\\nltk_data'
    - 'C:\\Program Files\\WindowsApps\\PythonSoftwareFoundation.Python.3.13_3.13.1008.0_x64__qbz5n2kfra8p0\\lib\\nltk_data'
    - 'C:\\Users\\Dickson\\AppData\\Roaming\\nltk_data'
    - 'C:\\nltk_data'
    - 'D:\\nltk_data'
    - 'E:\\nltk_data'
**********************************************************************

2025-04-28 22:43:22,333 - summarization - INFO - Regex tokenization found 8 sentences
2025-04-28 22:43:22,359 - summarization - WARNING - NLTK sentence tokenization failed: 
**********************************************************************
  Resource [93mpunkt_tab[0m not found.
  Please use the NLTK Downloader to obtain the resource:

  [31m>>> import nltk
  >>> nltk.download('punkt_tab')
  [0m
  For more information see: https://www.nltk.org/data.html

  Attempted to load [93mtokenizers/punkt_tab/english/[0m

  Searched in:
    - 'C:\\Users\\Dickson/nltk_data'
    - 'C:\\Program Files\\WindowsApps\\PythonSoftwareFoundation.Python.3.13_3.13.1008.0_x64__qbz5n2kfra8p0\\nltk_data'
    - 'C:\\Program Files\\WindowsApps\\PythonSoftwareFoundation.Python.3.13_3.13.1008.0_x64__qbz5n2kfra8p0\\share\\nltk_data'
    - 'C:\\Program Files\\WindowsApps\\PythonSoftwareFoundation.Python.3.13_3.13.1008.0_x64__qbz5n2kfra8p0\\lib\\nltk_data'
    - 'C:\\Users\\Dickson\\AppData\\Roaming\\nltk_data'
    - 'C:\\nltk_data'
    - 'D:\\nltk_data'
    - 'E:\\nltk_data'
**********************************************************************

2025-04-28 22:43:22,364 - summarization - INFO - Regex tokenization found 177 sentences
2025-04-28 22:43:22,386 - summarization - WARNING - NLTK sentence tokenization failed: 
**********************************************************************
  Resource [93mpunkt_tab[0m not found.
  Please use the NLTK Downloader to obtain the resource:

  [31m>>> import nltk
  >>> nltk.download('punkt_tab')
  [0m
  For more information see: https://www.nltk.org/data.html

  Attempted to load [93mtokenizers/punkt_tab/english/[0m

  Searched in:
    - 'C:\\Users\\Dickson/nltk_data'
    - 'C:\\Program Files\\WindowsApps\\PythonSoftwareFoundation.Python.3.13_3.13.1008.0_x64__qbz5n2kfra8p0\\nltk_data'
    - 'C:\\Program Files\\WindowsApps\\PythonSoftwareFoundation.Python.3.13_3.13.1008.0_x64__qbz5n2kfra8p0\\share\\nltk_data'
    - 'C:\\Program Files\\WindowsApps\\PythonSoftwareFoundation.Python.3.13_3.13.1008.0_x64__qbz5n2kfra8p0\\lib\\nltk_data'
    - 'C:\\Users\\Dickson\\AppData\\Roaming\\nltk_data'
    - 'C:\\nltk_data'
    - 'D:\\nltk_data'
    - 'E:\\nltk_data'
**********************************************************************

2025-04-28 22:43:22,395 - summarization - INFO - Regex tokenization found 276 sentences
2025-04-28 22:43:22,400 - __main__ - DEBUG - Removed temporary file: uploads\c9ff487d745fea92838a4a282eac44a4.pdf
2025-04-28 22:43:23,255 - werkzeug - INFO - 127.0.0.1 - - [28/Apr/2025 22:43:23] "GET /status/751719869772e92ec724ba7cd102e975 HTTP/1.1" 200 -
2025-04-28 22:45:44,057 - werkzeug - INFO -  * Detected change in 'C:\\Users\\Dickson\\AppData\\Local\\Packages\\PythonSoftwareFoundation.Python.3.13_qbz5n2kfra8p0\\LocalCache\\local-packages\\Python313\\site-packages\\xlsxwriter\\__init__.py', reloading
2025-04-28 22:45:44,060 - werkzeug - INFO -  * Detected change in 'C:\\Users\\Dickson\\AppData\\Local\\Packages\\PythonSoftwareFoundation.Python.3.13_qbz5n2kfra8p0\\LocalCache\\local-packages\\Python313\\site-packages\\xlsxwriter\\__init__.py', reloading
2025-04-28 22:45:44,061 - werkzeug - INFO -  * Detected change in 'C:\\Users\\Dickson\\AppData\\Local\\Packages\\PythonSoftwareFoundation.Python.3.13_qbz5n2kfra8p0\\LocalCache\\local-packages\\Python313\\site-packages\\xlsxwriter\\app.py', reloading
2025-04-28 22:45:44,063 - werkzeug - INFO -  * Detected change in 'C:\\Users\\Dickson\\AppData\\Local\\Packages\\PythonSoftwareFoundation.Python.3.13_qbz5n2kfra8p0\\LocalCache\\local-packages\\Python313\\site-packages\\xlsxwriter\\app.py', reloading
2025-04-28 22:45:44,066 - werkzeug - INFO -  * Detected change in 'C:\\Users\\Dickson\\AppData\\Local\\Packages\\PythonSoftwareFoundation.Python.3.13_qbz5n2kfra8p0\\LocalCache\\local-packages\\Python313\\site-packages\\xlsxwriter\\chart.py', reloading
2025-04-28 22:45:44,068 - werkzeug - INFO -  * Detected change in 'C:\\Users\\Dickson\\AppData\\Local\\Packages\\PythonSoftwareFoundation.Python.3.13_qbz5n2kfra8p0\\LocalCache\\local-packages\\Python313\\site-packages\\xlsxwriter\\chart.py', reloading
2025-04-28 22:45:44,070 - werkzeug - INFO -  * Detected change in 'C:\\Users\\Dickson\\AppData\\Local\\Packages\\PythonSoftwareFoundation.Python.3.13_qbz5n2kfra8p0\\LocalCache\\local-packages\\Python313\\site-packages\\xlsxwriter\\chart_area.py', reloading
2025-04-28 22:45:44,072 - werkzeug - INFO -  * Detected change in 'C:\\Users\\Dickson\\AppData\\Local\\Packages\\PythonSoftwareFoundation.Python.3.13_qbz5n2kfra8p0\\LocalCache\\local-packages\\Python313\\site-packages\\xlsxwriter\\chart_area.py', reloading
2025-04-28 22:45:44,073 - werkzeug - INFO -  * Detected change in 'C:\\Users\\Dickson\\AppData\\Local\\Packages\\PythonSoftwareFoundation.Python.3.13_qbz5n2kfra8p0\\LocalCache\\local-packages\\Python313\\site-packages\\xlsxwriter\\chart_bar.py', reloading
2025-04-28 22:45:44,074 - werkzeug - INFO -  * Detected change in 'C:\\Users\\Dickson\\AppData\\Local\\Packages\\PythonSoftwareFoundation.Python.3.13_qbz5n2kfra8p0\\LocalCache\\local-packages\\Python313\\site-packages\\xlsxwriter\\chart_bar.py', reloading
2025-04-28 22:45:44,076 - werkzeug - INFO -  * Detected change in 'C:\\Users\\Dickson\\AppData\\Local\\Packages\\PythonSoftwareFoundation.Python.3.13_qbz5n2kfra8p0\\LocalCache\\local-packages\\Python313\\site-packages\\xlsxwriter\\chart_column.py', reloading
2025-04-28 22:45:44,078 - werkzeug - INFO -  * Detected change in 'C:\\Users\\Dickson\\AppData\\Local\\Packages\\PythonSoftwareFoundation.Python.3.13_qbz5n2kfra8p0\\LocalCache\\local-packages\\Python313\\site-packages\\xlsxwriter\\chart_column.py', reloading
2025-04-28 22:45:44,080 - werkzeug - INFO -  * Detected change in 'C:\\Users\\Dickson\\AppData\\Local\\Packages\\PythonSoftwareFoundation.Python.3.13_qbz5n2kfra8p0\\LocalCache\\local-packages\\Python313\\site-packages\\xlsxwriter\\chart_doughnut.py', reloading
2025-04-28 22:45:44,081 - werkzeug - INFO -  * Detected change in 'C:\\Users\\Dickson\\AppData\\Local\\Packages\\PythonSoftwareFoundation.Python.3.13_qbz5n2kfra8p0\\LocalCache\\local-packages\\Python313\\site-packages\\xlsxwriter\\chart_doughnut.py', reloading
2025-04-28 22:45:44,082 - werkzeug - INFO -  * Detected change in 'C:\\Users\\Dickson\\AppData\\Local\\Packages\\PythonSoftwareFoundation.Python.3.13_qbz5n2kfra8p0\\LocalCache\\local-packages\\Python313\\site-packages\\xlsxwriter\\chart_line.py', reloading
2025-04-28 22:45:44,084 - werkzeug - INFO -  * Detected change in 'C:\\Users\\Dickson\\AppData\\Local\\Packages\\PythonSoftwareFoundation.Python.3.13_qbz5n2kfra8p0\\LocalCache\\local-packages\\Python313\\site-packages\\xlsxwriter\\chart_line.py', reloading
2025-04-28 22:45:44,087 - werkzeug - INFO -  * Detected change in 'C:\\Users\\Dickson\\AppData\\Local\\Packages\\PythonSoftwareFoundation.Python.3.13_qbz5n2kfra8p0\\LocalCache\\local-packages\\Python313\\site-packages\\xlsxwriter\\chart_pie.py', reloading
2025-04-28 22:45:44,089 - werkzeug - INFO -  * Detected change in 'C:\\Users\\Dickson\\AppData\\Local\\Packages\\PythonSoftwareFoundation.Python.3.13_qbz5n2kfra8p0\\LocalCache\\local-packages\\Python313\\site-packages\\xlsxwriter\\chart_pie.py', reloading
2025-04-28 22:45:44,090 - werkzeug - INFO -  * Detected change in 'C:\\Users\\Dickson\\AppData\\Local\\Packages\\PythonSoftwareFoundation.Python.3.13_qbz5n2kfra8p0\\LocalCache\\local-packages\\Python313\\site-packages\\xlsxwriter\\chart_radar.py', reloading
2025-04-28 22:45:44,091 - werkzeug - INFO -  * Detected change in 'C:\\Users\\Dickson\\AppData\\Local\\Packages\\PythonSoftwareFoundation.Python.3.13_qbz5n2kfra8p0\\LocalCache\\local-packages\\Python313\\site-packages\\xlsxwriter\\chart_radar.py', reloading
2025-04-28 22:45:44,093 - werkzeug - INFO -  * Detected change in 'C:\\Users\\Dickson\\AppData\\Local\\Packages\\PythonSoftwareFoundation.Python.3.13_qbz5n2kfra8p0\\LocalCache\\local-packages\\Python313\\site-packages\\xlsxwriter\\chart_scatter.py', reloading
2025-04-28 22:45:44,095 - werkzeug - INFO -  * Detected change in 'C:\\Users\\Dickson\\AppData\\Local\\Packages\\PythonSoftwareFoundation.Python.3.13_qbz5n2kfra8p0\\LocalCache\\local-packages\\Python313\\site-packages\\xlsxwriter\\chart_scatter.py', reloading
2025-04-28 22:45:44,096 - werkzeug - INFO -  * Detected change in 'C:\\Users\\Dickson\\AppData\\Local\\Packages\\PythonSoftwareFoundation.Python.3.13_qbz5n2kfra8p0\\LocalCache\\local-packages\\Python313\\site-packages\\xlsxwriter\\chart_stock.py', reloading
2025-04-28 22:45:44,098 - werkzeug - INFO -  * Detected change in 'C:\\Users\\Dickson\\AppData\\Local\\Packages\\PythonSoftwareFoundation.Python.3.13_qbz5n2kfra8p0\\LocalCache\\local-packages\\Python313\\site-packages\\xlsxwriter\\chart_stock.py', reloading
2025-04-28 22:45:44,099 - werkzeug - INFO -  * Detected change in 'C:\\Users\\Dickson\\AppData\\Local\\Packages\\PythonSoftwareFoundation.Python.3.13_qbz5n2kfra8p0\\LocalCache\\local-packages\\Python313\\site-packages\\xlsxwriter\\chartsheet.py', reloading
2025-04-28 22:45:44,100 - werkzeug - INFO -  * Detected change in 'C:\\Users\\Dickson\\AppData\\Local\\Packages\\PythonSoftwareFoundation.Python.3.13_qbz5n2kfra8p0\\LocalCache\\local-packages\\Python313\\site-packages\\xlsxwriter\\chartsheet.py', reloading
2025-04-28 22:45:44,102 - werkzeug - INFO -  * Detected change in 'C:\\Users\\Dickson\\AppData\\Local\\Packages\\PythonSoftwareFoundation.Python.3.13_qbz5n2kfra8p0\\LocalCache\\local-packages\\Python313\\site-packages\\xlsxwriter\\comments.py', reloading
2025-04-28 22:45:44,104 - werkzeug - INFO -  * Detected change in 'C:\\Users\\Dickson\\AppData\\Local\\Packages\\PythonSoftwareFoundation.Python.3.13_qbz5n2kfra8p0\\LocalCache\\local-packages\\Python313\\site-packages\\xlsxwriter\\comments.py', reloading
2025-04-28 22:45:44,105 - werkzeug - INFO -  * Detected change in 'C:\\Users\\Dickson\\AppData\\Local\\Packages\\PythonSoftwareFoundation.Python.3.13_qbz5n2kfra8p0\\LocalCache\\local-packages\\Python313\\site-packages\\xlsxwriter\\contenttypes.py', reloading
2025-04-28 22:45:44,106 - werkzeug - INFO -  * Detected change in 'C:\\Users\\Dickson\\AppData\\Local\\Packages\\PythonSoftwareFoundation.Python.3.13_qbz5n2kfra8p0\\LocalCache\\local-packages\\Python313\\site-packages\\xlsxwriter\\contenttypes.py', reloading
2025-04-28 22:45:44,107 - werkzeug - INFO -  * Detected change in 'C:\\Users\\Dickson\\AppData\\Local\\Packages\\PythonSoftwareFoundation.Python.3.13_qbz5n2kfra8p0\\LocalCache\\local-packages\\Python313\\site-packages\\xlsxwriter\\core.py', reloading
2025-04-28 22:45:44,108 - werkzeug - INFO -  * Detected change in 'C:\\Users\\Dickson\\AppData\\Local\\Packages\\PythonSoftwareFoundation.Python.3.13_qbz5n2kfra8p0\\LocalCache\\local-packages\\Python313\\site-packages\\xlsxwriter\\core.py', reloading
2025-04-28 22:45:44,109 - werkzeug - INFO -  * Detected change in 'C:\\Users\\Dickson\\AppData\\Local\\Packages\\PythonSoftwareFoundation.Python.3.13_qbz5n2kfra8p0\\LocalCache\\local-packages\\Python313\\site-packages\\xlsxwriter\\custom.py', reloading
2025-04-28 22:45:44,111 - werkzeug - INFO -  * Detected change in 'C:\\Users\\Dickson\\AppData\\Local\\Packages\\PythonSoftwareFoundation.Python.3.13_qbz5n2kfra8p0\\LocalCache\\local-packages\\Python313\\site-packages\\xlsxwriter\\custom.py', reloading
2025-04-28 22:45:44,112 - werkzeug - INFO -  * Detected change in 'C:\\Users\\Dickson\\AppData\\Local\\Packages\\PythonSoftwareFoundation.Python.3.13_qbz5n2kfra8p0\\LocalCache\\local-packages\\Python313\\site-packages\\xlsxwriter\\drawing.py', reloading
2025-04-28 22:45:44,113 - werkzeug - INFO -  * Detected change in 'C:\\Users\\Dickson\\AppData\\Local\\Packages\\PythonSoftwareFoundation.Python.3.13_qbz5n2kfra8p0\\LocalCache\\local-packages\\Python313\\site-packages\\xlsxwriter\\drawing.py', reloading
2025-04-28 22:45:44,114 - werkzeug - INFO -  * Detected change in 'C:\\Users\\Dickson\\AppData\\Local\\Packages\\PythonSoftwareFoundation.Python.3.13_qbz5n2kfra8p0\\LocalCache\\local-packages\\Python313\\site-packages\\xlsxwriter\\exceptions.py', reloading
2025-04-28 22:45:44,115 - werkzeug - INFO -  * Detected change in 'C:\\Users\\Dickson\\AppData\\Local\\Packages\\PythonSoftwareFoundation.Python.3.13_qbz5n2kfra8p0\\LocalCache\\local-packages\\Python313\\site-packages\\xlsxwriter\\exceptions.py', reloading
2025-04-28 22:45:44,116 - werkzeug - INFO -  * Detected change in 'C:\\Users\\Dickson\\AppData\\Local\\Packages\\PythonSoftwareFoundation.Python.3.13_qbz5n2kfra8p0\\LocalCache\\local-packages\\Python313\\site-packages\\xlsxwriter\\feature_property_bag.py', reloading
2025-04-28 22:45:44,117 - werkzeug - INFO -  * Detected change in 'C:\\Users\\Dickson\\AppData\\Local\\Packages\\PythonSoftwareFoundation.Python.3.13_qbz5n2kfra8p0\\LocalCache\\local-packages\\Python313\\site-packages\\xlsxwriter\\feature_property_bag.py', reloading
2025-04-28 22:45:44,118 - werkzeug - INFO -  * Detected change in 'C:\\Users\\Dickson\\AppData\\Local\\Packages\\PythonSoftwareFoundation.Python.3.13_qbz5n2kfra8p0\\LocalCache\\local-packages\\Python313\\site-packages\\xlsxwriter\\format.py', reloading
2025-04-28 22:45:44,119 - werkzeug - INFO -  * Detected change in 'C:\\Users\\Dickson\\AppData\\Local\\Packages\\PythonSoftwareFoundation.Python.3.13_qbz5n2kfra8p0\\LocalCache\\local-packages\\Python313\\site-packages\\xlsxwriter\\format.py', reloading
2025-04-28 22:45:44,120 - werkzeug - INFO -  * Detected change in 'C:\\Users\\Dickson\\AppData\\Local\\Packages\\PythonSoftwareFoundation.Python.3.13_qbz5n2kfra8p0\\LocalCache\\local-packages\\Python313\\site-packages\\xlsxwriter\\image.py', reloading
2025-04-28 22:45:44,121 - werkzeug - INFO -  * Detected change in 'C:\\Users\\Dickson\\AppData\\Local\\Packages\\PythonSoftwareFoundation.Python.3.13_qbz5n2kfra8p0\\LocalCache\\local-packages\\Python313\\site-packages\\xlsxwriter\\image.py', reloading
2025-04-28 22:45:44,122 - werkzeug - INFO -  * Detected change in 'C:\\Users\\Dickson\\AppData\\Local\\Packages\\PythonSoftwareFoundation.Python.3.13_qbz5n2kfra8p0\\LocalCache\\local-packages\\Python313\\site-packages\\xlsxwriter\\metadata.py', reloading
2025-04-28 22:45:44,123 - werkzeug - INFO -  * Detected change in 'C:\\Users\\Dickson\\AppData\\Local\\Packages\\PythonSoftwareFoundation.Python.3.13_qbz5n2kfra8p0\\LocalCache\\local-packages\\Python313\\site-packages\\xlsxwriter\\metadata.py', reloading
2025-04-28 22:45:44,124 - werkzeug - INFO -  * Detected change in 'C:\\Users\\Dickson\\AppData\\Local\\Packages\\PythonSoftwareFoundation.Python.3.13_qbz5n2kfra8p0\\LocalCache\\local-packages\\Python313\\site-packages\\xlsxwriter\\packager.py', reloading
2025-04-28 22:45:44,125 - werkzeug - INFO -  * Detected change in 'C:\\Users\\Dickson\\AppData\\Local\\Packages\\PythonSoftwareFoundation.Python.3.13_qbz5n2kfra8p0\\LocalCache\\local-packages\\Python313\\site-packages\\xlsxwriter\\packager.py', reloading
2025-04-28 22:45:44,126 - werkzeug - INFO -  * Detected change in 'C:\\Users\\Dickson\\AppData\\Local\\Packages\\PythonSoftwareFoundation.Python.3.13_qbz5n2kfra8p0\\LocalCache\\local-packages\\Python313\\site-packages\\xlsxwriter\\relationships.py', reloading
2025-04-28 22:45:44,127 - werkzeug - INFO -  * Detected change in 'C:\\Users\\Dickson\\AppData\\Local\\Packages\\PythonSoftwareFoundation.Python.3.13_qbz5n2kfra8p0\\LocalCache\\local-packages\\Python313\\site-packages\\xlsxwriter\\relationships.py', reloading
2025-04-28 22:45:44,129 - werkzeug - INFO -  * Detected change in 'C:\\Users\\Dickson\\AppData\\Local\\Packages\\PythonSoftwareFoundation.Python.3.13_qbz5n2kfra8p0\\LocalCache\\local-packages\\Python313\\site-packages\\xlsxwriter\\rich_value.py', reloading
2025-04-28 22:45:44,130 - werkzeug - INFO -  * Detected change in 'C:\\Users\\Dickson\\AppData\\Local\\Packages\\PythonSoftwareFoundation.Python.3.13_qbz5n2kfra8p0\\LocalCache\\local-packages\\Python313\\site-packages\\xlsxwriter\\rich_value.py', reloading
2025-04-28 22:45:44,131 - werkzeug - INFO -  * Detected change in 'C:\\Users\\Dickson\\AppData\\Local\\Packages\\PythonSoftwareFoundation.Python.3.13_qbz5n2kfra8p0\\LocalCache\\local-packages\\Python313\\site-packages\\xlsxwriter\\rich_value_rel.py', reloading
2025-04-28 22:45:44,132 - werkzeug - INFO -  * Detected change in 'C:\\Users\\Dickson\\AppData\\Local\\Packages\\PythonSoftwareFoundation.Python.3.13_qbz5n2kfra8p0\\LocalCache\\local-packages\\Python313\\site-packages\\xlsxwriter\\rich_value_rel.py', reloading
2025-04-28 22:45:44,134 - werkzeug - INFO -  * Detected change in 'C:\\Users\\Dickson\\AppData\\Local\\Packages\\PythonSoftwareFoundation.Python.3.13_qbz5n2kfra8p0\\LocalCache\\local-packages\\Python313\\site-packages\\xlsxwriter\\rich_value_structure.py', reloading
2025-04-28 22:45:44,135 - werkzeug - INFO -  * Detected change in 'C:\\Users\\Dickson\\AppData\\Local\\Packages\\PythonSoftwareFoundation.Python.3.13_qbz5n2kfra8p0\\LocalCache\\local-packages\\Python313\\site-packages\\xlsxwriter\\rich_value_structure.py', reloading
2025-04-28 22:45:44,137 - werkzeug - INFO -  * Detected change in 'C:\\Users\\Dickson\\AppData\\Local\\Packages\\PythonSoftwareFoundation.Python.3.13_qbz5n2kfra8p0\\LocalCache\\local-packages\\Python313\\site-packages\\xlsxwriter\\rich_value_types.py', reloading
2025-04-28 22:45:44,138 - werkzeug - INFO -  * Detected change in 'C:\\Users\\Dickson\\AppData\\Local\\Packages\\PythonSoftwareFoundation.Python.3.13_qbz5n2kfra8p0\\LocalCache\\local-packages\\Python313\\site-packages\\xlsxwriter\\rich_value_types.py', reloading
2025-04-28 22:45:44,140 - werkzeug - INFO -  * Detected change in 'C:\\Users\\Dickson\\AppData\\Local\\Packages\\PythonSoftwareFoundation.Python.3.13_qbz5n2kfra8p0\\LocalCache\\local-packages\\Python313\\site-packages\\xlsxwriter\\shape.py', reloading
2025-04-28 22:45:44,142 - werkzeug - INFO -  * Detected change in 'C:\\Users\\Dickson\\AppData\\Local\\Packages\\PythonSoftwareFoundation.Python.3.13_qbz5n2kfra8p0\\LocalCache\\local-packages\\Python313\\site-packages\\xlsxwriter\\shape.py', reloading
2025-04-28 22:45:44,143 - werkzeug - INFO -  * Detected change in 'C:\\Users\\Dickson\\AppData\\Local\\Packages\\PythonSoftwareFoundation.Python.3.13_qbz5n2kfra8p0\\LocalCache\\local-packages\\Python313\\site-packages\\xlsxwriter\\sharedstrings.py', reloading
2025-04-28 22:45:44,145 - werkzeug - INFO -  * Detected change in 'C:\\Users\\Dickson\\AppData\\Local\\Packages\\PythonSoftwareFoundation.Python.3.13_qbz5n2kfra8p0\\LocalCache\\local-packages\\Python313\\site-packages\\xlsxwriter\\sharedstrings.py', reloading
2025-04-28 22:45:44,146 - werkzeug - INFO -  * Detected change in 'C:\\Users\\Dickson\\AppData\\Local\\Packages\\PythonSoftwareFoundation.Python.3.13_qbz5n2kfra8p0\\LocalCache\\local-packages\\Python313\\site-packages\\xlsxwriter\\styles.py', reloading
2025-04-28 22:45:44,148 - werkzeug - INFO -  * Detected change in 'C:\\Users\\Dickson\\AppData\\Local\\Packages\\PythonSoftwareFoundation.Python.3.13_qbz5n2kfra8p0\\LocalCache\\local-packages\\Python313\\site-packages\\xlsxwriter\\styles.py', reloading
2025-04-28 22:45:44,149 - werkzeug - INFO -  * Detected change in 'C:\\Users\\Dickson\\AppData\\Local\\Packages\\PythonSoftwareFoundation.Python.3.13_qbz5n2kfra8p0\\LocalCache\\local-packages\\Python313\\site-packages\\xlsxwriter\\table.py', reloading
2025-04-28 22:45:44,151 - werkzeug - INFO -  * Detected change in 'C:\\Users\\Dickson\\AppData\\Local\\Packages\\PythonSoftwareFoundation.Python.3.13_qbz5n2kfra8p0\\LocalCache\\local-packages\\Python313\\site-packages\\xlsxwriter\\table.py', reloading
2025-04-28 22:45:44,152 - werkzeug - INFO -  * Detected change in 'C:\\Users\\Dickson\\AppData\\Local\\Packages\\PythonSoftwareFoundation.Python.3.13_qbz5n2kfra8p0\\LocalCache\\local-packages\\Python313\\site-packages\\xlsxwriter\\theme.py', reloading
2025-04-28 22:45:44,154 - werkzeug - INFO -  * Detected change in 'C:\\Users\\Dickson\\AppData\\Local\\Packages\\PythonSoftwareFoundation.Python.3.13_qbz5n2kfra8p0\\LocalCache\\local-packages\\Python313\\site-packages\\xlsxwriter\\theme.py', reloading
2025-04-28 22:45:44,156 - werkzeug - INFO -  * Detected change in 'C:\\Users\\Dickson\\AppData\\Local\\Packages\\PythonSoftwareFoundation.Python.3.13_qbz5n2kfra8p0\\LocalCache\\local-packages\\Python313\\site-packages\\xlsxwriter\\url.py', reloading
2025-04-28 22:45:44,157 - werkzeug - INFO -  * Detected change in 'C:\\Users\\Dickson\\AppData\\Local\\Packages\\PythonSoftwareFoundation.Python.3.13_qbz5n2kfra8p0\\LocalCache\\local-packages\\Python313\\site-packages\\xlsxwriter\\url.py', reloading
2025-04-28 22:45:44,159 - werkzeug - INFO -  * Detected change in 'C:\\Users\\Dickson\\AppData\\Local\\Packages\\PythonSoftwareFoundation.Python.3.13_qbz5n2kfra8p0\\LocalCache\\local-packages\\Python313\\site-packages\\xlsxwriter\\utility.py', reloading
2025-04-28 22:45:44,160 - werkzeug - INFO -  * Detected change in 'C:\\Users\\Dickson\\AppData\\Local\\Packages\\PythonSoftwareFoundation.Python.3.13_qbz5n2kfra8p0\\LocalCache\\local-packages\\Python313\\site-packages\\xlsxwriter\\utility.py', reloading
2025-04-28 22:45:44,162 - werkzeug - INFO -  * Detected change in 'C:\\Users\\Dickson\\AppData\\Local\\Packages\\PythonSoftwareFoundation.Python.3.13_qbz5n2kfra8p0\\LocalCache\\local-packages\\Python313\\site-packages\\xlsxwriter\\vml.py', reloading
2025-04-28 22:45:44,163 - werkzeug - INFO -  * Detected change in 'C:\\Users\\Dickson\\AppData\\Local\\Packages\\PythonSoftwareFoundation.Python.3.13_qbz5n2kfra8p0\\LocalCache\\local-packages\\Python313\\site-packages\\xlsxwriter\\vml.py', reloading
2025-04-28 22:45:44,164 - werkzeug - INFO -  * Detected change in 'C:\\Users\\Dickson\\AppData\\Local\\Packages\\PythonSoftwareFoundation.Python.3.13_qbz5n2kfra8p0\\LocalCache\\local-packages\\Python313\\site-packages\\xlsxwriter\\workbook.py', reloading
2025-04-28 22:45:44,166 - werkzeug - INFO -  * Detected change in 'C:\\Users\\Dickson\\AppData\\Local\\Packages\\PythonSoftwareFoundation.Python.3.13_qbz5n2kfra8p0\\LocalCache\\local-packages\\Python313\\site-packages\\xlsxwriter\\workbook.py', reloading
2025-04-28 22:45:44,167 - werkzeug - INFO -  * Detected change in 'C:\\Users\\Dickson\\AppData\\Local\\Packages\\PythonSoftwareFoundation.Python.3.13_qbz5n2kfra8p0\\LocalCache\\local-packages\\Python313\\site-packages\\xlsxwriter\\worksheet.py', reloading
2025-04-28 22:45:44,169 - werkzeug - INFO -  * Detected change in 'C:\\Users\\Dickson\\AppData\\Local\\Packages\\PythonSoftwareFoundation.Python.3.13_qbz5n2kfra8p0\\LocalCache\\local-packages\\Python313\\site-packages\\xlsxwriter\\worksheet.py', reloading
2025-04-28 22:45:44,171 - werkzeug - INFO -  * Detected change in 'C:\\Users\\Dickson\\AppData\\Local\\Packages\\PythonSoftwareFoundation.Python.3.13_qbz5n2kfra8p0\\LocalCache\\local-packages\\Python313\\site-packages\\xlsxwriter\\xmlwriter.py', reloading
2025-04-28 22:45:44,172 - werkzeug - INFO -  * Detected change in 'C:\\Users\\Dickson\\AppData\\Local\\Packages\\PythonSoftwareFoundation.Python.3.13_qbz5n2kfra8p0\\LocalCache\\local-packages\\Python313\\site-packages\\xlsxwriter\\xmlwriter.py', reloading
2025-04-28 22:45:45,245 - werkzeug - INFO -  * Restarting with watchdog (windowsapi)
2025-04-28 22:45:50,037 - __main__ - WARNING - Transformers library not found. ML-based summarization will not be available.
2025-04-28 22:45:52,857 - __main__ - INFO - NLTK initialized successfully
2025-04-28 22:45:52,863 - __main__ - INFO - Loading knowledge base from knowledge_base.json
2025-04-28 22:45:52,876 - __main__ - INFO - Starting Akoo PDF Summarization Chatbot
2025-04-28 22:45:52,906 - werkzeug - WARNING -  * Debugger is active!
2025-04-28 22:45:52,917 - werkzeug - INFO -  * Debugger PIN: 321-018-428
2025-04-28 22:45:57,551 - werkzeug - INFO -  * Detected change in 'c:\\Users\\Dickson\\OneDrive\\Desktop\\Chat bot\\pdf_processor.py', reloading
2025-04-28 22:45:59,026 - werkzeug - INFO -  * Restarting with watchdog (windowsapi)
2025-04-28 22:46:03,902 - __main__ - WARNING - Transformers library not found. ML-based summarization will not be available.
2025-04-28 22:46:10,062 - __main__ - INFO - NLTK initialized successfully
2025-04-28 22:46:10,069 - __main__ - INFO - Loading knowledge base from knowledge_base.json
2025-04-28 22:46:10,082 - __main__ - INFO - Starting Akoo PDF Summarization Chatbot
2025-04-28 22:46:10,133 - werkzeug - WARNING -  * Debugger is active!
2025-04-28 22:46:10,156 - werkzeug - INFO -  * Debugger PIN: 321-018-428
